x,y,h,is_building
1.000,1.000,1.39831,0
3.000,1.000,1.39065,0
5.000,1.000,1.39068,0
7.000,1.000,1.39070,0
9.000,1.000,1.39067,0
11.000,1.000,1.39058,0
13.000,1.000,1.39039,0
15.000,1.000,1.39009,0
17.000,1.000,1.38964,0
19.000,1.000,1.38900,0
21.000,1.000,1.38811,0
23.000,1.000,1.38691,0
25.000,1.000,1.38530,0
27.000,1.000,1.38320,0
29.000,1.000,1.38050,0
31.000,1.000,1.37710,0
33.000,1.000,1.37292,0
35.000,1.000,1.36785,0
37.000,1.000,1.36184,0
39.000,1.000,1.35482,0
41.000,1.000,1.34678,0
43.000,1.000,1.33774,0
45.000,1.000,1.32777,0
47.000,1.000,1.31696,0
49.000,1.000,1.30546,0
51.000,1.000,1.29341,0
53.000,1.000,1.28094,0
55.000,1.000,1.26816,0
57.000,1.000,1.25525,0
59.000,1.000,1.24228,0
61.000,1.000,1.22933,0
63.000,1.000,1.21666,0
65.000,1.000,1.20413,0
67.000,1.000,1.19160,0
69.000,1.000,1.17925,0
71.000,1.000,1.16718,0
73.000,1.000,1.15518,0
75.000,1.000,1.14320,0
77.000,1.000,1.13143,0
79.000,1.000,1.11989,0
81.000,1.000,1.10839,0
83.000,1.000,1.09691,0
85.000,1.000,1.08571,0
87.000,1.000,1.07474,0
89.000,1.000,1.06376,0
91.000,1.000,1.05294,0
93.000,1.000,1.04252,0
95.000,1.000,1.03221,0
97.000,1.000,1.02193,0
99.000,1.000,1.01202,0
101.000,1.000,1.00248,0
103.000,1.000,0.99296,0
105.000,1.000,0.98354,0
107.000,1.000,0.97463,0
109.000,1.000,0.96604,0
111.000,1.000,0.95742,0
113.000,1.000,0.94902,0
115.000,1.000,0.94105,0
117.000,1.000,0.93324,0
119.000,1.000,0.92539,0
121.000,1.000,0.91765,0
123.000,1.000,0.91001,0
125.000,1.000,0.90229,0
127.000,1.000,0.89428,0
129.000,1.000,0.88598,0
131.000,1.000,0.88467,0
133.000,1.000,0.93623,0
135.000,1.000,1.15834,0
137.000,1.000,1.29835,0
139.000,1.000,1.32972,0
141.000,1.000,1.30356,0
143.000,1.000,1.26074,0
145.000,1.000,1.22577,0
147.000,1.000,1.19059,0
149.000,1.000,1.15266,0
151.000,1.000,1.11217,0
153.000,1.000,1.06971,0
155.000,1.000,1.02556,0
157.000,1.000,0.97962,0
159.000,1.000,0.93284,0
161.000,1.000,0.88787,0
163.000,1.000,0.84371,0
165.000,1.000,0.80273,0
167.000,1.000,0.76679,0
169.000,1.000,0.73463,0
171.000,1.000,0.70469,0
173.000,1.000,0.67743,0
175.000,1.000,0.65334,0
177.000,1.000,0.63100,0
179.000,1.000,0.60929,0
181.000,1.000,0.58751,0
183.000,1.000,0.56515,0
185.000,1.000,0.54177,0
187.000,1.000,0.51693,0
189.000,1.000,0.49039,0
191.000,1.000,0.46187,0
193.000,1.000,0.43092,0
195.000,1.000,0.39645,0
197.000,1.000,0.35629,0
199.000,1.000,0.30576,0
201.000,1.000,0.23116,0
203.000,1.000,0.10753,0
205.000,1.000,0.01487,0
207.000,1.000,0.00051,0
209.000,1.000,0.00000,0
211.000,1.000,0.00000,0
213.000,1.000,0.00000,0
215.000,1.000,0.00000,0
217.000,1.000,0.00000,0
219.000,1.000,0.00000,0
221.000,1.000,0.00000,0
223.000,1.000,0.00000,0
225.000,1.000,0.00000,0
227.000,1.000,0.00000,0
229.000,1.000,0.00000,0
231.000,1.000,0.00000,0
233.000,1.000,0.00000,0
235.000,1.000,0.00000,0
237.000,1.000,0.00000,0
239.000,1.000,0.00000,0
241.000,1.000,0.00000,0
243.000,1.000,0.00000,0
245.000,1.000,0.00000,0
247.000,1.000,0.00000,0
249.000,1.000,0.00000,0
251.000,1.000,0.00000,0
253.000,1.000,0.00000,0
255.000,1.000,0.00000,0
257.000,1.000,0.00000,0
259.000,1.000,0.00000,0
261.000,1.000,0.00000,0
263.000,1.000,0.00000,0
265.000,1.000,0.00000,0
267.000,1.000,0.00000,0
269.000,1.000,0.00000,0
271.000,1.000,0.00000,0
273.000,1.000,0.00000,0
275.000,1.000,0.00000,0
277.000,1.000,0.00000,0
279.000,1.000,0.00000,0
281.000,1.000,0.00000,0
283.000,1.000,0.00000,0
285.000,1.000,0.00000,0
287.000,1.000,0.00000,0
289.000,1.000,0.00000,0
291.000,1.000,0.00000,0
293.000,1.000,0.00000,0
295.000,1.000,0.00000,0
297.000,1.000,0.00000,0
299.000,1.000,0.00000,0
301.000,1.000,0.00000,0
303.000,1.000,0.00000,0
305.000,1.000,0.00000,0
307.000,1.000,0.00000,0
309.000,1.000,0.00000,0
311.000,1.000,0.00000,0
313.000,1.000,0.00000,0
315.000,1.000,0.00000,0
317.000,1.000,0.00000,0
319.000,1.000,0.00000,0
321.000,1.000,0.00000,0
323.000,1.000,0.00000,0
325.000,1.000,0.00000,0
327.000,1.000,0.00000,0
329.000,1.000,0.00000,0
331.000,1.000,0.00000,0
333.000,1.000,0.00000,0
335.000,1.000,0.00000,0
337.000,1.000,0.00000,0
339.000,1.000,0.00000,0
341.000,1.000,0.00000,0
343.000,1.000,0.00000,0
345.000,1.000,0.00000,0
347.000,1.000,0.00000,0
349.000,1.000,0.00000,0
351.000,1.000,0.00000,0
353.000,1.000,0.00000,0
355.000,1.000,0.00000,0
357.000,1.000,0.00000,0
359.000,1.000,0.00000,0
361.000,1.000,0.00000,0
363.000,1.000,0.00000,0
365.000,1.000,0.00000,0
367.000,1.000,0.00000,0
369.000,1.000,0.00000,0
371.000,1.000,0.00000,0
373.000,1.000,0.00000,0
375.000,1.000,0.00000,0
377.000,1.000,0.00000,0
379.000,1.000,0.00000,0
381.000,1.000,0.00000,0
383.000,1.000,0.00000,0
385.000,1.000,0.00000,0
387.000,1.000,0.00000,0
389.000,1.000,0.00000,0
391.000,1.000,0.00000,0
393.000,1.000,0.00000,0
395.000,1.000,0.00000,0
397.000,1.000,0.00000,0
399.000,1.000,0.00000,0
401.000,1.000,0.00000,0
403.000,1.000,0.00000,0
405.000,1.000,0.00000,0
407.000,1.000,0.00000,0
409.000,1.000,0.00000,0
411.000,1.000,0.00000,0
413.000,1.000,0.00000,0
415.000,1.000,0.00000,0
417.000,1.000,0.00000,0
419.000,1.000,0.00000,0
421.000,1.000,0.00000,0
423.000,1.000,0.00000,0
425.000,1.000,0.00000,0
427.000,1.000,0.00000,0
429.000,1.000,0.00000,0
431.000,1.000,0.00000,0
433.000,1.000,0.00000,0
435.000,1.000,0.00000,0
437.000,1.000,0.00000,0
439.000,1.000,0.00000,0
441.000,1.000,0.00000,0
443.000,1.000,0.00000,0
445.000,1.000,0.00000,0
447.000,1.000,0.00000,0
449.000,1.000,0.00000,0
451.000,1.000,0.00000,0
453.000,1.000,0.00000,0
455.000,1.000,0.00000,0
457.000,1.000,0.00000,0
459.000,1.000,0.00000,0
461.000,1.000,0.00000,0
463.000,1.000,0.00000,0
465.000,1.000,0.00000,0
467.000,1.000,0.00000,0
469.000,1.000,0.00000,0
471.000,1.000,0.00000,0
473.000,1.000,0.00000,0
475.000,1.000,0.00000,0
477.000,1.000,0.00000,0
479.000,1.000,0.00000,0
481.000,1.000,0.00000,0
483.000,1.000,0.00000,0
485.000,1.000,0.00000,0
487.000,1.000,0.00000,0
489.000,1.000,0.00000,0
491.000,1.000,0.00000,0
493.000,1.000,0.00000,0
495.000,1.000,0.00000,0
497.000,1.000,0.00000,0
499.000,1.000,0.00000,0
1.000,3.000,1.39831,0
3.000,3.000,1.39065,0
5.000,3.000,1.39068,0
7.000,3.000,1.39070,0
9.000,3.000,1.39067,0
11.000,3.000,1.39058,0
13.000,3.000,1.39039,0
15.000,3.000,1.39009,0
17.000,3.000,1.38964,0
19.000,3.000,1.38900,0
21.000,3.000,1.38811,0
23.000,3.000,1.38691,0
25.000,3.000,1.38530,0
27.000,3.000,1.38320,0
29.000,3.000,1.38050,0
31.000,3.000,1.37710,0
33.000,3.000,1.37292,0
35.000,3.000,1.36785,0
37.000,3.000,1.36184,0
39.000,3.000,1.35482,0
41.000,3.000,1.34678,0
43.000,3.000,1.33774,0
45.000,3.000,1.32777,0
47.000,3.000,1.31696,0
49.000,3.000,1.30546,0
51.000,3.000,1.29341,0
53.000,3.000,1.28094,0
55.000,3.000,1.26816,0
57.000,3.000,1.25525,0
59.000,3.000,1.24228,0
61.000,3.000,1.22933,0
63.000,3.000,1.21666,0
65.000,3.000,1.20413,0
67.000,3.000,1.19160,0
69.000,3.000,1.17925,0
71.000,3.000,1.16718,0
73.000,3.000,1.15518,0
75.000,3.000,1.14320,0
77.000,3.000,1.13143,0
79.000,3.000,1.11989,0
81.000,3.000,1.10839,0
83.000,3.000,1.09691,0
85.000,3.000,1.08571,0
87.000,3.000,1.07474,0
89.000,3.000,1.06376,0
91.000,3.000,1.05294,0
93.000,3.000,1.04252,0
95.000,3.000,1.03221,0
97.000,3.000,1.02193,0
99.000,3.000,1.01202,0
101.000,3.000,1.00248,0
103.000,3.000,0.99296,0
105.000,3.000,0.98354,0
107.000,3.000,0.97463,0
109.000,3.000,0.96604,0
111.000,3.000,0.95742,0
113.000,3.000,0.94902,0
115.000,3.000,0.94105,0
117.000,3.000,0.93324,0
119.000,3.000,0.92539,0
121.000,3.000,0.91766,0
123.000,3.000,0.90997,0
125.000,3.000,0.90215,0
127.000,3.000,0.89420,0
129.000,3.000,0.88745,0
131.000,3.000,0.89744,0
133.000,3.000,0.99009,0
135.000,3.000,1.16370,0
137.000,3.000,1.26835,0
139.000,3.000,1.30692,0
141.000,3.000,1.29911,0
143.000,3.000,1.26711,0
145.000,3.000,1.23143,0
147.000,3.000,1.19621,0
149.000,3.000,1.15629,0
151.000,3.000,1.11350,0
153.000,3.000,1.06874,0
155.000,3.000,1.02190,0
157.000,3.000,0.97351,0
159.000,3.000,0.92558,0
161.000,3.000,0.87761,0
163.000,3.000,0.83401,0
165.000,3.000,0.79395,0
167.000,3.000,0.75884,0
169.000,3.000,0.72674,0
171.000,3.000,0.69745,0
173.000,3.000,0.67153,0
175.000,3.000,0.64808,0
177.000,3.000,0.62589,0
179.000,3.000,0.60377,0
181.000,3.000,0.58136,0
183.000,3.000,0.55837,0
185.000,3.000,0.53453,0
187.000,3.000,0.50947,0
189.000,3.000,0.48291,0
191.000,3.000,0.45454,0
193.000,3.000,0.42385,0
195.000,3.000,0.38972,0
197.000,3.000,0.34947,0
199.000,3.000,0.29789,0
201.000,3.000,0.21944,0
203.000,3.000,0.09215,0
205.000,3.000,0.01059,0
207.000,3.000,0.00043,0
209.000,3.000,0.00000,0
211.000,3.000,0.00000,0
213.000,3.000,0.00000,0
215.000,3.000,0.00000,0
217.000,3.000,0.00000,0
219.000,3.000,0.00000,0
221.000,3.000,0.00000,0
223.000,3.000,0.00000,0
225.000,3.000,0.00000,0
227.000,3.000,0.00000,0
229.000,3.000,0.00000,0
231.000,3.000,0.00000,0
233.000,3.000,0.00000,0
235.000,3.000,0.00000,0
237.000,3.000,0.00000,0
239.000,3.000,0.00000,0
241.000,3.000,0.00000,0
243.000,3.000,0.00000,0
245.000,3.000,0.00000,0
247.000,3.000,0.00000,0
249.000,3.000,0.00000,0
251.000,3.000,0.00000,0
253.000,3.000,0.00000,0
255.000,3.000,0.00000,0
257.000,3.000,0.00000,0
259.000,3.000,0.00000,0
261.000,3.000,0.00000,0
263.000,3.000,0.00000,0
265.000,3.000,0.00000,0
267.000,3.000,0.00000,0
269.000,3.000,0.00000,0
271.000,3.000,0.00000,0
273.000,3.000,0.00000,0
275.000,3.000,0.00000,0
277.000,3.000,0.00000,0
279.000,3.000,0.00000,0
281.000,3.000,0.00000,0
283.000,3.000,0.00000,0
285.000,3.000,0.00000,0
287.000,3.000,0.00000,0
289.000,3.000,0.00000,0
291.000,3.000,0.00000,0
293.000,3.000,0.00000,0
295.000,3.000,0.00000,0
297.000,3.000,0.00000,0
299.000,3.000,0.00000,0
301.000,3.000,0.00000,0
303.000,3.000,0.00000,0
305.000,3.000,0.00000,0
307.000,3.000,0.00000,0
309.000,3.000,0.00000,0
311.000,3.000,0.00000,0
313.000,3.000,0.00000,0
315.000,3.000,0.00000,0
317.000,3.000,0.00000,0
319.000,3.000,0.00000,0
321.000,3.000,0.00000,0
323.000,3.000,0.00000,0
325.000,3.000,0.00000,0
327.000,3.000,0.00000,0
329.000,3.000,0.00000,0
331.000,3.000,0.00000,0
333.000,3.000,0.00000,0
335.000,3.000,0.00000,0
337.000,3.000,0.00000,0
339.000,3.000,0.00000,0
341.000,3.000,0.00000,0
343.000,3.000,0.00000,0
345.000,3.000,0.00000,0
347.000,3.000,0.00000,0
349.000,3.000,0.00000,0
351.000,3.000,0.00000,0
353.000,3.000,0.00000,0
355.000,3.000,0.00000,0
357.000,3.000,0.00000,0
359.000,3.000,0.00000,0
361.000,3.000,0.00000,0
363.000,3.000,0.00000,0
365.000,3.000,0.00000,0
367.000,3.000,0.00000,0
369.000,3.000,0.00000,0
371.000,3.000,0.00000,0
373.000,3.000,0.00000,0
375.000,3.000,0.00000,0
377.000,3.000,0.00000,0
379.000,3.000,0.00000,0
381.000,3.000,0.00000,0
383.000,3.000,0.00000,0
385.000,3.000,0.00000,0
387.000,3.000,0.00000,0
389.000,3.000,0.00000,0
391.000,3.000,0.00000,0
393.000,3.000,0.00000,0
395.000,3.000,0.00000,0
397.000,3.000,0.00000,0
399.000,3.000,0.00000,0
401.000,3.000,0.00000,0
403.000,3.000,0.00000,0
405.000,3.000,0.00000,0
407.000,3.000,0.00000,0
409.000,3.000,0.00000,0
411.000,3.000,0.00000,0
413.000,3.000,0.00000,0
415.000,3.000,0.00000,0
417.000,3.000,0.00000,0
419.000,3.000,0.00000,0
421.000,3.000,0.00000,0
423.000,3.000,0.00000,0
425.000,3.000,0.00000,0
427.000,3.000,0.00000,0
429.000,3.000,0.00000,0
431.000,3.000,0.00000,0
433.000,3.000,0.00000,0
435.000,3.000,0.00000,0
437.000,3.000,0.00000,0
439.000,3.000,0.00000,0
441.000,3.000,0.00000,0
443.000,3.000,0.00000,0
445.000,3.000,0.00000,0
447.000,3.000,0.00000,0
449.000,3.000,0.00000,0
451.000,3.000,0.00000,0
453.000,3.000,0.00000,0
455.000,3.000,0.00000,0
457.000,3.000,0.00000,0
459.000,3.000,0.00000,0
461.000,3.000,0.00000,0
463.000,3.000,0.00000,0
465.000,3.000,0.00000,0
467.000,3.000,0.00000,0
469.000,3.000,0.00000,0
471.000,3.000,0.00000,0
473.000,3.000,0.00000,0
475.000,3.000,0.00000,0
477.000,3.000,0.00000,0
479.000,3.000,0.00000,0
481.000,3.000,0.00000,0
483.000,3.000,0.00000,0
485.000,3.000,0.00000,0
487.000,3.000,0.00000,0
489.000,3.000,0.00000,0
491.000,3.000,0.00000,0
493.000,3.000,0.00000,0
495.000,3.000,0.00000,0
497.000,3.000,0.00000,0
499.000,3.000,0.00000,0
1.000,5.000,1.39831,0
3.000,5.000,1.39065,0
5.000,5.000,1.39068,0
7.000,5.000,1.39070,0
9.000,5.000,1.39067,0
11.000,5.000,1.39058,0
13.000,5.000,1.39039,0
15.000,5.000,1.39009,0
17.000,5.000,1.38964,0
19.000,5.000,1.38900,0
21.000,5.000,1.38811,0
23.000,5.000,1.38691,0
25.000,5.000,1.38530,0
27.000,5.000,1.38320,0
29.000,5.000,1.38050,0
31.000,5.000,1.37710,0
33.000,5.000,1.37292,0
35.000,5.000,1.36785,0
37.000,5.000,1.36184,0
39.000,5.000,1.35482,0
41.000,5.000,1.34678,0
43.000,5.000,1.33774,0
45.000,5.000,1.32777,0
47.000,5.000,1.31696,0
49.000,5.000,1.30546,0
51.000,5.000,1.29341,0
53.000,5.000,1.28094,0
55.000,5.000,1.26816,0
57.000,5.000,1.25525,0
59.000,5.000,1.24228,0
61.000,5.000,1.22933,0
63.000,5.000,1.21666,0
65.000,5.000,1.20413,0
67.000,5.000,1.19160,0
69.000,5.000,1.17925,0
71.000,5.000,1.16718,0
73.000,5.000,1.15518,0
75.000,5.000,1.14320,0
77.000,5.000,1.13143,0
79.000,5.000,1.11989,0
81.000,5.000,1.10839,0
83.000,5.000,1.09691,0
85.000,5.000,1.08571,0
87.000,5.000,1.07474,0
89.000,5.000,1.06376,0
91.000,5.000,1.05294,0
93.000,5.000,1.04252,0
95.000,5.000,1.03221,0
97.000,5.000,1.02193,0
99.000,5.000,1.01202,0
101.000,5.000,1.00248,0
103.000,5.000,0.99296,0
105.000,5.000,0.98354,0
107.000,5.000,0.97463,0
109.000,5.000,0.96604,0
111.000,5.000,0.95742,0
113.000,5.000,0.94902,0
115.000,5.000,0.94105,0
117.000,5.000,0.93324,0
119.000,5.000,0.92540,0
121.000,5.000,0.91766,0
123.000,5.000,0.90990,0
125.000,5.000,0.90203,0
127.000,5.000,0.89390,0
129.000,5.000,0.89322,0
131.000,5.000,0.93104,0
133.000,5.000,1.05546,0
135.000,5.000,1.15470,0
137.000,5.000,1.22193,0
139.000,5.000,1.26013,0
141.000,5.000,1.27268,0
143.000,5.000,1.26035,0
145.000,5.000,1.23189,0
147.000,5.000,1.19563,0
149.000,5.000,1.15279,0
151.000,5.000,1.10765,0
153.000,5.000,1.06045,0
155.000,5.000,1.01092,0
157.000,5.000,0.96057,0
159.000,5.000,0.91100,0
161.000,5.000,0.86497,0
163.000,5.000,0.82366,0
165.000,5.000,0.78640,0
167.000,5.000,0.75305,0
169.000,5.000,0.72277,0
171.000,5.000,0.69553,0
173.000,5.000,0.67139,0
175.000,5.000,0.64859,0
177.000,5.000,0.62627,0
179.000,5.000,0.60362,0
181.000,5.000,0.58038,0
183.000,5.000,0.55650,0
185.000,5.000,0.53189,0
187.000,5.000,0.50634,0
189.000,5.000,0.47947,0
191.000,5.000,0.45086,0
193.000,5.000,0.41987,0
195.000,5.000,0.38515,0
197.000,5.000,0.34373,0
199.000,5.000,0.28947,0
201.000,5.000,0.20451,0
203.000,5.000,0.07396,0
205.000,5.000,0.00667,0
207.000,5.000,0.00027,0
209.000,5.000,0.00000,0
211.000,5.000,0.00000,0
213.000,5.000,0.00000,0
215.000,5.000,0.00000,0
217.000,5.000,0.00000,0
219.000,5.000,0.00000,0
221.000,5.000,0.00000,0
223.000,5.000,0.00000,0
225.000,5.000,0.00000,0
227.000,5.000,0.00000,0
229.000,5.000,0.00000,0
231.000,5.000,0.00000,0
233.000,5.000,0.00000,0
235.000,5.000,0.00000,0
237.000,5.000,0.00000,0
239.000,5.000,0.00000,0
241.000,5.000,0.00000,0
243.000,5.000,0.00000,0
245.000,5.000,0.00000,0
247.000,5.000,0.00000,0
249.000,5.000,0.00000,0
251.000,5.000,0.00000,0
253.000,5.000,0.00000,0
255.000,5.000,0.00000,0
257.000,5.000,0.00000,0
259.000,5.000,0.00000,0
261.000,5.000,0.00000,0
263.000,5.000,0.00000,0
265.000,5.000,0.00000,0
267.000,5.000,0.00000,0
269.000,5.000,0.00000,0
271.000,5.000,0.00000,0
273.000,5.000,0.00000,0
275.000,5.000,0.00000,0
277.000,5.000,0.00000,0
279.000,5.000,0.00000,0
281.000,5.000,0.00000,0
283.000,5.000,0.00000,0
285.000,5.000,0.00000,0
287.000,5.000,0.00000,0
289.000,5.000,0.00000,0
291.000,5.000,0.00000,0
293.000,5.000,0.00000,0
295.000,5.000,0.00000,0
297.000,5.000,0.00000,0
299.000,5.000,0.00000,0
301.000,5.000,0.00000,0
303.000,5.000,0.00000,0
305.000,5.000,0.00000,0
307.000,5.000,0.00000,0
309.000,5.000,0.00000,0
311.000,5.000,0.00000,0
313.000,5.000,0.00000,0
315.000,5.000,0.00000,0
317.000,5.000,0.00000,0
319.000,5.000,0.00000,0
321.000,5.000,0.00000,0
323.000,5.000,0.00000,0
325.000,5.000,0.00000,0
327.000,5.000,0.00000,0
329.000,5.000,0.00000,0
331.000,5.000,0.00000,0
333.000,5.000,0.00000,0
335.000,5.000,0.00000,0
337.000,5.000,0.00000,0
339.000,5.000,0.00000,0
341.000,5.000,0.00000,0
343.000,5.000,0.00000,0
345.000,5.000,0.00000,0
347.000,5.000,0.00000,0
349.000,5.000,0.00000,0
351.000,5.000,0.00000,0
353.000,5.000,0.00000,0
355.000,5.000,0.00000,0
357.000,5.000,0.00000,0
359.000,5.000,0.00000,0
361.000,5.000,0.00000,0
363.000,5.000,0.00000,0
365.000,5.000,0.00000,0
367.000,5.000,0.00000,0
369.000,5.000,0.00000,0
371.000,5.000,0.00000,0
373.000,5.000,0.00000,0
375.000,5.000,0.00000,0
377.000,5.000,0.00000,0
379.000,5.000,0.00000,0
381.000,5.000,0.00000,0
383.000,5.000,0.00000,0
385.000,5.000,0.00000,0
387.000,5.000,0.00000,0
389.000,5.000,0.00000,0
391.000,5.000,0.00000,0
393.000,5.000,0.00000,0
395.000,5.000,0.00000,0
397.000,5.000,0.00000,0
399.000,5.000,0.00000,0
401.000,5.000,0.00000,0
403.000,5.000,0.00000,0
405.000,5.000,0.00000,0
407.000,5.000,0.00000,0
409.000,5.000,0.00000,0
411.000,5.000,0.00000,0
413.000,5.000,0.00000,0
415.000,5.000,0.00000,0
417.000,5.000,0.00000,0
419.000,5.000,0.00000,0
421.000,5.000,0.00000,0
423.000,5.000,0.00000,0
425.000,5.000,0.00000,0
427.000,5.000,0.00000,0
429.000,5.000,0.00000,0
431.000,5.000,0.00000,0
433.000,5.000,0.00000,0
435.000,5.000,0.00000,0
437.000,5.000,0.00000,0
439.000,5.000,0.00000,0
441.000,5.000,0.00000,0
443.000,5.000,0.00000,0
445.000,5.000,0.00000,0
447.000,5.000,0.00000,0
449.000,5.000,0.00000,0
451.000,5.000,0.00000,0
453.000,5.000,0.00000,0
455.000,5.000,0.00000,0
457.000,5.000,0.00000,0
459.000,5.000,0.00000,0
461.000,5.000,0.00000,0
463.000,5.000,0.00000,0
465.000,5.000,0.00000,0
467.000,5.000,0.00000,0
469.000,5.000,0.00000,0
471.000,5.000,0.00000,0
473.000,5.000,0.00000,0
475.000,5.000,0.00000,0
477.000,5.000,0.00000,0
479.000,5.000,0.00000,0
481.000,5.000,0.00000,0
483.000,5.000,0.00000,0
485.000,5.000,0.00000,0
487.000,5.000,0.00000,0
489.000,5.000,0.00000,0
491.000,5.000,0.00000,0
493.000,5.000,0.00000,0
495.000,5.000,0.00000,0
497.000,5.000,0.00000,0
499.000,5.000,0.00000,0
1.000,7.000,1.39831,0
3.000,7.000,1.39065,0
5.000,7.000,1.39068,0
7.000,7.000,1.39070,0
9.000,7.000,1.39067,0
11.000,7.000,1.39058,0
13.000,7.000,1.39039,0
15.000,7.000,1.39009,0
17.000,7.000,1.38964,0
19.000,7.000,1.38900,0
21.000,7.000,1.38811,0
23.000,7.000,1.38691,0
25.000,7.000,1.38530,0
27.000,7.000,1.38320,0
29.000,7.000,1.38050,0
31.000,7.000,1.37710,0
33.000,7.000,1.37292,0
35.000,7.000,1.36785,0
37.000,7.000,1.36184,0
39.000,7.000,1.35482,0
41.000,7.000,1.34678,0
43.000,7.000,1.33774,0
45.000,7.000,1.32777,0
47.000,7.000,1.31696,0
49.000,7.000,1.30546,0
51.000,7.000,1.29341,0
53.000,7.000,1.28094,0
55.000,7.000,1.26816,0
57.000,7.000,1.25525,0
59.000,7.000,1.24228,0
61.000,7.000,1.22933,0
63.000,7.000,1.21666,0
65.000,7.000,1.20413,0
67.000,7.000,1.19160,0
69.000,7.000,1.17925,0
71.000,7.000,1.16718,0
73.000,7.000,1.15518,0
75.000,7.000,1.14320,0
77.000,7.000,1.13143,0
79.000,7.000,1.11989,0
81.000,7.000,1.10839,0
83.000,7.000,1.09691,0
85.000,7.000,1.08571,0
87.000,7.000,1.07474,0
89.000,7.000,1.06376,0
91.000,7.000,1.05294,0
93.000,7.000,1.04252,0
95.000,7.000,1.03221,0
97.000,7.000,1.02193,0
99.000,7.000,1.01202,0
101.000,7.000,1.00248,0
103.000,7.000,0.99296,0
105.000,7.000,0.98354,0
107.000,7.000,0.97463,0
109.000,7.000,0.96604,0
111.000,7.000,0.95742,0
113.000,7.000,0.94901,0
115.000,7.000,0.94105,0
117.000,7.000,0.93324,0
119.000,7.000,0.92541,0
121.000,7.000,0.91763,0
123.000,7.000,0.90975,0
125.000,7.000,0.90187,0
127.000,7.000,0.89554,0
129.000,7.000,0.90737,0
131.000,7.000,1.00095,0
133.000,7.000,1.10643,0
135.000,7.000,1.14872,0
137.000,7.000,1.17762,0
139.000,7.000,1.20867,0
141.000,7.000,1.24119,0
143.000,7.000,1.24799,0
145.000,7.000,1.23201,0
147.000,7.000,1.19456,0
149.000,7.000,1.14686,0
151.000,7.000,1.09543,0
153.000,7.000,1.04283,0
155.000,7.000,0.98921,0
157.000,7.000,0.93614,0
159.000,7.000,0.88672,0
161.000,7.000,0.84362,0
163.000,7.000,0.80625,0
165.000,7.000,0.77334,0
167.000,7.000,0.74387,0
169.000,7.000,0.71705,0
171.000,7.000,0.69347,0
173.000,7.000,0.67103,0
175.000,7.000,0.64837,0
177.000,7.000,0.62522,0
179.000,7.000,0.60096,0
181.000,7.000,0.57586,0
183.000,7.000,0.55038,0
185.000,7.000,0.52464,0
187.000,7.000,0.49844,0
189.000,7.000,0.47130,0
191.000,7.000,0.44253,0
193.000,7.000,0.41126,0
195.000,7.000,0.37576,0
197.000,7.000,0.33296,0
199.000,7.000,0.27522,0
201.000,7.000,0.18147,0
203.000,7.000,0.05214,0
205.000,7.000,0.00335,0
207.000,7.000,0.00008,0
209.000,7.000,0.00000,0
211.000,7.000,0.00000,0
213.000,7.000,0.00000,0
215.000,7.000,0.00000,0
217.000,7.000,0.00000,0
219.000,7.000,0.00000,0
221.000,7.000,0.00000,0
223.000,7.000,0.00000,0
225.000,7.000,0.00000,0
227.000,7.000,0.00000,0
229.000,7.000,0.00000,0
231.000,7.000,0.00000,0
233.000,7.000,0.00000,0
235.000,7.000,0.00000,0
237.000,7.000,0.00000,0
239.000,7.000,0.00000,0
241.000,7.000,0.00000,0
243.000,7.000,0.00000,0
245.000,7.000,0.00000,0
247.000,7.000,0.00000,0
249.000,7.000,0.00000,0
251.000,7.000,0.00000,0
253.000,7.000,0.00000,0
255.000,7.000,0.00000,0
257.000,7.000,0.00000,0
259.000,7.000,0.00000,0
261.000,7.000,0.00000,0
263.000,7.000,0.00000,0
265.000,7.000,0.00000,0
267.000,7.000,0.00000,0
269.000,7.000,0.00000,0
271.000,7.000,0.00000,0
273.000,7.000,0.00000,0
275.000,7.000,0.00000,0
277.000,7.000,0.00000,0
279.000,7.000,0.00000,0
281.000,7.000,0.00000,0
283.000,7.000,0.00000,0
285.000,7.000,0.00000,0
287.000,7.000,0.00000,0
289.000,7.000,0.00000,0
291.000,7.000,0.00000,0
293.000,7.000,0.00000,0
295.000,7.000,0.00000,0
297.000,7.000,0.00000,0
299.000,7.000,0.00000,0
301.000,7.000,0.00000,0
303.000,7.000,0.00000,0
305.000,7.000,0.00000,0
307.000,7.000,0.00000,0
309.000,7.000,0.00000,0
311.000,7.000,0.00000,0
313.000,7.000,0.00000,0
315.000,7.000,0.00000,0
317.000,7.000,0.00000,0
319.000,7.000,0.00000,0
321.000,7.000,0.00000,0
323.000,7.000,0.00000,0
325.000,7.000,0.00000,0
327.000,7.000,0.00000,0
329.000,7.000,0.00000,0
331.000,7.000,0.00000,0
333.000,7.000,0.00000,0
335.000,7.000,0.00000,0
337.000,7.000,0.00000,0
339.000,7.000,0.00000,0
341.000,7.000,0.00000,0
343.000,7.000,0.00000,0
345.000,7.000,0.00000,0
347.000,7.000,0.00000,0
349.000,7.000,0.00000,0
351.000,7.000,0.00000,0
353.000,7.000,0.00000,0
355.000,7.000,0.00000,0
357.000,7.000,0.00000,0
359.000,7.000,0.00000,0
361.000,7.000,0.00000,0
363.000,7.000,0.00000,0
365.000,7.000,0.00000,0
367.000,7.000,0.00000,0
369.000,7.000,0.00000,0
371.000,7.000,0.00000,0
373.000,7.000,0.00000,0
375.000,7.000,0.00000,0
377.000,7.000,0.00000,0
379.000,7.000,0.00000,0
381.000,7.000,0.00000,0
383.000,7.000,0.00000,0
385.000,7.000,0.00000,0
387.000,7.000,0.00000,0
389.000,7.000,0.00000,0
391.000,7.000,0.00000,0
393.000,7.000,0.00000,0
395.000,7.000,0.00000,0
397.000,7.000,0.00000,0
399.000,7.000,0.00000,0
401.000,7.000,0.00000,0
403.000,7.000,0.00000,0
405.000,7.000,0.00000,0
407.000,7.000,0.00000,0
409.000,7.000,0.00000,0
411.000,7.000,0.00000,0
413.000,7.000,0.00000,0
415.000,7.000,0.00000,0
417.000,7.000,0.00000,0
419.000,7.000,0.00000,0
421.000,7.000,0.00000,0
423.000,7.000,0.00000,0
425.000,7.000,0.00000,0
427.000,7.000,0.00000,0
429.000,7.000,0.00000,0
431.000,7.000,0.00000,0
433.000,7.000,0.00000,0
435.000,7.000,0.00000,0
437.000,7.000,0.00000,0
439.000,7.000,0.00000,0
441.000,7.000,0.00000,0
443.000,7.000,0.00000,0
445.000,7.000,0.00000,0
447.000,7.000,0.00000,0
449.000,7.000,0.00000,0
451.000,7.000,0.00000,0
453.000,7.000,0.00000,0
455.000,7.000,0.00000,0
457.000,7.000,0.00000,0
459.000,7.000,0.00000,0
461.000,7.000,0.00000,0
463.000,7.000,0.00000,0
465.000,7.000,0.00000,0
467.000,7.000,0.00000,0
469.000,7.000,0.00000,0
471.000,7.000,0.00000,0
473.000,7.000,0.00000,0
475.000,7.000,0.00000,0
477.000,7.000,0.00000,0
479.000,7.000,0.00000,0
481.000,7.000,0.00000,0
483.000,7.000,0.00000,0
485.000,7.000,0.00000,0
487.000,7.000,0.00000,0
489.000,7.000,0.00000,0
491.000,7.000,0.00000,0
493.000,7.000,0.00000,0
495.000,7.000,0.00000,0
497.000,7.000,0.00000,0
499.000,7.000,0.00000,0
1.000,9.000,1.39831,0
3.000,9.000,1.39065,0
5.000,9.000,1.39068,0
7.000,9.000,1.39070,0
9.000,9.000,1.39067,0
11.000,9.000,1.39058,0
13.000,9.000,1.39039,0
15.000,9.000,1.39009,0
17.000,9.000,1.38964,0
19.000,9.000,1.38900,0
21.000,9.000,1.38811,0
23.000,9.000,1.38691,0
25.000,9.000,1.38530,0
27.000,9.000,1.38320,0
29.000,9.000,1.38050,0
31.000,9.000,1.37710,0
33.000,9.000,1.37292,0
35.000,9.000,1.36785,0
37.000,9.000,1.36184,0
39.000,9.000,1.35482,0
41.000,9.000,1.34678,0
43.000,9.000,1.33774,0
45.000,9.000,1.32777,0
47.000,9.000,1.31696,0
49.000,9.000,1.30546,0
51.000,9.000,1.29341,0
53.000,9.000,1.28094,0
55.000,9.000,1.26816,0
57.000,9.000,1.25525,0
59.000,9.000,1.24228,0
61.000,9.000,1.22933,0
63.000,9.000,1.21666,0
65.000,9.000,1.20413,0
67.000,9.000,1.19160,0
69.000,9.000,1.17925,0
71.000,9.000,1.16718,0
73.000,9.000,1.15518,0
75.000,9.000,1.14320,0
77.000,9.000,1.13143,0
79.000,9.000,1.11989,0
81.000,9.000,1.10839,0
83.000,9.000,1.09691,0
85.000,9.000,1.08571,0
87.000,9.000,1.07474,0
89.000,9.000,1.06376,0
91.000,9.000,1.05294,0
93.000,9.000,1.04252,0
95.000,9.000,1.03221,0
97.000,9.000,1.02193,0
99.000,9.000,1.01202,0
101.000,9.000,1.00248,0
103.000,9.000,0.99296,0
105.000,9.000,0.98354,0
107.000,9.000,0.97463,0
109.000,9.000,0.96604,0
111.000,9.000,0.95742,0
113.000,9.000,0.94901,0
115.000,9.000,0.94105,0
117.000,9.000,0.93323,0
119.000,9.000,0.92542,0
121.000,9.000,0.91757,0
123.000,9.000,0.90967,0
125.000,9.000,0.90154,0
127.000,9.000,0.90059,0
129.000,9.000,0.94344,0
131.000,9.000,1.06974,0
133.000,9.000,1.13671,0
135.000,9.000,1.15150,0
137.000,9.000,1.15873,0
139.000,9.000,1.16814,0
141.000,9.000,1.18749,0
143.000,9.000,1.20828,0
145.000,9.000,1.20229,0
147.000,9.000,1.17258,0
149.000,9.000,1.12502,0
151.000,9.000,1.06531,0
153.000,9.000,1.00857,0
155.000,9.000,0.95446,0
157.000,9.000,0.90240,0
159.000,9.000,0.85596,0
161.000,9.000,0.81832,0
163.000,9.000,0.78702,0
165.000,9.000,0.75943,0
167.000,9.000,0.73396,0
169.000,9.000,0.71192,0
171.000,9.000,0.69089,0
173.000,9.000,0.66913,0
175.000,9.000,0.64550,0
177.000,9.000,0.61994,0
179.000,9.000,0.59321,0
181.000,9.000,0.56592,0
183.000,9.000,0.53937,0
185.000,9.000,0.51334,0
187.000,9.000,0.48700,0
189.000,9.000,0.45991,0
191.000,9.000,0.43123,0
193.000,9.000,0.39973,0
195.000,9.000,0.36324,0
197.000,9.000,0.31822,0
199.000,9.000,0.25494,0
201.000,9.000,0.14836,0
203.000,9.000,0.03018,0
205.000,9.000,0.00134,0
207.000,9.000,0.00002,0
209.000,9.000,0.00000,0
211.000,9.000,0.00000,0
213.000,9.000,0.00000,0
215.000,9.000,0.00000,0
217.000,9.000,0.00000,0
219.000,9.000,0.00000,0
221.000,9.000,0.00000,0
223.000,9.000,0.00000,0
225.000,9.000,0.00000,0
227.000,9.000,0.00000,0
229.000,9.000,0.00000,0
231.000,9.000,0.00000,0
233.000,9.000,0.00000,0
235.000,9.000,0.00000,0
237.000,9.000,0.00000,0
239.000,9.000,0.00000,0
241.000,9.000,0.00000,0
243.000,9.000,0.00000,0
245.000,9.000,0.00000,0
247.000,9.000,0.00000,0
249.000,9.000,0.00000,0
251.000,9.000,0.00000,0
253.000,9.000,0.00000,0
255.000,9.000,0.00000,0
257.000,9.000,0.00000,0
259.000,9.000,0.00000,0
261.000,9.000,0.00000,0
263.000,9.000,0.00000,0
265.000,9.000,0.00000,0
267.000,9.000,0.00000,0
269.000,9.000,0.00000,0
271.000,9.000,0.00000,0
273.000,9.000,0.00000,0
275.000,9.000,0.00000,0
277.000,9.000,0.00000,0
279.000,9.000,0.00000,0
281.000,9.000,0.00000,0
283.000,9.000,0.00000,0
285.000,9.000,0.00000,0
287.000,9.000,0.00000,0
289.000,9.000,0.00000,0
291.000,9.000,0.00000,0
293.000,9.000,0.00000,0
295.000,9.000,0.00000,0
297.000,9.000,0.00000,0
299.000,9.000,0.00000,0
301.000,9.000,0.00000,0
303.000,9.000,0.00000,0
305.000,9.000,0.00000,0
307.000,9.000,0.00000,0
309.000,9.000,0.00000,0
311.000,9.000,0.00000,0
313.000,9.000,0.00000,0
315.000,9.000,0.00000,0
317.000,9.000,0.00000,0
319.000,9.000,0.00000,0
321.000,9.000,0.00000,0
323.000,9.000,0.00000,0
325.000,9.000,0.00000,0
327.000,9.000,0.00000,0
329.000,9.000,0.00000,0
331.000,9.000,0.00000,0
333.000,9.000,0.00000,0
335.000,9.000,0.00000,0
337.000,9.000,0.00000,0
339.000,9.000,0.00000,0
341.000,9.000,0.00000,0
343.000,9.000,0.00000,0
345.000,9.000,0.00000,0
347.000,9.000,0.00000,0
349.000,9.000,0.00000,0
351.000,9.000,0.00000,0
353.000,9.000,0.00000,0
355.000,9.000,0.00000,0
357.000,9.000,0.00000,0
359.000,9.000,0.00000,0
361.000,9.000,0.00000,0
363.000,9.000,0.00000,0
365.000,9.000,0.00000,0
367.000,9.000,0.00000,0
369.000,9.000,0.00000,0
371.000,9.000,0.00000,0
373.000,9.000,0.00000,0
375.000,9.000,0.00000,0
377.000,9.000,0.00000,0
379.000,9.000,0.00000,0
381.000,9.000,0.00000,0
383.000,9.000,0.00000,0
385.000,9.000,0.00000,0
387.000,9.000,0.00000,0
389.000,9.000,0.00000,0
391.000,9.000,0.00000,0
393.000,9.000,0.00000,0
395.000,9.000,0.00000,0
397.000,9.000,0.00000,0
399.000,9.000,0.00000,0
401.000,9.000,0.00000,0
403.000,9.000,0.00000,0
405.000,9.000,0.00000,0
407.000,9.000,0.00000,0
409.000,9.000,0.00000,0
411.000,9.000,0.00000,0
413.000,9.000,0.00000,0
415.000,9.000,0.00000,0
417.000,9.000,0.00000,0
419.000,9.000,0.00000,0
421.000,9.000,0.00000,0
423.000,9.000,0.00000,0
425.000,9.000,0.00000,0
427.000,9.000,0.00000,0
429.000,9.000,0.00000,0
431.000,9.000,0.00000,0
433.000,9.000,0.00000,0
435.000,9.000,0.00000,0
437.000,9.000,0.00000,0
439.000,9.000,0.00000,0
441.000,9.000,0.00000,0
443.000,9.000,0.00000,0
445.000,9.000,0.00000,0
447.000,9.000,0.00000,0
449.000,9.000,0.00000,0
451.000,9.000,0.00000,0
453.000,9.000,0.00000,0
455.000,9.000,0.00000,0
457.000,9.000,0.00000,0
459.000,9.000,0.00000,0
461.000,9.000,0.00000,0
463.000,9.000,0.00000,0
465.000,9.000,0.00000,0
467.000,9.000,0.00000,0
469.000,9.000,0.00000,0
471.000,9.000,0.00000,0
473.000,9.000,0.00000,0
475.000,9.000,0.00000,0
477.000,9.000,0.00000,0
479.000,9.000,0.00000,0
481.000,9.000,0.00000,0
483.000,9.000,0.00000,0
485.000,9.000,0.00000,0
487.000,9.000,0.00000,0
489.000,9.000,0.00000,0
491.000,9.000,0.00000,0
493.000,9.000,0.00000,0
495.000,9.000,0.00000,0
497.000,9.000,0.00000,0
499.000,9.000,0.00000,0
1.000,11.000,1.39831,0
3.000,11.000,1.39065,0
5.000,11.000,1.39068,0
7.000,11.000,1.39070,0
9.000,11.000,1.39067,0
11.000,11.000,1.39058,0
13.000,11.000,1.39039,0
15.000,11.000,1.39009,0
17.000,11.000,1.38964,0
19.000,11.000,1.38900,0
21.000,11.000,1.38811,0
23.000,11.000,1.38691,0
25.000,11.000,1.38530,0
27.000,11.000,1.38320,0
29.000,11.000,1.38050,0
31.000,11.000,1.37710,0
33.000,11.000,1.37292,0
35.000,11.000,1.36785,0
37.000,11.000,1.36184,0
39.000,11.000,1.35482,0
41.000,11.000,1.34678,0
43.000,11.000,1.33774,0
45.000,11.000,1.32777,0
47.000,11.000,1.31696,0
49.000,11.000,1.30546,0
51.000,11.000,1.29341,0
53.000,11.000,1.28094,0
55.000,11.000,1.26816,0
57.000,11.000,1.25525,0
59.000,11.000,1.24228,0
61.000,11.000,1.22933,0
63.000,11.000,1.21666,0
65.000,11.000,1.20413,0
67.000,11.000,1.19160,0
69.000,11.000,1.17925,0
71.000,11.000,1.16718,0
73.000,11.000,1.15518,0
75.000,11.000,1.14320,0
77.000,11.000,1.13143,0
79.000,11.000,1.11989,0
81.000,11.000,1.10839,0
83.000,11.000,1.09691,0
85.000,11.000,1.08571,0
87.000,11.000,1.07474,0
89.000,11.000,1.06376,0
91.000,11.000,1.05294,0
93.000,11.000,1.04252,0
95.000,11.000,1.03221,0
97.000,11.000,1.02193,0
99.000,11.000,1.01202,0
101.000,11.000,1.00248,0
103.000,11.000,0.99296,0
105.000,11.000,0.98354,0
107.000,11.000,0.97463,0
109.000,11.000,0.96604,0
111.000,11.000,0.95742,0
113.000,11.000,0.94901,0
115.000,11.000,0.94106,0
117.000,11.000,0.93323,0
119.000,11.000,0.92539,0
121.000,11.000,0.91743,0
123.000,11.000,0.90965,0
125.000,11.000,0.90243,0
127.000,11.000,0.91074,0
129.000,11.000,1.00152,0
131.000,11.000,1.11987,0
133.000,11.000,1.15736,0
135.000,11.000,1.15953,0
137.000,11.000,1.15784,0
139.000,11.000,1.15505,0
141.000,11.000,1.15581,0
143.000,11.000,1.15967,0
145.000,11.000,1.15955,0
147.000,11.000,1.14203,0
149.000,11.000,1.09742,0
151.000,11.000,1.02007,0
153.000,11.000,0.95460,0
155.000,11.000,0.90093,0
157.000,11.000,0.84749,0
159.000,11.000,0.81043,0
161.000,11.000,0.78533,0
163.000,11.000,0.76447,0
165.000,11.000,0.74442,0
167.000,11.000,0.72553,0
169.000,11.000,0.70730,0
171.000,11.000,0.68694,0
173.000,11.000,0.66337,0
175.000,11.000,0.63648,0
177.000,11.000,0.60728,0
179.000,11.000,0.57697,0
181.000,11.000,0.54798,0
183.000,11.000,0.52170,0
185.000,11.000,0.49588,0
187.000,11.000,0.46983,0
189.000,11.000,0.44306,0
191.000,11.000,0.41460,0
193.000,11.000,0.38302,0
195.000,11.000,0.34572,0
197.000,11.000,0.29790,0
199.000,11.000,0.22626,0
201.000,11.000,0.10499,0
203.000,11.000,0.01394,0
205.000,11.000,0.00052,0
207.000,11.000,0.00000,0
209.000,11.000,0.00000,0
211.000,11.000,0.00000,0
213.000,11.000,0.00000,0
215.000,11.000,0.00000,0
217.000,11.000,0.00000,0
219.000,11.000,0.00000,0
221.000,11.000,0.00000,0
223.000,11.000,0.00000,0
225.000,11.000,0.00000,0
227.000,11.000,0.00000,0
229.000,11.000,0.00000,0
231.000,11.000,0.00000,0
233.000,11.000,0.00000,0
235.000,11.000,0.00000,0
237.000,11.000,0.00000,0
239.000,11.000,0.00000,0
241.000,11.000,0.00000,0
243.000,11.000,0.00000,0
245.000,11.000,0.00000,0
247.000,11.000,0.00000,0
249.000,11.000,0.00000,0
251.000,11.000,0.00000,0
253.000,11.000,0.00000,0
255.000,11.000,0.00000,0
257.000,11.000,0.00000,0
259.000,11.000,0.00000,0
261.000,11.000,0.00000,0
263.000,11.000,0.00000,0
265.000,11.000,0.00000,0
267.000,11.000,0.00000,0
269.000,11.000,0.00000,0
271.000,11.000,0.00000,0
273.000,11.000,0.00000,0
275.000,11.000,0.00000,0
277.000,11.000,0.00000,0
279.000,11.000,0.00000,0
281.000,11.000,0.00000,0
283.000,11.000,0.00000,0
285.000,11.000,0.00000,0
287.000,11.000,0.00000,0
289.000,11.000,0.00000,0
291.000,11.000,0.00000,0
293.000,11.000,0.00000,0
295.000,11.000,0.00000,0
297.000,11.000,0.00000,0
299.000,11.000,0.00000,0
301.000,11.000,0.00000,0
303.000,11.000,0.00000,0
305.000,11.000,0.00000,0
307.000,11.000,0.00000,0
309.000,11.000,0.00000,0
311.000,11.000,0.00000,0
313.000,11.000,0.00000,0
315.000,11.000,0.00000,0
317.000,11.000,0.00000,0
319.000,11.000,0.00000,0
321.000,11.000,0.00000,0
323.000,11.000,0.00000,0
325.000,11.000,0.00000,0
327.000,11.000,0.00000,0
329.000,11.000,0.00000,0
331.000,11.000,0.00000,0
333.000,11.000,0.00000,0
335.000,11.000,0.00000,0
337.000,11.000,0.00000,0
339.000,11.000,0.00000,0
341.000,11.000,0.00000,0
343.000,11.000,0.00000,0
345.000,11.000,0.00000,0
347.000,11.000,0.00000,0
349.000,11.000,0.00000,0
351.000,11.000,0.00000,0
353.000,11.000,0.00000,0
355.000,11.000,0.00000,0
357.000,11.000,0.00000,0
359.000,11.000,0.00000,0
361.000,11.000,0.00000,0
363.000,11.000,0.00000,0
365.000,11.000,0.00000,0
367.000,11.000,0.00000,0
369.000,11.000,0.00000,0
371.000,11.000,0.00000,0
373.000,11.000,0.00000,0
375.000,11.000,0.00000,0
377.000,11.000,0.00000,0
379.000,11.000,0.00000,0
381.000,11.000,0.00000,0
383.000,11.000,0.00000,0
385.000,11.000,0.00000,0
387.000,11.000,0.00000,0
389.000,11.000,0.00000,0
391.000,11.000,0.00000,0
393.000,11.000,0.00000,0
395.000,11.000,0.00000,0
397.000,11.000,0.00000,0
399.000,11.000,0.00000,0
401.000,11.000,0.00000,0
403.000,11.000,0.00000,0
405.000,11.000,0.00000,0
407.000,11.000,0.00000,0
409.000,11.000,0.00000,0
411.000,11.000,0.00000,0
413.000,11.000,0.00000,0
415.000,11.000,0.00000,0
417.000,11.000,0.00000,0
419.000,11.000,0.00000,0
421.000,11.000,0.00000,0
423.000,11.000,0.00000,0
425.000,11.000,0.00000,0
427.000,11.000,0.00000,0
429.000,11.000,0.00000,0
431.000,11.000,0.00000,0
433.000,11.000,0.00000,0
435.000,11.000,0.00000,0
437.000,11.000,0.00000,0
439.000,11.000,0.00000,0
441.000,11.000,0.00000,0
443.000,11.000,0.00000,0
445.000,11.000,0.00000,0
447.000,11.000,0.00000,0
449.000,11.000,0.00000,0
451.000,11.000,0.00000,0
453.000,11.000,0.00000,0
455.000,11.000,0.00000,0
457.000,11.000,0.00000,0
459.000,11.000,0.00000,0
461.000,11.000,0.00000,0
463.000,11.000,0.00000,0
465.000,11.000,0.00000,0
467.000,11.000,0.00000,0
469.000,11.000,0.00000,0
471.000,11.000,0.00000,0
473.000,11.000,0.00000,0
475.000,11.000,0.00000,0
477.000,11.000,0.00000,0
479.000,11.000,0.00000,0
481.000,11.000,0.00000,0
483.000,11.000,0.00000,0
485.000,11.000,0.00000,0
487.000,11.000,0.00000,0
489.000,11.000,0.00000,0
491.000,11.000,0.00000,0
493.000,11.000,0.00000,0
495.000,11.000,0.00000,0
497.000,11.000,0.00000,0
499.000,11.000,0.00000,0
1.000,13.000,1.39831,0
3.000,13.000,1.39065,0
5.000,13.000,1.39068,0
7.000,13.000,1.39070,0
9.000,13.000,1.39067,0
11.000,13.000,1.39058,0
13.000,13.000,1.39039,0
15.000,13.000,1.39009,0
17.000,13.000,1.38964,0
19.000,13.000,1.38900,0
21.000,13.000,1.38811,0
23.000,13.000,1.38691,0
25.000,13.000,1.38530,0
27.000,13.000,1.38320,0
29.000,13.000,1.38050,0
31.000,13.000,1.37710,0
33.000,13.000,1.37292,0
35.000,13.000,1.36785,0
37.000,13.000,1.36184,0
39.000,13.000,1.35482,0
41.000,13.000,1.34678,0
43.000,13.000,1.33774,0
45.000,13.000,1.32777,0
47.000,13.000,1.31696,0
49.000,13.000,1.30546,0
51.000,13.000,1.29341,0
53.000,13.000,1.28094,0
55.000,13.000,1.26816,0
57.000,13.000,1.25525,0
59.000,13.000,1.24228,0
61.000,13.000,1.22933,0
63.000,13.000,1.21666,0
65.000,13.000,1.20413,0
67.000,13.000,1.19160,0
69.000,13.000,1.17925,0
71.000,13.000,1.16718,0
73.000,13.000,1.15518,0
75.000,13.000,1.14320,0
77.000,13.000,1.13143,0
79.000,13.000,1.11989,0
81.000,13.000,1.10839,0
83.000,13.000,1.09691,0
85.000,13.000,1.08571,0
87.000,13.000,1.07474,0
89.000,13.000,1.06376,0
91.000,13.000,1.05294,0
93.000,13.000,1.04252,0
95.000,13.000,1.03221,0
97.000,13.000,1.02193,0
99.000,13.000,1.01202,0
101.000,13.000,1.00248,0
103.000,13.000,0.99296,0
105.000,13.000,0.98354,0
107.000,13.000,0.97463,0
109.000,13.000,0.96604,0
111.000,13.000,0.95742,0
113.000,13.000,0.94901,0
115.000,13.000,0.94107,0
117.000,13.000,0.93323,0
119.000,13.000,0.92535,0
121.000,13.000,0.91731,0
123.000,13.000,0.90936,0
125.000,13.000,0.90529,0
127.000,13.000,0.93213,0
129.000,13.000,1.05974,0
131.000,13.000,1.15085,0
133.000,13.000,1.17091,0
135.000,13.000,1.16887,0
137.000,13.000,1.16422,0
139.000,13.000,1.15743,0
141.000,13.000,1.15170,0
143.000,13.000,1.14555,0
145.000,13.000,1.12980,0
147.000,13.000,1.10009,0
149.000,13.000,1.05156,0
151.000,13.000,0.93192,0
153.000,13.000,0.83890,0
155.000,13.000,0.79591,0
157.000,13.000,0.75863,0
159.000,13.000,0.74866,0
161.000,13.000,0.74569,0
163.000,13.000,0.73984,0
165.000,13.000,0.73041,0
167.000,13.000,0.71855,0
169.000,13.000,0.70273,0
171.000,13.000,0.67898,0
173.000,13.000,0.64895,0
175.000,13.000,0.61562,0
177.000,13.000,0.58169,0
179.000,13.000,0.54841,0
181.000,13.000,0.52062,0
183.000,13.000,0.49575,0
185.000,13.000,0.47090,0
187.000,13.000,0.44597,0
189.000,13.000,0.42051,0
191.000,13.000,0.39319,0
193.000,13.000,0.36191,0
195.000,13.000,0.32323,0
197.000,13.000,0.27079,0
199.000,13.000,0.18635,0
201.000,13.000,0.05979,0
203.000,13.000,0.00437,0
205.000,13.000,0.00013,0
207.000,13.000,0.00000,0
209.000,13.000,0.00000,0
211.000,13.000,0.00000,0
213.000,13.000,0.00000,0
215.000,13.000,0.00000,0
217.000,13.000,0.00000,0
219.000,13.000,0.00000,0
221.000,13.000,0.00000,0
223.000,13.000,0.00000,0
225.000,13.000,0.00000,0
227.000,13.000,0.00000,0
229.000,13.000,0.00000,0
231.000,13.000,0.00000,0
233.000,13.000,0.00000,0
235.000,13.000,0.00000,0
237.000,13.000,0.00000,0
239.000,13.000,0.00000,0
241.000,13.000,0.00000,0
243.000,13.000,0.00000,0
245.000,13.000,0.00000,0
247.000,13.000,0.00000,0
249.000,13.000,0.00000,0
251.000,13.000,0.00000,0
253.000,13.000,0.00000,0
255.000,13.000,0.00000,0
257.000,13.000,0.00000,0
259.000,13.000,0.00000,0
261.000,13.000,0.00000,0
263.000,13.000,0.00000,0
265.000,13.000,0.00000,0
267.000,13.000,0.00000,0
269.000,13.000,0.00000,0
271.000,13.000,0.00000,0
273.000,13.000,0.00000,0
275.000,13.000,0.00000,0
277.000,13.000,0.00000,0
279.000,13.000,0.00000,0
281.000,13.000,0.00000,0
283.000,13.000,0.00000,0
285.000,13.000,0.00000,0
287.000,13.000,0.00000,0
289.000,13.000,0.00000,0
291.000,13.000,0.00000,0
293.000,13.000,0.00000,0
295.000,13.000,0.00000,0
297.000,13.000,0.00000,0
299.000,13.000,0.00000,0
301.000,13.000,0.00000,0
303.000,13.000,0.00000,0
305.000,13.000,0.00000,0
307.000,13.000,0.00000,0
309.000,13.000,0.00000,0
311.000,13.000,0.00000,0
313.000,13.000,0.00000,0
315.000,13.000,0.00000,0
317.000,13.000,0.00000,0
319.000,13.000,0.00000,0
321.000,13.000,0.00000,0
323.000,13.000,0.00000,0
325.000,13.000,0.00000,0
327.000,13.000,0.00000,0
329.000,13.000,0.00000,0
331.000,13.000,0.00000,0
333.000,13.000,0.00000,0
335.000,13.000,0.00000,0
337.000,13.000,0.00000,0
339.000,13.000,0.00000,0
341.000,13.000,0.00000,0
343.000,13.000,0.00000,0
345.000,13.000,0.00000,0
347.000,13.000,0.00000,0
349.000,13.000,0.00000,0
351.000,13.000,0.00000,0
353.000,13.000,0.00000,0
355.000,13.000,0.00000,0
357.000,13.000,0.00000,0
359.000,13.000,0.00000,0
361.000,13.000,0.00000,0
363.000,13.000,0.00000,0
365.000,13.000,0.00000,0
367.000,13.000,0.00000,0
369.000,13.000,0.00000,0
371.000,13.000,0.00000,0
373.000,13.000,0.00000,0
375.000,13.000,0.00000,0
377.000,13.000,0.00000,0
379.000,13.000,0.00000,0
381.000,13.000,0.00000,0
383.000,13.000,0.00000,0
385.000,13.000,0.00000,0
387.000,13.000,0.00000,0
389.000,13.000,0.00000,0
391.000,13.000,0.00000,0
393.000,13.000,0.00000,0
395.000,13.000,0.00000,0
397.000,13.000,0.00000,0
399.000,13.000,0.00000,0
401.000,13.000,0.00000,0
403.000,13.000,0.00000,0
405.000,13.000,0.00000,0
407.000,13.000,0.00000,0
409.000,13.000,0.00000,0
411.000,13.000,0.00000,0
413.000,13.000,0.00000,0
415.000,13.000,0.00000,0
417.000,13.000,0.00000,0
419.000,13.000,0.00000,0
421.000,13.000,0.00000,0
423.000,13.000,0.00000,0
425.000,13.000,0.00000,0
427.000,13.000,0.00000,0
429.000,13.000,0.00000,0
431.000,13.000,0.00000,0
433.000,13.000,0.00000,0
435.000,13.000,0.00000,0
437.000,13.000,0.00000,0
439.000,13.000,0.00000,0
441.000,13.000,0.00000,0
443.000,13.000,0.00000,0
445.000,13.000,0.00000,0
447.000,13.000,0.00000,0
449.000,13.000,0.00000,0
451.000,13.000,0.00000,0
453.000,13.000,0.00000,0
455.000,13.000,0.00000,0
457.000,13.000,0.00000,0
459.000,13.000,0.00000,0
461.000,13.000,0.00000,0
463.000,13.000,0.00000,0
465.000,13.000,0.00000,0
467.000,13.000,0.00000,0
469.000,13.000,0.00000,0
471.000,13.000,0.00000,0
473.000,13.000,0.00000,0
475.000,13.000,0.00000,0
477.000,13.000,0.00000,0
479.000,13.000,0.00000,0
481.000,13.000,0.00000,0
483.000,13.000,0.00000,0
485.000,13.000,0.00000,0
487.000,13.000,0.00000,0
489.000,13.000,0.00000,0
491.000,13.000,0.00000,0
493.000,13.000,0.00000,0
495.000,13.000,0.00000,0
497.000,13.000,0.00000,0
499.000,13.000,0.00000,0
1.000,15.000,1.39831,0
3.000,15.000,1.39065,0
5.000,15.000,1.39068,0
7.000,15.000,1.39070,0
9.000,15.000,1.39067,0
11.000,15.000,1.39058,0
13.000,15.000,1.39039,0
15.000,15.000,1.39009,0
17.000,15.000,1.38964,0
19.000,15.000,1.38900,0
21.000,15.000,1.38811,0
23.000,15.000,1.38691,0
25.000,15.000,1.38530,0
27.000,15.000,1.38320,0
29.000,15.000,1.38050,0
31.000,15.000,1.37710,0
33.000,15.000,1.37292,0
35.000,15.000,1.36785,0
37.000,15.000,1.36184,0
39.000,15.000,1.35482,0
41.000,15.000,1.34678,0
43.000,15.000,1.33774,0
45.000,15.000,1.32777,0
47.000,15.000,1.31696,0
49.000,15.000,1.30546,0
51.000,15.000,1.29341,0
53.000,15.000,1.28094,0
55.000,15.000,1.26816,0
57.000,15.000,1.25525,0
59.000,15.000,1.24228,0
61.000,15.000,1.22933,0
63.000,15.000,1.21666,0
65.000,15.000,1.20413,0
67.000,15.000,1.19160,0
69.000,15.000,1.17925,0
71.000,15.000,1.16718,0
73.000,15.000,1.15518,0
75.000,15.000,1.14320,0
77.000,15.000,1.13143,0
79.000,15.000,1.11989,0
81.000,15.000,1.10839,0
83.000,15.000,1.09691,0
85.000,15.000,1.08571,0
87.000,15.000,1.07474,0
89.000,15.000,1.06376,0
91.000,15.000,1.05294,0
93.000,15.000,1.04252,0
95.000,15.000,1.03221,0
97.000,15.000,1.02193,0
99.000,15.000,1.01202,0
101.000,15.000,1.00248,0
103.000,15.000,0.99296,0
105.000,15.000,0.98355,0
107.000,15.000,0.97463,0
109.000,15.000,0.96604,0
111.000,15.000,0.95742,0
113.000,15.000,0.94902,0
115.000,15.000,0.94107,0
117.000,15.000,0.93323,0
119.000,15.000,0.92527,0
121.000,15.000,0.91738,0
123.000,15.000,0.90910,0
125.000,15.000,0.91046,0
127.000,15.000,0.96955,0
129.000,15.000,1.10565,0
131.000,15.000,1.16985,0
133.000,15.000,1.18124,0
135.000,15.000,1.17923,0
137.000,15.000,1.17466,0
139.000,15.000,1.16963,0
141.000,15.000,1.16092,0
143.000,15.000,1.15139,0
145.000,15.000,1.13226,0
147.000,15.000,1.09200,0
149.000,15.000,1.01918,0
151.000,15.000,0.82805,0
153.000,15.000,0.69964,0
155.000,15.000,0.64148,0
157.000,15.000,0.63626,0
159.000,15.000,0.66108,0
161.000,15.000,0.68852,0
163.000,15.000,0.70104,0
165.000,15.000,0.70415,0
167.000,15.000,0.70108,0
169.000,15.000,0.68822,0
171.000,15.000,0.65793,0
173.000,15.000,0.61583,0
175.000,15.000,0.57470,0
177.000,15.000,0.53769,0
179.000,15.000,0.50677,0
181.000,15.000,0.48277,0
183.000,15.000,0.46004,0
185.000,15.000,0.43826,0
187.000,15.000,0.41670,0
189.000,15.000,0.39373,0
191.000,15.000,0.36756,0
193.000,15.000,0.33569,0
195.000,15.000,0.29434,0
197.000,15.000,0.23464,0
199.000,15.000,0.13165,0
201.000,15.000,0.02411,0
203.000,15.000,0.00088,0
205.000,15.000,0.00001,0
207.000,15.000,0.00000,0
209.000,15.000,0.00000,0
211.000,15.000,0.00000,0
213.000,15.000,0.00000,0
215.000,15.000,0.00000,0
217.000,15.000,0.00000,0
219.000,15.000,0.00000,0
221.000,15.000,0.00000,0
223.000,15.000,0.00000,0
225.000,15.000,0.00000,0
227.000,15.000,0.00000,0
229.000,15.000,0.00000,0
231.000,15.000,0.00000,0
233.000,15.000,0.00000,0
235.000,15.000,0.00000,0
237.000,15.000,0.00000,0
239.000,15.000,0.00000,0
241.000,15.000,0.00000,0
243.000,15.000,0.00000,0
245.000,15.000,0.00000,0
247.000,15.000,0.00000,0
249.000,15.000,0.00000,0
251.000,15.000,0.00000,0
253.000,15.000,0.00000,0
255.000,15.000,0.00000,0
257.000,15.000,0.00000,0
259.000,15.000,0.00000,0
261.000,15.000,0.00000,0
263.000,15.000,0.00000,0
265.000,15.000,0.00000,0
267.000,15.000,0.00000,0
269.000,15.000,0.00000,0
271.000,15.000,0.00000,0
273.000,15.000,0.00000,0
275.000,15.000,0.00000,0
277.000,15.000,0.00000,0
279.000,15.000,0.00000,0
281.000,15.000,0.00000,0
283.000,15.000,0.00000,0
285.000,15.000,0.00000,0
287.000,15.000,0.00000,0
289.000,15.000,0.00000,0
291.000,15.000,0.00000,0
293.000,15.000,0.00000,0
295.000,15.000,0.00000,0
297.000,15.000,0.00000,0
299.000,15.000,0.00000,0
301.000,15.000,0.00000,0
303.000,15.000,0.00000,0
305.000,15.000,0.00000,0
307.000,15.000,0.00000,0
309.000,15.000,0.00000,0
311.000,15.000,0.00000,0
313.000,15.000,0.00000,0
315.000,15.000,0.00000,0
317.000,15.000,0.00000,0
319.000,15.000,0.00000,0
321.000,15.000,0.00000,0
323.000,15.000,0.00000,0
325.000,15.000,0.00000,0
327.000,15.000,0.00000,0
329.000,15.000,0.00000,0
331.000,15.000,0.00000,0
333.000,15.000,0.00000,0
335.000,15.000,0.00000,0
337.000,15.000,0.00000,0
339.000,15.000,0.00000,0
341.000,15.000,0.00000,0
343.000,15.000,0.00000,0
345.000,15.000,0.00000,0
347.000,15.000,0.00000,0
349.000,15.000,0.00000,0
351.000,15.000,0.00000,0
353.000,15.000,0.00000,0
355.000,15.000,0.00000,0
357.000,15.000,0.00000,0
359.000,15.000,0.00000,0
361.000,15.000,0.00000,0
363.000,15.000,0.00000,0
365.000,15.000,0.00000,0
367.000,15.000,0.00000,0
369.000,15.000,0.00000,0
371.000,15.000,0.00000,0
373.000,15.000,0.00000,0
375.000,15.000,0.00000,0
377.000,15.000,0.00000,0
379.000,15.000,0.00000,0
381.000,15.000,0.00000,0
383.000,15.000,0.00000,0
385.000,15.000,0.00000,0
387.000,15.000,0.00000,0
389.000,15.000,0.00000,0
391.000,15.000,0.00000,0
393.000,15.000,0.00000,0
395.000,15.000,0.00000,0
397.000,15.000,0.00000,0
399.000,15.000,0.00000,0
401.000,15.000,0.00000,0
403.000,15.000,0.00000,0
405.000,15.000,0.00000,0
407.000,15.000,0.00000,0
409.000,15.000,0.00000,0
411.000,15.000,0.00000,0
413.000,15.000,0.00000,0
415.000,15.000,0.00000,0
417.000,15.000,0.00000,0
419.000,15.000,0.00000,0
421.000,15.000,0.00000,0
423.000,15.000,0.00000,0
425.000,15.000,0.00000,0
427.000,15.000,0.00000,0
429.000,15.000,0.00000,0
431.000,15.000,0.00000,0
433.000,15.000,0.00000,0
435.000,15.000,0.00000,0
437.000,15.000,0.00000,0
439.000,15.000,0.00000,0
441.000,15.000,0.00000,0
443.000,15.000,0.00000,0
445.000,15.000,0.00000,0
447.000,15.000,0.00000,0
449.000,15.000,0.00000,0
451.000,15.000,0.00000,0
453.000,15.000,0.00000,0
455.000,15.000,0.00000,0
457.000,15.000,0.00000,0
459.000,15.000,0.00000,0
461.000,15.000,0.00000,0
463.000,15.000,0.00000,0
465.000,15.000,0.00000,0
467.000,15.000,0.00000,0
469.000,15.000,0.00000,0
471.000,15.000,0.00000,0
473.000,15.000,0.00000,0
475.000,15.000,0.00000,0
477.000,15.000,0.00000,0
479.000,15.000,0.00000,0
481.000,15.000,0.00000,0
483.000,15.000,0.00000,0
485.000,15.000,0.00000,0
487.000,15.000,0.00000,0
489.000,15.000,0.00000,0
491.000,15.000,0.00000,0
493.000,15.000,0.00000,0
495.000,15.000,0.00000,0
497.000,15.000,0.00000,0
499.000,15.000,0.00000,0
1.000,17.000,1.39831,0
3.000,17.000,1.39065,0
5.000,17.000,1.39068,0
7.000,17.000,1.39070,0
9.000,17.000,1.39067,0
11.000,17.000,1.39058,0
13.000,17.000,1.39039,0
15.000,17.000,1.39009,0
17.000,17.000,1.38964,0
19.000,17.000,1.38900,0
21.000,17.000,1.38811,0
23.000,17.000,1.38691,0
25.000,17.000,1.38530,0
27.000,17.000,1.38320,0
29.000,17.000,1.38050,0
31.000,17.000,1.37710,0
33.000,17.000,1.37292,0
35.000,17.000,1.36785,0
37.000,17.000,1.36184,0
39.000,17.000,1.35482,0
41.000,17.000,1.34678,0
43.000,17.000,1.33774,0
45.000,17.000,1.32777,0
47.000,17.000,1.31696,0
49.000,17.000,1.30546,0
51.000,17.000,1.29341,0
53.000,17.000,1.28094,0
55.000,17.000,1.26816,0
57.000,17.000,1.25525,0
59.000,17.000,1.24228,0
61.000,17.000,1.22933,0
63.000,17.000,1.21666,0
65.000,17.000,1.20413,0
67.000,17.000,1.19160,0
69.000,17.000,1.17925,0
71.000,17.000,1.16718,0
73.000,17.000,1.15518,0
75.000,17.000,1.14320,0
77.000,17.000,1.13143,0
79.000,17.000,1.11989,0
81.000,17.000,1.10839,0
83.000,17.000,1.09691,0
85.000,17.000,1.08571,0
87.000,17.000,1.07474,0
89.000,17.000,1.06376,0
91.000,17.000,1.05294,0
93.000,17.000,1.04252,0
95.000,17.000,1.03221,0
97.000,17.000,1.02193,0
99.000,17.000,1.01202,0
101.000,17.000,1.00248,0
103.000,17.000,0.99296,0
105.000,17.000,0.98354,0
107.000,17.000,0.97463,0
109.000,17.000,0.96604,0
111.000,17.000,0.95741,0
113.000,17.000,0.94903,0
115.000,17.000,0.94107,0
117.000,17.000,0.93321,0
119.000,17.000,0.92516,0
121.000,17.000,0.91738,0
123.000,17.000,0.90997,0
125.000,17.000,0.91806,0
127.000,17.000,1.01257,0
129.000,17.000,1.13889,0
131.000,17.000,1.18168,0
133.000,17.000,1.18963,0
135.000,17.000,1.18918,0
137.000,17.000,1.18818,0
139.000,17.000,1.18647,0
141.000,17.000,1.18264,0
143.000,17.000,1.17416,0
145.000,17.000,1.15212,0
147.000,17.000,1.10460,0
149.000,17.000,1.00696,0
151.000,17.000,0.71413,0
153.000,17.000,0.54458,0
155.000,17.000,0.48365,0
157.000,17.000,0.50567,0
159.000,17.000,0.56913,0
161.000,17.000,0.61960,0
163.000,17.000,0.64898,0
165.000,17.000,0.66668,0
167.000,17.000,0.67380,0
169.000,17.000,0.65882,0
171.000,17.000,0.60114,0
173.000,17.000,0.54400,0
175.000,17.000,0.50380,0
177.000,17.000,0.47259,0
179.000,17.000,0.45033,0
181.000,17.000,0.43330,0
183.000,17.000,0.41685,0
185.000,17.000,0.40078,0
187.000,17.000,0.38334,0
189.000,17.000,0.36269,0
191.000,17.000,0.33680,0
193.000,17.000,0.30314,0
195.000,17.000,0.25752,0
197.000,17.000,0.18561,0
199.000,17.000,0.06885,0
201.000,17.000,0.00591,0
203.000,17.000,0.00021,0
205.000,17.000,0.00000,0
207.000,17.000,0.00000,0
209.000,17.000,0.00000,0
211.000,17.000,0.00000,0
213.000,17.000,0.00000,0
215.000,17.000,0.00000,0
217.000,17.000,0.00000,0
219.000,17.000,0.00000,0
221.000,17.000,0.00000,0
223.000,17.000,0.00000,0
225.000,17.000,0.00000,0
227.000,17.000,0.00000,0
229.000,17.000,0.00000,0
231.000,17.000,0.00000,0
233.000,17.000,0.00000,0
235.000,17.000,0.00000,0
237.000,17.000,0.00000,0
239.000,17.000,0.00000,0
241.000,17.000,0.00000,0
243.000,17.000,0.00000,0
245.000,17.000,0.00000,0
247.000,17.000,0.00000,0
249.000,17.000,0.00000,0
251.000,17.000,0.00000,0
253.000,17.000,0.00000,0
255.000,17.000,0.00000,0
257.000,17.000,0.00000,0
259.000,17.000,0.00000,0
261.000,17.000,0.00000,0
263.000,17.000,0.00000,0
265.000,17.000,0.00000,0
267.000,17.000,0.00000,0
269.000,17.000,0.00000,0
271.000,17.000,0.00000,0
273.000,17.000,0.00000,0
275.000,17.000,0.00000,0
277.000,17.000,0.00000,0
279.000,17.000,0.00000,0
281.000,17.000,0.00000,0
283.000,17.000,0.00000,0
285.000,17.000,0.00000,0
287.000,17.000,0.00000,0
289.000,17.000,0.00000,0
291.000,17.000,0.00000,0
293.000,17.000,0.00000,0
295.000,17.000,0.00000,0
297.000,17.000,0.00000,0
299.000,17.000,0.00000,0
301.000,17.000,0.00000,0
303.000,17.000,0.00000,0
305.000,17.000,0.00000,0
307.000,17.000,0.00000,0
309.000,17.000,0.00000,0
311.000,17.000,0.00000,0
313.000,17.000,0.00000,0
315.000,17.000,0.00000,0
317.000,17.000,0.00000,0
319.000,17.000,0.00000,0
321.000,17.000,0.00000,0
323.000,17.000,0.00000,0
325.000,17.000,0.00000,0
327.000,17.000,0.00000,0
329.000,17.000,0.00000,0
331.000,17.000,0.00000,0
333.000,17.000,0.00000,0
335.000,17.000,0.00000,0
337.000,17.000,0.00000,0
339.000,17.000,0.00000,0
341.000,17.000,0.00000,0
343.000,17.000,0.00000,0
345.000,17.000,0.00000,0
347.000,17.000,0.00000,0
349.000,17.000,0.00000,0
351.000,17.000,0.00000,0
353.000,17.000,0.00000,0
355.000,17.000,0.00000,0
357.000,17.000,0.00000,0
359.000,17.000,0.00000,0
361.000,17.000,0.00000,0
363.000,17.000,0.00000,0
365.000,17.000,0.00000,0
367.000,17.000,0.00000,0
369.000,17.000,0.00000,0
371.000,17.000,0.00000,0
373.000,17.000,0.00000,0
375.000,17.000,0.00000,0
377.000,17.000,0.00000,0
379.000,17.000,0.00000,0
381.000,17.000,0.00000,0
383.000,17.000,0.00000,0
385.000,17.000,0.00000,0
387.000,17.000,0.00000,0
389.000,17.000,0.00000,0
391.000,17.000,0.00000,0
393.000,17.000,0.00000,0
395.000,17.000,0.00000,0
397.000,17.000,0.00000,0
399.000,17.000,0.00000,0
401.000,17.000,0.00000,0
403.000,17.000,0.00000,0
405.000,17.000,0.00000,0
407.000,17.000,0.00000,0
409.000,17.000,0.00000,0
411.000,17.000,0.00000,0
413.000,17.000,0.00000,0
415.000,17.000,0.00000,0
417.000,17.000,0.00000,0
419.000,17.000,0.00000,0
421.000,17.000,0.00000,0
423.000,17.000,0.00000,0
425.000,17.000,0.00000,0
427.000,17.000,0.00000,0
429.000,17.000,0.00000,0
431.000,17.000,0.00000,0
433.000,17.000,0.00000,0
435.000,17.000,0.00000,0
437.000,17.000,0.00000,0
439.000,17.000,0.00000,0
441.000,17.000,0.00000,0
443.000,17.000,0.00000,0
445.000,17.000,0.00000,0
447.000,17.000,0.00000,0
449.000,17.000,0.00000,0
451.000,17.000,0.00000,0
453.000,17.000,0.00000,0
455.000,17.000,0.00000,0
457.000,17.000,0.00000,0
459.000,17.000,0.00000,0
461.000,17.000,0.00000,0
463.000,17.000,0.00000,0
465.000,17.000,0.00000,0
467.000,17.000,0.00000,0
469.000,17.000,0.00000,0
471.000,17.000,0.00000,0
473.000,17.000,0.00000,0
475.000,17.000,0.00000,0
477.000,17.000,0.00000,0
479.000,17.000,0.00000,0
481.000,17.000,0.00000,0
483.000,17.000,0.00000,0
485.000,17.000,0.00000,0
487.000,17.000,0.00000,0
489.000,17.000,0.00000,0
491.000,17.000,0.00000,0
493.000,17.000,0.00000,0
495.000,17.000,0.00000,0
497.000,17.000,0.00000,0
499.000,17.000,0.00000,0
1.000,19.000,1.39831,0
3.000,19.000,1.39065,0
5.000,19.000,1.39068,0
7.000,19.000,1.39070,0
9.000,19.000,1.39067,0
11.000,19.000,1.39058,0
13.000,19.000,1.39039,0
15.000,19.000,1.39009,0
17.000,19.000,1.38964,0
19.000,19.000,1.38900,0
21.000,19.000,1.38811,0
23.000,19.000,1.38691,0
25.000,19.000,1.38530,0
27.000,19.000,1.38320,0
29.000,19.000,1.38050,0
31.000,19.000,1.37710,0
33.000,19.000,1.37292,0
35.000,19.000,1.36785,0
37.000,19.000,1.36184,0
39.000,19.000,1.35482,0
41.000,19.000,1.34678,0
43.000,19.000,1.33774,0
45.000,19.000,1.32777,0
47.000,19.000,1.31696,0
49.000,19.000,1.30546,0
51.000,19.000,1.29341,0
53.000,19.000,1.28094,0
55.000,19.000,1.26816,0
57.000,19.000,1.25525,0
59.000,19.000,1.24228,0
61.000,19.000,1.22933,0
63.000,19.000,1.21666,0
65.000,19.000,1.20413,0
67.000,19.000,1.19160,0
69.000,19.000,1.17925,0
71.000,19.000,1.16718,0
73.000,19.000,1.15518,0
75.000,19.000,1.14320,0
77.000,19.000,1.13143,0
79.000,19.000,1.11989,0
81.000,19.000,1.10839,0
83.000,19.000,1.09691,0
85.000,19.000,1.08571,0
87.000,19.000,1.07474,0
89.000,19.000,1.06376,0
91.000,19.000,1.05294,0
93.000,19.000,1.04252,0
95.000,19.000,1.03221,0
97.000,19.000,1.02193,0
99.000,19.000,1.01202,0
101.000,19.000,1.00248,0
103.000,19.000,0.99296,0
105.000,19.000,0.98354,0
107.000,19.000,0.97463,0
109.000,19.000,0.96604,0
111.000,19.000,0.95741,0
113.000,19.000,0.94904,0
115.000,19.000,0.94107,0
117.000,19.000,0.93318,0
119.000,19.000,0.92505,0
121.000,19.000,0.91727,0
123.000,19.000,0.91152,0
125.000,19.000,0.92935,0
127.000,19.000,1.05343,0
129.000,19.000,1.16112,0
131.000,19.000,1.19056,0
133.000,19.000,1.19745,0
135.000,19.000,1.19919,0
137.000,19.000,1.20207,0
139.000,19.000,1.20800,0
141.000,19.000,1.21304,0
143.000,19.000,1.21205,0
145.000,19.000,1.19758,0
147.000,19.000,1.14535,0
149.000,19.000,0.99630,0
151.000,19.000,0.50322,0
153.000,19.000,0.32285,0
155.000,19.000,0.30852,0
157.000,19.000,0.40288,0
159.000,19.000,0.51868,0
161.000,19.000,0.57429,0
163.000,19.000,0.62011,0
165.000,19.000,0.65160,0
167.000,19.000,0.66458,0
169.000,19.000,0.63950,0
171.000,19.000,0.47737,0
173.000,19.000,0.42883,0
175.000,19.000,0.40453,0
177.000,19.000,0.39306,0
179.000,19.000,0.38573,0
181.000,19.000,0.37842,0
183.000,19.000,0.37029,0
185.000,19.000,0.36016,0
187.000,19.000,0.34605,0
189.000,19.000,0.32626,0
191.000,19.000,0.29920,0
193.000,19.000,0.26293,0
195.000,19.000,0.21061,0
197.000,19.000,0.11956,0
199.000,19.000,0.02117,0
201.000,19.000,0.00074,0
203.000,19.000,0.00001,0
205.000,19.000,0.00000,0
207.000,19.000,0.00000,0
209.000,19.000,0.00000,0
211.000,19.000,0.00000,0
213.000,19.000,0.00000,0
215.000,19.000,0.00000,0
217.000,19.000,0.00000,0
219.000,19.000,0.00000,0
221.000,19.000,0.00000,0
223.000,19.000,0.00000,0
225.000,19.000,0.00000,0
227.000,19.000,0.00000,0
229.000,19.000,0.00000,0
231.000,19.000,0.00000,0
233.000,19.000,0.00000,0
235.000,19.000,0.00000,0
237.000,19.000,0.00000,0
239.000,19.000,0.00000,0
241.000,19.000,0.00000,0
243.000,19.000,0.00000,0
245.000,19.000,0.00000,0
247.000,19.000,0.00000,0
249.000,19.000,0.00000,0
251.000,19.000,0.00000,0
253.000,19.000,0.00000,0
255.000,19.000,0.00000,0
257.000,19.000,0.00000,0
259.000,19.000,0.00000,0
261.000,19.000,0.00000,0
263.000,19.000,0.00000,0
265.000,19.000,0.00000,0
267.000,19.000,0.00000,0
269.000,19.000,0.00000,0
271.000,19.000,0.00000,0
273.000,19.000,0.00000,0
275.000,19.000,0.00000,0
277.000,19.000,0.00000,0
279.000,19.000,0.00000,0
281.000,19.000,0.00000,0
283.000,19.000,0.00000,0
285.000,19.000,0.00000,0
287.000,19.000,0.00000,0
289.000,19.000,0.00000,0
291.000,19.000,0.00000,0
293.000,19.000,0.00000,0
295.000,19.000,0.00000,0
297.000,19.000,0.00000,0
299.000,19.000,0.00000,0
301.000,19.000,0.00000,0
303.000,19.000,0.00000,0
305.000,19.000,0.00000,0
307.000,19.000,0.00000,0
309.000,19.000,0.00000,0
311.000,19.000,0.00000,0
313.000,19.000,0.00000,0
315.000,19.000,0.00000,0
317.000,19.000,0.00000,0
319.000,19.000,0.00000,0
321.000,19.000,0.00000,0
323.000,19.000,0.00000,0
325.000,19.000,0.00000,0
327.000,19.000,0.00000,0
329.000,19.000,0.00000,0
331.000,19.000,0.00000,0
333.000,19.000,0.00000,0
335.000,19.000,0.00000,0
337.000,19.000,0.00000,0
339.000,19.000,0.00000,0
341.000,19.000,0.00000,0
343.000,19.000,0.00000,0
345.000,19.000,0.00000,0
347.000,19.000,0.00000,0
349.000,19.000,0.00000,0
351.000,19.000,0.00000,0
353.000,19.000,0.00000,0
355.000,19.000,0.00000,0
357.000,19.000,0.00000,0
359.000,19.000,0.00000,0
361.000,19.000,0.00000,0
363.000,19.000,0.00000,0
365.000,19.000,0.00000,0
367.000,19.000,0.00000,0
369.000,19.000,0.00000,0
371.000,19.000,0.00000,0
373.000,19.000,0.00000,0
375.000,19.000,0.00000,0
377.000,19.000,0.00000,0
379.000,19.000,0.00000,0
381.000,19.000,0.00000,0
383.000,19.000,0.00000,0
385.000,19.000,0.00000,0
387.000,19.000,0.00000,0
389.000,19.000,0.00000,0
391.000,19.000,0.00000,0
393.000,19.000,0.00000,0
395.000,19.000,0.00000,0
397.000,19.000,0.00000,0
399.000,19.000,0.00000,0
401.000,19.000,0.00000,0
403.000,19.000,0.00000,0
405.000,19.000,0.00000,0
407.000,19.000,0.00000,0
409.000,19.000,0.00000,0
411.000,19.000,0.00000,0
413.000,19.000,0.00000,0
415.000,19.000,0.00000,0
417.000,19.000,0.00000,0
419.000,19.000,0.00000,0
421.000,19.000,0.00000,0
423.000,19.000,0.00000,0
425.000,19.000,0.00000,0
427.000,19.000,0.00000,0
429.000,19.000,0.00000,0
431.000,19.000,0.00000,0
433.000,19.000,0.00000,0
435.000,19.000,0.00000,0
437.000,19.000,0.00000,0
439.000,19.000,0.00000,0
441.000,19.000,0.00000,0
443.000,19.000,0.00000,0
445.000,19.000,0.00000,0
447.000,19.000,0.00000,0
449.000,19.000,0.00000,0
451.000,19.000,0.00000,0
453.000,19.000,0.00000,0
455.000,19.000,0.00000,0
457.000,19.000,0.00000,0
459.000,19.000,0.00000,0
461.000,19.000,0.00000,0
463.000,19.000,0.00000,0
465.000,19.000,0.00000,0
467.000,19.000,0.00000,0
469.000,19.000,0.00000,0
471.000,19.000,0.00000,0
473.000,19.000,0.00000,0
475.000,19.000,0.00000,0
477.000,19.000,0.00000,0
479.000,19.000,0.00000,0
481.000,19.000,0.00000,0
483.000,19.000,0.00000,0
485.000,19.000,0.00000,0
487.000,19.000,0.00000,0
489.000,19.000,0.00000,0
491.000,19.000,0.00000,0
493.000,19.000,0.00000,0
495.000,19.000,0.00000,0
497.000,19.000,0.00000,0
499.000,19.000,0.00000,0
1.000,21.000,1.39831,0
3.000,21.000,1.39065,0
5.000,21.000,1.39068,0
7.000,21.000,1.39070,0
9.000,21.000,1.39067,0
11.000,21.000,1.39058,0
13.000,21.000,1.39039,0
15.000,21.000,1.39009,0
17.000,21.000,1.38964,0
19.000,21.000,1.38900,0
21.000,21.000,1.38811,0
23.000,21.000,1.38691,0
25.000,21.000,1.38530,0
27.000,21.000,1.38320,0
29.000,21.000,1.38050,0
31.000,21.000,1.37710,0
33.000,21.000,1.37292,0
35.000,21.000,1.36785,0
37.000,21.000,1.36184,0
39.000,21.000,1.35482,0
41.000,21.000,1.34678,0
43.000,21.000,1.33774,0
45.000,21.000,1.32777,0
47.000,21.000,1.31696,0
49.000,21.000,1.30546,0
51.000,21.000,1.29341,0
53.000,21.000,1.28094,0
55.000,21.000,1.26816,0
57.000,21.000,1.25525,0
59.000,21.000,1.24228,0
61.000,21.000,1.22933,0
63.000,21.000,1.21666,0
65.000,21.000,1.20413,0
67.000,21.000,1.19160,0
69.000,21.000,1.17925,0
71.000,21.000,1.16718,0
73.000,21.000,1.15518,0
75.000,21.000,1.14320,0
77.000,21.000,1.13143,0
79.000,21.000,1.11989,0
81.000,21.000,1.10839,0
83.000,21.000,1.09691,0
85.000,21.000,1.08571,0
87.000,21.000,1.07474,0
89.000,21.000,1.06376,0
91.000,21.000,1.05294,0
93.000,21.000,1.04252,0
95.000,21.000,1.03221,0
97.000,21.000,1.02193,0
99.000,21.000,1.01202,0
101.000,21.000,1.00248,0
103.000,21.000,0.99296,0
105.000,21.000,0.98354,0
107.000,21.000,0.97463,0
109.000,21.000,0.96604,0
111.000,21.000,0.95741,0
113.000,21.000,0.94905,0
115.000,21.000,0.94107,0
117.000,21.000,0.93314,0
119.000,21.000,0.92499,0
121.000,21.000,0.91710,0
123.000,21.000,0.91355,0
125.000,21.000,0.94541,0
127.000,21.000,1.08473,0
129.000,21.000,1.17532,0
131.000,21.000,1.19796,0
133.000,21.000,1.20514,0
135.000,21.000,1.20992,0
137.000,21.000,1.21920,0
139.000,21.000,1.23225,0
141.000,21.000,1.24241,0
143.000,21.000,1.24887,0
145.000,21.000,1.25068,0
147.000,21.000,1.21742,0
149.000,21.000,1.22698,0
151.000,21.000,0.00000,1
153.000,21.000,0.00000,1
155.000,21.000,0.00000,1
157.000,21.000,0.00000,1
159.000,21.000,0.00000,1
161.000,21.000,0.00000,1
163.000,21.000,0.00000,1
165.000,21.000,0.00000,1
167.000,21.000,0.00000,1
169.000,21.000,0.00000,1
171.000,21.000,0.15605,0
173.000,21.000,0.23984,0
175.000,21.000,0.27133,0
177.000,21.000,0.29804,0
179.000,21.000,0.31321,0
181.000,21.000,0.31825,0
183.000,21.000,0.31875,0
185.000,21.000,0.31405,0
187.000,21.000,0.30214,0
189.000,21.000,0.28232,0
191.000,21.000,0.25414,0
193.000,21.000,0.21460,0
195.000,21.000,0.14873,0
197.000,21.000,0.04632,0
199.000,21.000,0.00286,0
201.000,21.000,0.00006,0
203.000,21.000,0.00000,0
205.000,21.000,0.00000,0
207.000,21.000,0.00000,0
209.000,21.000,0.00000,0
211.000,21.000,0.00000,0
213.000,21.000,0.00000,0
215.000,21.000,0.00000,0
217.000,21.000,0.00000,0
219.000,21.000,0.00000,0
221.000,21.000,0.00000,0
223.000,21.000,0.00000,0
225.000,21.000,0.00000,0
227.000,21.000,0.00000,0
229.000,21.000,0.00000,0
231.000,21.000,0.00000,0
233.000,21.000,0.00000,0
235.000,21.000,0.00000,0
237.000,21.000,0.00000,0
239.000,21.000,0.00000,0
241.000,21.000,0.00000,0
243.000,21.000,0.00000,0
245.000,21.000,0.00000,0
247.000,21.000,0.00000,0
249.000,21.000,0.00000,0
251.000,21.000,0.00000,1
253.000,21.000,0.00000,1
255.000,21.000,0.00000,1
257.000,21.000,0.00000,1
259.000,21.000,0.00000,1
261.000,21.000,0.00000,1
263.000,21.000,0.00000,1
265.000,21.000,0.00000,1
267.000,21.000,0.00000,1
269.000,21.000,0.00000,1
271.000,21.000,0.00000,0
273.000,21.000,0.00000,0
275.000,21.000,0.00000,0
277.000,21.000,0.00000,0
279.000,21.000,0.00000,0
281.000,21.000,0.00000,0
283.000,21.000,0.00000,0
285.000,21.000,0.00000,0
287.000,21.000,0.00000,0
289.000,21.000,0.00000,0
291.000,21.000,0.00000,0
293.000,21.000,0.00000,0
295.000,21.000,0.00000,0
297.000,21.000,0.00000,0
299.000,21.000,0.00000,0
301.000,21.000,0.00000,0
303.000,21.000,0.00000,0
305.000,21.000,0.00000,0
307.000,21.000,0.00000,0
309.000,21.000,0.00000,0
311.000,21.000,0.00000,0
313.000,21.000,0.00000,0
315.000,21.000,0.00000,0
317.000,21.000,0.00000,0
319.000,21.000,0.00000,0
321.000,21.000,0.00000,0
323.000,21.000,0.00000,0
325.000,21.000,0.00000,0
327.000,21.000,0.00000,0
329.000,21.000,0.00000,0
331.000,21.000,0.00000,0
333.000,21.000,0.00000,0
335.000,21.000,0.00000,0
337.000,21.000,0.00000,0
339.000,21.000,0.00000,0
341.000,21.000,0.00000,0
343.000,21.000,0.00000,0
345.000,21.000,0.00000,0
347.000,21.000,0.00000,0
349.000,21.000,0.00000,0
351.000,21.000,0.00000,0
353.000,21.000,0.00000,0
355.000,21.000,0.00000,0
357.000,21.000,0.00000,0
359.000,21.000,0.00000,0
361.000,21.000,0.00000,0
363.000,21.000,0.00000,0
365.000,21.000,0.00000,0
367.000,21.000,0.00000,0
369.000,21.000,0.00000,0
371.000,21.000,0.00000,0
373.000,21.000,0.00000,0
375.000,21.000,0.00000,0
377.000,21.000,0.00000,0
379.000,21.000,0.00000,0
381.000,21.000,0.00000,0
383.000,21.000,0.00000,0
385.000,21.000,0.00000,0
387.000,21.000,0.00000,0
389.000,21.000,0.00000,0
391.000,21.000,0.00000,0
393.000,21.000,0.00000,0
395.000,21.000,0.00000,0
397.000,21.000,0.00000,0
399.000,21.000,0.00000,0
401.000,21.000,0.00000,0
403.000,21.000,0.00000,0
405.000,21.000,0.00000,0
407.000,21.000,0.00000,0
409.000,21.000,0.00000,0
411.000,21.000,0.00000,0
413.000,21.000,0.00000,0
415.000,21.000,0.00000,0
417.000,21.000,0.00000,0
419.000,21.000,0.00000,0
421.000,21.000,0.00000,0
423.000,21.000,0.00000,0
425.000,21.000,0.00000,0
427.000,21.000,0.00000,0
429.000,21.000,0.00000,0
431.000,21.000,0.00000,0
433.000,21.000,0.00000,0
435.000,21.000,0.00000,0
437.000,21.000,0.00000,0
439.000,21.000,0.00000,0
441.000,21.000,0.00000,0
443.000,21.000,0.00000,0
445.000,21.000,0.00000,0
447.000,21.000,0.00000,0
449.000,21.000,0.00000,0
451.000,21.000,0.00000,0
453.000,21.000,0.00000,0
455.000,21.000,0.00000,0
457.000,21.000,0.00000,0
459.000,21.000,0.00000,0
461.000,21.000,0.00000,0
463.000,21.000,0.00000,0
465.000,21.000,0.00000,0
467.000,21.000,0.00000,0
469.000,21.000,0.00000,0
471.000,21.000,0.00000,0
473.000,21.000,0.00000,0
475.000,21.000,0.00000,0
477.000,21.000,0.00000,0
479.000,21.000,0.00000,0
481.000,21.000,0.00000,0
483.000,21.000,0.00000,0
485.000,21.000,0.00000,0
487.000,21.000,0.00000,0
489.000,21.000,0.00000,0
491.000,21.000,0.00000,0
493.000,21.000,0.00000,0
495.000,21.000,0.00000,0
497.000,21.000,0.00000,0
499.000,21.000,0.00000,0
1.000,23.000,1.39831,0
3.000,23.000,1.39065,0
5.000,23.000,1.39068,0
7.000,23.000,1.39070,0
9.000,23.000,1.39067,0
11.000,23.000,1.39058,0
13.000,23.000,1.39039,0
15.000,23.000,1.39009,0
17.000,23.000,1.38964,0
19.000,23.000,1.38900,0
21.000,23.000,1.38811,0
23.000,23.000,1.38691,0
25.000,23.000,1.38530,0
27.000,23.000,1.38320,0
29.000,23.000,1.38050,0
31.000,23.000,1.37710,0
33.000,23.000,1.37292,0
35.000,23.000,1.36785,0
37.000,23.000,1.36184,0
39.000,23.000,1.35482,0
41.000,23.000,1.34678,0
43.000,23.000,1.33774,0
45.000,23.000,1.32777,0
47.000,23.000,1.31696,0
49.000,23.000,1.30546,0
51.000,23.000,1.29341,0
53.000,23.000,1.28094,0
55.000,23.000,1.26816,0
57.000,23.000,1.25525,0
59.000,23.000,1.24228,0
61.000,23.000,1.22933,0
63.000,23.000,1.21666,0
65.000,23.000,1.20413,0
67.000,23.000,1.19160,0
69.000,23.000,1.17925,0
71.000,23.000,1.16718,0
73.000,23.000,1.15518,0
75.000,23.000,1.14320,0
77.000,23.000,1.13143,0
79.000,23.000,1.11989,0
81.000,23.000,1.10839,0
83.000,23.000,1.09691,0
85.000,23.000,1.08571,0
87.000,23.000,1.07474,0
89.000,23.000,1.06376,0
91.000,23.000,1.05294,0
93.000,23.000,1.04252,0
95.000,23.000,1.03221,0
97.000,23.000,1.02193,0
99.000,23.000,1.01202,0
101.000,23.000,1.00248,0
103.000,23.000,0.99296,0
105.000,23.000,0.98354,0
107.000,23.000,0.97463,0
109.000,23.000,0.96604,0
111.000,23.000,0.95740,0
113.000,23.000,0.94906,0
115.000,23.000,0.94107,0
117.000,23.000,0.93308,0
119.000,23.000,0.92503,0
121.000,23.000,0.91691,0
123.000,23.000,0.91593,0
125.000,23.000,0.96274,0
127.000,23.000,1.10654,0
129.000,23.000,1.18456,0
131.000,23.000,1.20458,0
133.000,23.000,1.21303,0
135.000,23.000,1.22319,0
137.000,23.000,1.24133,0
139.000,23.000,1.26010,0
141.000,23.000,1.27318,0
143.000,23.000,1.28160,0
145.000,23.000,1.28582,0
147.000,23.000,1.25282,0
149.000,23.000,1.28836,0
151.000,23.000,0.00000,1
153.000,23.000,0.00000,1
155.000,23.000,0.00000,1
157.000,23.000,0.00000,1
159.000,23.000,0.00000,1
161.000,23.000,0.00000,1
163.000,23.000,0.00000,1
165.000,23.000,0.00000,1
167.000,23.000,0.00000,1
169.000,23.000,0.00000,1
171.000,23.000,0.06911,0
173.000,23.000,0.14987,0
175.000,23.000,0.19302,0
177.000,23.000,0.22436,0
179.000,23.000,0.24966,0
181.000,23.000,0.26392,0
183.000,23.000,0.26605,0
185.000,23.000,0.26252,0
187.000,23.000,0.25205,0
189.000,23.000,0.23287,0
191.000,23.000,0.20333,0
193.000,23.000,0.15400,0
195.000,23.000,0.06623,0
197.000,23.000,0.00647,0
199.000,23.000,0.00025,0
201.000,23.000,0.00000,0
203.000,23.000,0.00000,0
205.000,23.000,0.00000,0
207.000,23.000,0.00000,0
209.000,23.000,0.00000,0
211.000,23.000,0.00000,0
213.000,23.000,0.00000,0
215.000,23.000,0.00000,0
217.000,23.000,0.00000,0
219.000,23.000,0.00000,0
221.000,23.000,0.00000,0
223.000,23.000,0.00000,0
225.000,23.000,0.00000,0
227.000,23.000,0.00000,0
229.000,23.000,0.00000,0
231.000,23.000,0.00000,0
233.000,23.000,0.00000,0
235.000,23.000,0.00000,0
237.000,23.000,0.00000,0
239.000,23.000,0.00000,0
241.000,23.000,0.00000,0
243.000,23.000,0.00000,0
245.000,23.000,0.00000,0
247.000,23.000,0.00000,0
249.000,23.000,0.00000,0
251.000,23.000,0.00000,1
253.000,23.000,0.00000,1
255.000,23.000,0.00000,1
257.000,23.000,0.00000,1
259.000,23.000,0.00000,1
261.000,23.000,0.00000,1
263.000,23.000,0.00000,1
265.000,23.000,0.00000,1
267.000,23.000,0.00000,1
269.000,23.000,0.00000,1
271.000,23.000,0.00000,0
273.000,23.000,0.00000,0
275.000,23.000,0.00000,0
277.000,23.000,0.00000,0
279.000,23.000,0.00000,0
281.000,23.000,0.00000,0
283.000,23.000,0.00000,0
285.000,23.000,0.00000,0
287.000,23.000,0.00000,0
289.000,23.000,0.00000,0
291.000,23.000,0.00000,0
293.000,23.000,0.00000,0
295.000,23.000,0.00000,0
297.000,23.000,0.00000,0
299.000,23.000,0.00000,0
301.000,23.000,0.00000,0
303.000,23.000,0.00000,0
305.000,23.000,0.00000,0
307.000,23.000,0.00000,0
309.000,23.000,0.00000,0
311.000,23.000,0.00000,0
313.000,23.000,0.00000,0
315.000,23.000,0.00000,0
317.000,23.000,0.00000,0
319.000,23.000,0.00000,0
321.000,23.000,0.00000,0
323.000,23.000,0.00000,0
325.000,23.000,0.00000,0
327.000,23.000,0.00000,0
329.000,23.000,0.00000,0
331.000,23.000,0.00000,0
333.000,23.000,0.00000,0
335.000,23.000,0.00000,0
337.000,23.000,0.00000,0
339.000,23.000,0.00000,0
341.000,23.000,0.00000,0
343.000,23.000,0.00000,0
345.000,23.000,0.00000,0
347.000,23.000,0.00000,0
349.000,23.000,0.00000,0
351.000,23.000,0.00000,0
353.000,23.000,0.00000,0
355.000,23.000,0.00000,0
357.000,23.000,0.00000,0
359.000,23.000,0.00000,0
361.000,23.000,0.00000,0
363.000,23.000,0.00000,0
365.000,23.000,0.00000,0
367.000,23.000,0.00000,0
369.000,23.000,0.00000,0
371.000,23.000,0.00000,0
373.000,23.000,0.00000,0
375.000,23.000,0.00000,0
377.000,23.000,0.00000,0
379.000,23.000,0.00000,0
381.000,23.000,0.00000,0
383.000,23.000,0.00000,0
385.000,23.000,0.00000,0
387.000,23.000,0.00000,0
389.000,23.000,0.00000,0
391.000,23.000,0.00000,0
393.000,23.000,0.00000,0
395.000,23.000,0.00000,0
397.000,23.000,0.00000,0
399.000,23.000,0.00000,0
401.000,23.000,0.00000,0
403.000,23.000,0.00000,0
405.000,23.000,0.00000,0
407.000,23.000,0.00000,0
409.000,23.000,0.00000,0
411.000,23.000,0.00000,0
413.000,23.000,0.00000,0
415.000,23.000,0.00000,0
417.000,23.000,0.00000,0
419.000,23.000,0.00000,0
421.000,23.000,0.00000,0
423.000,23.000,0.00000,0
425.000,23.000,0.00000,0
427.000,23.000,0.00000,0
429.000,23.000,0.00000,0
431.000,23.000,0.00000,0
433.000,23.000,0.00000,0
435.000,23.000,0.00000,0
437.000,23.000,0.00000,0
439.000,23.000,0.00000,0
441.000,23.000,0.00000,0
443.000,23.000,0.00000,0
445.000,23.000,0.00000,0
447.000,23.000,0.00000,0
449.000,23.000,0.00000,0
451.000,23.000,0.00000,0
453.000,23.000,0.00000,0
455.000,23.000,0.00000,0
457.000,23.000,0.00000,0
459.000,23.000,0.00000,0
461.000,23.000,0.00000,0
463.000,23.000,0.00000,0
465.000,23.000,0.00000,0
467.000,23.000,0.00000,0
469.000,23.000,0.00000,0
471.000,23.000,0.00000,0
473.000,23.000,0.00000,0
475.000,23.000,0.00000,0
477.000,23.000,0.00000,0
479.000,23.000,0.00000,0
481.000,23.000,0.00000,0
483.000,23.000,0.00000,0
485.000,23.000,0.00000,0
487.000,23.000,0.00000,0
489.000,23.000,0.00000,0
491.000,23.000,0.00000,0
493.000,23.000,0.00000,0
495.000,23.000,0.00000,0
497.000,23.000,0.00000,0
499.000,23.000,0.00000,0
1.000,25.000,1.39831,0
3.000,25.000,1.39065,0
5.000,25.000,1.39068,0
7.000,25.000,1.39070,0
9.000,25.000,1.39067,0
11.000,25.000,1.39058,0
13.000,25.000,1.39039,0
15.000,25.000,1.39009,0
17.000,25.000,1.38964,0
19.000,25.000,1.38900,0
21.000,25.000,1.38811,0
23.000,25.000,1.38691,0
25.000,25.000,1.38530,0
27.000,25.000,1.38320,0
29.000,25.000,1.38050,0
31.000,25.000,1.37710,0
33.000,25.000,1.37292,0
35.000,25.000,1.36785,0
37.000,25.000,1.36184,0
39.000,25.000,1.35482,0
41.000,25.000,1.34678,0
43.000,25.000,1.33774,0
45.000,25.000,1.32777,0
47.000,25.000,1.31696,0
49.000,25.000,1.30546,0
51.000,25.000,1.29341,0
53.000,25.000,1.28094,0
55.000,25.000,1.26816,0
57.000,25.000,1.25525,0
59.000,25.000,1.24228,0
61.000,25.000,1.22933,0
63.000,25.000,1.21666,0
65.000,25.000,1.20413,0
67.000,25.000,1.19160,0
69.000,25.000,1.17925,0
71.000,25.000,1.16718,0
73.000,25.000,1.15518,0
75.000,25.000,1.14320,0
77.000,25.000,1.13143,0
79.000,25.000,1.11989,0
81.000,25.000,1.10839,0
83.000,25.000,1.09691,0
85.000,25.000,1.08571,0
87.000,25.000,1.07474,0
89.000,25.000,1.06376,0
91.000,25.000,1.05294,0
93.000,25.000,1.04252,0
95.000,25.000,1.03221,0
97.000,25.000,1.02193,0
99.000,25.000,1.01202,0
101.000,25.000,1.00248,0
103.000,25.000,0.99296,0
105.000,25.000,0.98354,0
107.000,25.000,0.97463,0
109.000,25.000,0.96604,0
111.000,25.000,0.95740,0
113.000,25.000,0.94907,0
115.000,25.000,0.94107,0
117.000,25.000,0.93303,0
119.000,25.000,0.92509,0
121.000,25.000,0.91682,0
123.000,25.000,0.91815,0
125.000,25.000,0.97743,0
127.000,25.000,1.12093,0
129.000,25.000,1.19114,0
131.000,25.000,1.21155,0
133.000,25.000,1.22401,0
135.000,25.000,1.24169,0
137.000,25.000,1.26673,0
139.000,25.000,1.28626,0
141.000,25.000,1.29958,0
143.000,25.000,1.30937,0
145.000,25.000,1.31603,0
147.000,25.000,1.28802,0
149.000,25.000,1.32815,0
151.000,25.000,0.00000,1
153.000,25.000,0.00000,1
155.000,25.000,0.00000,1
157.000,25.000,0.00000,1
159.000,25.000,0.00000,1
161.000,25.000,0.00000,1
163.000,25.000,0.00000,1
165.000,25.000,0.00000,1
167.000,25.000,0.00000,1
169.000,25.000,0.00000,1
171.000,25.000,0.05917,0
173.000,25.000,0.11465,0
175.000,25.000,0.15116,0
177.000,25.000,0.17312,0
179.000,25.000,0.19247,0
181.000,25.000,0.20880,0
183.000,25.000,0.21309,0
185.000,25.000,0.21057,0
187.000,25.000,0.20110,0
189.000,25.000,0.17971,0
191.000,25.000,0.14098,0
193.000,25.000,0.06879,0
195.000,25.000,0.00889,0
197.000,25.000,0.00035,0
199.000,25.000,0.00000,0
201.000,25.000,0.00000,0
203.000,25.000,0.00000,0
205.000,25.000,0.00000,0
207.000,25.000,0.00000,0
209.000,25.000,0.00000,0
211.000,25.000,0.00000,0
213.000,25.000,0.00000,0
215.000,25.000,0.00000,0
217.000,25.000,0.00000,0
219.000,25.000,0.00000,0
221.000,25.000,0.00000,0
223.000,25.000,0.00000,0
225.000,25.000,0.00000,0
227.000,25.000,0.00000,0
229.000,25.000,0.00000,0
231.000,25.000,0.00000,0
233.000,25.000,0.00000,0
235.000,25.000,0.00000,0
237.000,25.000,0.00000,0
239.000,25.000,0.00000,0
241.000,25.000,0.00000,0
243.000,25.000,0.00000,0
245.000,25.000,0.00000,0
247.000,25.000,0.00000,0
249.000,25.000,0.00000,0
251.000,25.000,0.00000,1
253.000,25.000,0.00000,1
255.000,25.000,0.00000,1
257.000,25.000,0.00000,1
259.000,25.000,0.00000,1
261.000,25.000,0.00000,1
263.000,25.000,0.00000,1
265.000,25.000,0.00000,1
267.000,25.000,0.00000,1
269.000,25.000,0.00000,1
271.000,25.000,0.00000,0
273.000,25.000,0.00000,0
275.000,25.000,0.00000,0
277.000,25.000,0.00000,0
279.000,25.000,0.00000,0
281.000,25.000,0.00000,0
283.000,25.000,0.00000,0
285.000,25.000,0.00000,0
287.000,25.000,0.00000,0
289.000,25.000,0.00000,0
291.000,25.000,0.00000,0
293.000,25.000,0.00000,0
295.000,25.000,0.00000,0
297.000,25.000,0.00000,0
299.000,25.000,0.00000,0
301.000,25.000,0.00000,0
303.000,25.000,0.00000,0
305.000,25.000,0.00000,0
307.000,25.000,0.00000,0
309.000,25.000,0.00000,0
311.000,25.000,0.00000,0
313.000,25.000,0.00000,0
315.000,25.000,0.00000,0
317.000,25.000,0.00000,0
319.000,25.000,0.00000,0
321.000,25.000,0.00000,0
323.000,25.000,0.00000,0
325.000,25.000,0.00000,0
327.000,25.000,0.00000,0
329.000,25.000,0.00000,0
331.000,25.000,0.00000,0
333.000,25.000,0.00000,0
335.000,25.000,0.00000,0
337.000,25.000,0.00000,0
339.000,25.000,0.00000,0
341.000,25.000,0.00000,0
343.000,25.000,0.00000,0
345.000,25.000,0.00000,0
347.000,25.000,0.00000,0
349.000,25.000,0.00000,0
351.000,25.000,0.00000,0
353.000,25.000,0.00000,0
355.000,25.000,0.00000,0
357.000,25.000,0.00000,0
359.000,25.000,0.00000,0
361.000,25.000,0.00000,0
363.000,25.000,0.00000,0
365.000,25.000,0.00000,0
367.000,25.000,0.00000,0
369.000,25.000,0.00000,0
371.000,25.000,0.00000,0
373.000,25.000,0.00000,0
375.000,25.000,0.00000,0
377.000,25.000,0.00000,0
379.000,25.000,0.00000,0
381.000,25.000,0.00000,0
383.000,25.000,0.00000,0
385.000,25.000,0.00000,0
387.000,25.000,0.00000,0
389.000,25.000,0.00000,0
391.000,25.000,0.00000,0
393.000,25.000,0.00000,0
395.000,25.000,0.00000,0
397.000,25.000,0.00000,0
399.000,25.000,0.00000,0
401.000,25.000,0.00000,0
403.000,25.000,0.00000,0
405.000,25.000,0.00000,0
407.000,25.000,0.00000,0
409.000,25.000,0.00000,0
411.000,25.000,0.00000,0
413.000,25.000,0.00000,0
415.000,25.000,0.00000,0
417.000,25.000,0.00000,0
419.000,25.000,0.00000,0
421.000,25.000,0.00000,0
423.000,25.000,0.00000,0
425.000,25.000,0.00000,0
427.000,25.000,0.00000,0
429.000,25.000,0.00000,0
431.000,25.000,0.00000,0
433.000,25.000,0.00000,0
435.000,25.000,0.00000,0
437.000,25.000,0.00000,0
439.000,25.000,0.00000,0
441.000,25.000,0.00000,0
443.000,25.000,0.00000,0
445.000,25.000,0.00000,0
447.000,25.000,0.00000,0
449.000,25.000,0.00000,0
451.000,25.000,0.00000,0
453.000,25.000,0.00000,0
455.000,25.000,0.00000,0
457.000,25.000,0.00000,0
459.000,25.000,0.00000,0
461.000,25.000,0.00000,0
463.000,25.000,0.00000,0
465.000,25.000,0.00000,0
467.000,25.000,0.00000,0
469.000,25.000,0.00000,0
471.000,25.000,0.00000,0
473.000,25.000,0.00000,0
475.000,25.000,0.00000,0
477.000,25.000,0.00000,0
479.000,25.000,0.00000,0
481.000,25.000,0.00000,0
483.000,25.000,0.00000,0
485.000,25.000,0.00000,0
487.000,25.000,0.00000,0
489.000,25.000,0.00000,0
491.000,25.000,0.00000,0
493.000,25.000,0.00000,0
495.000,25.000,0.00000,0
497.000,25.000,0.00000,0
499.000,25.000,0.00000,0
1.000,27.000,1.39831,0
3.000,27.000,1.39065,0
5.000,27.000,1.39068,0
7.000,27.000,1.39070,0
9.000,27.000,1.39067,0
11.000,27.000,1.39058,0
13.000,27.000,1.39039,0
15.000,27.000,1.39009,0
17.000,27.000,1.38964,0
19.000,27.000,1.38900,0
21.000,27.000,1.38811,0
23.000,27.000,1.38691,0
25.000,27.000,1.38530,0
27.000,27.000,1.38320,0
29.000,27.000,1.38050,0
31.000,27.000,1.37710,0
33.000,27.000,1.37292,0
35.000,27.000,1.36785,0
37.000,27.000,1.36184,0
39.000,27.000,1.35482,0
41.000,27.000,1.34678,0
43.000,27.000,1.33774,0
45.000,27.000,1.32777,0
47.000,27.000,1.31696,0
49.000,27.000,1.30546,0
51.000,27.000,1.29341,0
53.000,27.000,1.28094,0
55.000,27.000,1.26816,0
57.000,27.000,1.25525,0
59.000,27.000,1.24228,0
61.000,27.000,1.22933,0
63.000,27.000,1.21666,0
65.000,27.000,1.20413,0
67.000,27.000,1.19160,0
69.000,27.000,1.17925,0
71.000,27.000,1.16718,0
73.000,27.000,1.15518,0
75.000,27.000,1.14320,0
77.000,27.000,1.13143,0
79.000,27.000,1.11989,0
81.000,27.000,1.10839,0
83.000,27.000,1.09691,0
85.000,27.000,1.08571,0
87.000,27.000,1.07474,0
89.000,27.000,1.06376,0
91.000,27.000,1.05294,0
93.000,27.000,1.04252,0
95.000,27.000,1.03221,0
97.000,27.000,1.02193,0
99.000,27.000,1.01202,0
101.000,27.000,1.00248,0
103.000,27.000,0.99296,0
105.000,27.000,0.98354,0
107.000,27.000,0.97463,0
109.000,27.000,0.96604,0
111.000,27.000,0.95740,0
113.000,27.000,0.94907,0
115.000,27.000,0.94106,0
117.000,27.000,0.93300,0
119.000,27.000,0.92511,0
121.000,27.000,0.91691,0
123.000,27.000,0.91964,0
125.000,27.000,0.98710,0
127.000,27.000,1.12982,0
129.000,27.000,1.19705,0
131.000,27.000,1.22067,0
133.000,27.000,1.23973,0
135.000,27.000,1.26550,0
137.000,27.000,1.29153,0
139.000,27.000,1.30876,0
141.000,27.000,1.32058,0
143.000,27.000,1.33021,0
145.000,27.000,1.33805,0
147.000,27.000,1.31231,0
149.000,27.000,1.35258,0
151.000,27.000,0.00000,1
153.000,27.000,0.00000,1
155.000,27.000,0.00000,1
157.000,27.000,0.00000,1
159.000,27.000,0.00000,1
161.000,27.000,0.00000,1
163.000,27.000,0.00000,1
165.000,27.000,0.00000,1
167.000,27.000,0.00000,1
169.000,27.000,0.00000,1
171.000,27.000,0.04637,0
173.000,27.000,0.08388,0
175.000,27.000,0.10892,0
177.000,27.000,0.13963,0
179.000,27.000,0.17016,0
181.000,27.000,0.19110,0
183.000,27.000,0.19293,0
185.000,27.000,0.18218,0
187.000,27.000,0.15303,0
189.000,27.000,0.10972,0
191.000,27.000,0.05108,0
193.000,27.000,0.00744,0
195.000,27.000,0.00026,0
197.000,27.000,0.00000,0
199.000,27.000,0.00000,0
201.000,27.000,0.00000,0
203.000,27.000,0.00000,0
205.000,27.000,0.00000,0
207.000,27.000,0.00000,0
209.000,27.000,0.00000,0
211.000,27.000,0.00000,0
213.000,27.000,0.00000,0
215.000,27.000,0.00000,0
217.000,27.000,0.00000,0
219.000,27.000,0.00000,0
221.000,27.000,0.00000,0
223.000,27.000,0.00000,0
225.000,27.000,0.00000,0
227.000,27.000,0.00000,0
229.000,27.000,0.00000,0
231.000,27.000,0.00000,0
233.000,27.000,0.00000,0
235.000,27.000,0.00000,0
237.000,27.000,0.00000,0
239.000,27.000,0.00000,0
241.000,27.000,0.00000,0
243.000,27.000,0.00000,0
245.000,27.000,0.00000,0
247.000,27.000,0.00000,0
249.000,27.000,0.00000,0
251.000,27.000,0.00000,1
253.000,27.000,0.00000,1
255.000,27.000,0.00000,1
257.000,27.000,0.00000,1
259.000,27.000,0.00000,1
261.000,27.000,0.00000,1
263.000,27.000,0.00000,1
265.000,27.000,0.00000,1
267.000,27.000,0.00000,1
269.000,27.000,0.00000,1
271.000,27.000,0.00000,0
273.000,27.000,0.00000,0
275.000,27.000,0.00000,0
277.000,27.000,0.00000,0
279.000,27.000,0.00000,0
281.000,27.000,0.00000,0
283.000,27.000,0.00000,0
285.000,27.000,0.00000,0
287.000,27.000,0.00000,0
289.000,27.000,0.00000,0
291.000,27.000,0.00000,0
293.000,27.000,0.00000,0
295.000,27.000,0.00000,0
297.000,27.000,0.00000,0
299.000,27.000,0.00000,0
301.000,27.000,0.00000,0
303.000,27.000,0.00000,0
305.000,27.000,0.00000,0
307.000,27.000,0.00000,0
309.000,27.000,0.00000,0
311.000,27.000,0.00000,0
313.000,27.000,0.00000,0
315.000,27.000,0.00000,0
317.000,27.000,0.00000,0
319.000,27.000,0.00000,0
321.000,27.000,0.00000,0
323.000,27.000,0.00000,0
325.000,27.000,0.00000,0
327.000,27.000,0.00000,0
329.000,27.000,0.00000,0
331.000,27.000,0.00000,0
333.000,27.000,0.00000,0
335.000,27.000,0.00000,0
337.000,27.000,0.00000,0
339.000,27.000,0.00000,0
341.000,27.000,0.00000,0
343.000,27.000,0.00000,0
345.000,27.000,0.00000,0
347.000,27.000,0.00000,0
349.000,27.000,0.00000,0
351.000,27.000,0.00000,0
353.000,27.000,0.00000,0
355.000,27.000,0.00000,0
357.000,27.000,0.00000,0
359.000,27.000,0.00000,0
361.000,27.000,0.00000,0
363.000,27.000,0.00000,0
365.000,27.000,0.00000,0
367.000,27.000,0.00000,0
369.000,27.000,0.00000,0
371.000,27.000,0.00000,0
373.000,27.000,0.00000,0
375.000,27.000,0.00000,0
377.000,27.000,0.00000,0
379.000,27.000,0.00000,0
381.000,27.000,0.00000,0
383.000,27.000,0.00000,0
385.000,27.000,0.00000,0
387.000,27.000,0.00000,0
389.000,27.000,0.00000,0
391.000,27.000,0.00000,0
393.000,27.000,0.00000,0
395.000,27.000,0.00000,0
397.000,27.000,0.00000,0
399.000,27.000,0.00000,0
401.000,27.000,0.00000,0
403.000,27.000,0.00000,0
405.000,27.000,0.00000,0
407.000,27.000,0.00000,0
409.000,27.000,0.00000,0
411.000,27.000,0.00000,0
413.000,27.000,0.00000,0
415.000,27.000,0.00000,0
417.000,27.000,0.00000,0
419.000,27.000,0.00000,0
421.000,27.000,0.00000,0
423.000,27.000,0.00000,0
425.000,27.000,0.00000,0
427.000,27.000,0.00000,0
429.000,27.000,0.00000,0
431.000,27.000,0.00000,0
433.000,27.000,0.00000,0
435.000,27.000,0.00000,0
437.000,27.000,0.00000,0
439.000,27.000,0.00000,0
441.000,27.000,0.00000,0
443.000,27.000,0.00000,0
445.000,27.000,0.00000,0
447.000,27.000,0.00000,0
449.000,27.000,0.00000,0
451.000,27.000,0.00000,0
453.000,27.000,0.00000,0
455.000,27.000,0.00000,0
457.000,27.000,0.00000,0
459.000,27.000,0.00000,0
461.000,27.000,0.00000,0
463.000,27.000,0.00000,0
465.000,27.000,0.00000,0
467.000,27.000,0.00000,0
469.000,27.000,0.00000,0
471.000,27.000,0.00000,0
473.000,27.000,0.00000,0
475.000,27.000,0.00000,0
477.000,27.000,0.00000,0
479.000,27.000,0.00000,0
481.000,27.000,0.00000,0
483.000,27.000,0.00000,0
485.000,27.000,0.00000,0
487.000,27.000,0.00000,0
489.000,27.000,0.00000,0
491.000,27.000,0.00000,0
493.000,27.000,0.00000,0
495.000,27.000,0.00000,0
497.000,27.000,0.00000,0
499.000,27.000,0.00000,0
1.000,29.000,1.39831,0
3.000,29.000,1.39065,0
5.000,29.000,1.39068,0
7.000,29.000,1.39070,0
9.000,29.000,1.39067,0
11.000,29.000,1.39058,0
13.000,29.000,1.39039,0
15.000,29.000,1.39009,0
17.000,29.000,1.38964,0
19.000,29.000,1.38900,0
21.000,29.000,1.38811,0
23.000,29.000,1.38691,0
25.000,29.000,1.38530,0
27.000,29.000,1.38320,0
29.000,29.000,1.38050,0
31.000,29.000,1.37710,0
33.000,29.000,1.37292,0
35.000,29.000,1.36785,0
37.000,29.000,1.36184,0
39.000,29.000,1.35482,0
41.000,29.000,1.34678,0
43.000,29.000,1.33774,0
45.000,29.000,1.32777,0
47.000,29.000,1.31696,0
49.000,29.000,1.30546,0
51.000,29.000,1.29341,0
53.000,29.000,1.28094,0
55.000,29.000,1.26816,0
57.000,29.000,1.25525,0
59.000,29.000,1.24228,0
61.000,29.000,1.22933,0
63.000,29.000,1.21666,0
65.000,29.000,1.20413,0
67.000,29.000,1.19160,0
69.000,29.000,1.17925,0
71.000,29.000,1.16718,0
73.000,29.000,1.15518,0
75.000,29.000,1.14320,0
77.000,29.000,1.13143,0
79.000,29.000,1.11989,0
81.000,29.000,1.10839,0
83.000,29.000,1.09691,0
85.000,29.000,1.08571,0
87.000,29.000,1.07474,0
89.000,29.000,1.06376,0
91.000,29.000,1.05294,0
93.000,29.000,1.04252,0
95.000,29.000,1.03221,0
97.000,29.000,1.02193,0
99.000,29.000,1.01202,0
101.000,29.000,1.00248,0
103.000,29.000,0.99296,0
105.000,29.000,0.98354,0
107.000,29.000,0.97463,0
109.000,29.000,0.96604,0
111.000,29.000,0.95740,0
113.000,29.000,0.94907,0
115.000,29.000,0.94106,0
117.000,29.000,0.93298,0
119.000,29.000,0.92512,0
121.000,29.000,0.91697,0
123.000,29.000,0.92034,0
125.000,29.000,0.99129,0
127.000,29.000,1.13493,0
129.000,29.000,1.20451,0
131.000,29.000,1.23417,0
133.000,29.000,1.26141,0
135.000,29.000,1.29026,0
137.000,29.000,1.31249,0
139.000,29.000,1.32586,0
141.000,29.000,1.33564,0
143.000,29.000,1.34455,0
145.000,29.000,1.35210,0
147.000,29.000,1.32702,0
149.000,29.000,1.36661,0
151.000,29.000,0.00000,1
153.000,29.000,0.00000,1
155.000,29.000,0.00000,1
157.000,29.000,0.00000,1
159.000,29.000,0.00000,1
161.000,29.000,0.00000,1
163.000,29.000,0.00000,1
165.000,29.000,0.00000,1
167.000,29.000,0.00000,1
169.000,29.000,0.00000,1
171.000,29.000,0.02754,0
173.000,29.000,0.07502,0
175.000,29.000,0.13691,0
177.000,29.000,0.18680,0
179.000,29.000,0.22871,0
181.000,29.000,0.25613,0
183.000,29.000,0.25946,0
185.000,29.000,0.24528,0
187.000,29.000,0.19497,0
189.000,29.000,0.09827,0
191.000,29.000,0.02023,0
193.000,29.000,0.00098,0
195.000,29.000,0.00001,0
197.000,29.000,0.00000,0
199.000,29.000,0.00000,0
201.000,29.000,0.00000,0
203.000,29.000,0.00000,0
205.000,29.000,0.00000,0
207.000,29.000,0.00000,0
209.000,29.000,0.00000,0
211.000,29.000,0.00000,0
213.000,29.000,0.00000,0
215.000,29.000,0.00000,0
217.000,29.000,0.00000,0
219.000,29.000,0.00000,0
221.000,29.000,0.00000,0
223.000,29.000,0.00000,0
225.000,29.000,0.00000,0
227.000,29.000,0.00000,0
229.000,29.000,0.00000,0
231.000,29.000,0.00000,0
233.000,29.000,0.00000,0
235.000,29.000,0.00000,0
237.000,29.000,0.00000,0
239.000,29.000,0.00000,0
241.000,29.000,0.00000,0
243.000,29.000,0.00000,0
245.000,29.000,0.00000,0
247.000,29.000,0.00000,0
249.000,29.000,0.00000,0
251.000,29.000,0.00000,1
253.000,29.000,0.00000,1
255.000,29.000,0.00000,1
257.000,29.000,0.00000,1
259.000,29.000,0.00000,1
261.000,29.000,0.00000,1
263.000,29.000,0.00000,1
265.000,29.000,0.00000,1
267.000,29.000,0.00000,1
269.000,29.000,0.00000,1
271.000,29.000,0.00000,0
273.000,29.000,0.00000,0
275.000,29.000,0.00000,0
277.000,29.000,0.00000,0
279.000,29.000,0.00000,0
281.000,29.000,0.00000,0
283.000,29.000,0.00000,0
285.000,29.000,0.00000,0
287.000,29.000,0.00000,0
289.000,29.000,0.00000,0
291.000,29.000,0.00000,0
293.000,29.000,0.00000,0
295.000,29.000,0.00000,0
297.000,29.000,0.00000,0
299.000,29.000,0.00000,0
301.000,29.000,0.00000,0
303.000,29.000,0.00000,0
305.000,29.000,0.00000,0
307.000,29.000,0.00000,0
309.000,29.000,0.00000,0
311.000,29.000,0.00000,0
313.000,29.000,0.00000,0
315.000,29.000,0.00000,0
317.000,29.000,0.00000,0
319.000,29.000,0.00000,0
321.000,29.000,0.00000,0
323.000,29.000,0.00000,0
325.000,29.000,0.00000,0
327.000,29.000,0.00000,0
329.000,29.000,0.00000,0
331.000,29.000,0.00000,0
333.000,29.000,0.00000,0
335.000,29.000,0.00000,0
337.000,29.000,0.00000,0
339.000,29.000,0.00000,0
341.000,29.000,0.00000,0
343.000,29.000,0.00000,0
345.000,29.000,0.00000,0
347.000,29.000,0.00000,0
349.000,29.000,0.00000,0
351.000,29.000,0.00000,0
353.000,29.000,0.00000,0
355.000,29.000,0.00000,0
357.000,29.000,0.00000,0
359.000,29.000,0.00000,0
361.000,29.000,0.00000,0
363.000,29.000,0.00000,0
365.000,29.000,0.00000,0
367.000,29.000,0.00000,0
369.000,29.000,0.00000,0
371.000,29.000,0.00000,0
373.000,29.000,0.00000,0
375.000,29.000,0.00000,0
377.000,29.000,0.00000,0
379.000,29.000,0.00000,0
381.000,29.000,0.00000,0
383.000,29.000,0.00000,0
385.000,29.000,0.00000,0
387.000,29.000,0.00000,0
389.000,29.000,0.00000,0
391.000,29.000,0.00000,0
393.000,29.000,0.00000,0
395.000,29.000,0.00000,0
397.000,29.000,0.00000,0
399.000,29.000,0.00000,0
401.000,29.000,0.00000,0
403.000,29.000,0.00000,0
405.000,29.000,0.00000,0
407.000,29.000,0.00000,0
409.000,29.000,0.00000,0
411.000,29.000,0.00000,0
413.000,29.000,0.00000,0
415.000,29.000,0.00000,0
417.000,29.000,0.00000,0
419.000,29.000,0.00000,0
421.000,29.000,0.00000,0
423.000,29.000,0.00000,0
425.000,29.000,0.00000,0
427.000,29.000,0.00000,0
429.000,29.000,0.00000,0
431.000,29.000,0.00000,0
433.000,29.000,0.00000,0
435.000,29.000,0.00000,0
437.000,29.000,0.00000,0
439.000,29.000,0.00000,0
441.000,29.000,0.00000,0
443.000,29.000,0.00000,0
445.000,29.000,0.00000,0
447.000,29.000,0.00000,0
449.000,29.000,0.00000,0
451.000,29.000,0.00000,0
453.000,29.000,0.00000,0
455.000,29.000,0.00000,0
457.000,29.000,0.00000,0
459.000,29.000,0.00000,0
461.000,29.000,0.00000,0
463.000,29.000,0.00000,0
465.000,29.000,0.00000,0
467.000,29.000,0.00000,0
469.000,29.000,0.00000,0
471.000,29.000,0.00000,0
473.000,29.000,0.00000,0
475.000,29.000,0.00000,0
477.000,29.000,0.00000,0
479.000,29.000,0.00000,0
481.000,29.000,0.00000,0
483.000,29.000,0.00000,0
485.000,29.000,0.00000,0
487.000,29.000,0.00000,0
489.000,29.000,0.00000,0
491.000,29.000,0.00000,0
493.000,29.000,0.00000,0
495.000,29.000,0.00000,0
497.000,29.000,0.00000,0
499.000,29.000,0.00000,0
1.000,31.000,1.39831,0
3.000,31.000,1.39065,0
5.000,31.000,1.39068,0
7.000,31.000,1.39070,0
9.000,31.000,1.39067,0
11.000,31.000,1.39058,0
13.000,31.000,1.39039,0
15.000,31.000,1.39009,0
17.000,31.000,1.38964,0
19.000,31.000,1.38900,0
21.000,31.000,1.38811,0
23.000,31.000,1.38691,0
25.000,31.000,1.38530,0
27.000,31.000,1.38320,0
29.000,31.000,1.38050,0
31.000,31.000,1.37710,0
33.000,31.000,1.37292,0
35.000,31.000,1.36785,0
37.000,31.000,1.36184,0
39.000,31.000,1.35482,0
41.000,31.000,1.34678,0
43.000,31.000,1.33774,0
45.000,31.000,1.32777,0
47.000,31.000,1.31696,0
49.000,31.000,1.30546,0
51.000,31.000,1.29341,0
53.000,31.000,1.28094,0
55.000,31.000,1.26816,0
57.000,31.000,1.25525,0
59.000,31.000,1.24228,0
61.000,31.000,1.22933,0
63.000,31.000,1.21666,0
65.000,31.000,1.20413,0
67.000,31.000,1.19160,0
69.000,31.000,1.17925,0
71.000,31.000,1.16718,0
73.000,31.000,1.15518,0
75.000,31.000,1.14320,0
77.000,31.000,1.13143,0
79.000,31.000,1.11989,0
81.000,31.000,1.10839,0
83.000,31.000,1.09691,0
85.000,31.000,1.08571,0
87.000,31.000,1.07474,0
89.000,31.000,1.06376,0
91.000,31.000,1.05294,0
93.000,31.000,1.04252,0
95.000,31.000,1.03221,0
97.000,31.000,1.02193,0
99.000,31.000,1.01202,0
101.000,31.000,1.00248,0
103.000,31.000,0.99296,0
105.000,31.000,0.98354,0
107.000,31.000,0.97463,0
109.000,31.000,0.96604,0
111.000,31.000,0.95740,0
113.000,31.000,0.94907,0
115.000,31.000,0.94106,0
117.000,31.000,0.93298,0
119.000,31.000,0.92512,0
121.000,31.000,0.91696,0
123.000,31.000,0.92009,0
125.000,31.000,0.98914,0
127.000,31.000,1.13631,0
129.000,31.000,1.21483,0
131.000,31.000,1.25361,0
133.000,31.000,1.28586,0
135.000,31.000,1.31153,0
137.000,31.000,1.32818,0
139.000,31.000,1.33716,0
141.000,31.000,1.34475,0
143.000,31.000,1.35309,0
145.000,31.000,1.36056,0
147.000,31.000,1.33574,0
149.000,31.000,1.37531,0
151.000,31.000,0.00000,1
153.000,31.000,0.00000,1
155.000,31.000,0.00000,1
157.000,31.000,0.00000,1
159.000,31.000,0.00000,1
161.000,31.000,0.00000,1
163.000,31.000,0.00000,1
165.000,31.000,0.00000,1
167.000,31.000,0.00000,1
169.000,31.000,0.00000,1
171.000,31.000,0.02772,0
173.000,31.000,0.06461,0
175.000,31.000,0.10825,0
177.000,31.000,0.14064,0
179.000,31.000,0.16735,0
181.000,31.000,0.18419,0
183.000,31.000,0.18509,0
185.000,31.000,0.17374,0
187.000,31.000,0.15277,0
189.000,31.000,0.12895,0
191.000,31.000,0.08513,0
193.000,31.000,0.02470,0
195.000,31.000,0.00170,0
197.000,31.000,0.00003,0
199.000,31.000,0.00000,0
201.000,31.000,0.00000,0
203.000,31.000,0.00000,0
205.000,31.000,0.00000,0
207.000,31.000,0.00000,0
209.000,31.000,0.00000,0
211.000,31.000,0.00000,0
213.000,31.000,0.00000,0
215.000,31.000,0.00000,0
217.000,31.000,0.00000,0
219.000,31.000,0.00000,0
221.000,31.000,0.00000,0
223.000,31.000,0.00000,0
225.000,31.000,0.00000,0
227.000,31.000,0.00000,0
229.000,31.000,0.00000,0
231.000,31.000,0.00000,0
233.000,31.000,0.00000,0
235.000,31.000,0.00000,0
237.000,31.000,0.00000,0
239.000,31.000,0.00000,0
241.000,31.000,0.00000,0
243.000,31.000,0.00000,0
245.000,31.000,0.00000,0
247.000,31.000,0.00000,0
249.000,31.000,0.00000,0
251.000,31.000,0.00000,1
253.000,31.000,0.00000,1
255.000,31.000,0.00000,1
257.000,31.000,0.00000,1
259.000,31.000,0.00000,1
261.000,31.000,0.00000,1
263.000,31.000,0.00000,1
265.000,31.000,0.00000,1
267.000,31.000,0.00000,1
269.000,31.000,0.00000,1
271.000,31.000,0.00000,0
273.000,31.000,0.00000,0
275.000,31.000,0.00000,0
277.000,31.000,0.00000,0
279.000,31.000,0.00000,0
281.000,31.000,0.00000,0
283.000,31.000,0.00000,0
285.000,31.000,0.00000,0
287.000,31.000,0.00000,0
289.000,31.000,0.00000,0
291.000,31.000,0.00000,0
293.000,31.000,0.00000,0
295.000,31.000,0.00000,0
297.000,31.000,0.00000,0
299.000,31.000,0.00000,0
301.000,31.000,0.00000,0
303.000,31.000,0.00000,0
305.000,31.000,0.00000,0
307.000,31.000,0.00000,0
309.000,31.000,0.00000,0
311.000,31.000,0.00000,0
313.000,31.000,0.00000,0
315.000,31.000,0.00000,0
317.000,31.000,0.00000,0
319.000,31.000,0.00000,0
321.000,31.000,0.00000,0
323.000,31.000,0.00000,0
325.000,31.000,0.00000,0
327.000,31.000,0.00000,0
329.000,31.000,0.00000,0
331.000,31.000,0.00000,0
333.000,31.000,0.00000,0
335.000,31.000,0.00000,0
337.000,31.000,0.00000,0
339.000,31.000,0.00000,0
341.000,31.000,0.00000,0
343.000,31.000,0.00000,0
345.000,31.000,0.00000,0
347.000,31.000,0.00000,0
349.000,31.000,0.00000,0
351.000,31.000,0.00000,0
353.000,31.000,0.00000,0
355.000,31.000,0.00000,0
357.000,31.000,0.00000,0
359.000,31.000,0.00000,0
361.000,31.000,0.00000,0
363.000,31.000,0.00000,0
365.000,31.000,0.00000,0
367.000,31.000,0.00000,0
369.000,31.000,0.00000,0
371.000,31.000,0.00000,0
373.000,31.000,0.00000,0
375.000,31.000,0.00000,0
377.000,31.000,0.00000,0
379.000,31.000,0.00000,0
381.000,31.000,0.00000,0
383.000,31.000,0.00000,0
385.000,31.000,0.00000,0
387.000,31.000,0.00000,0
389.000,31.000,0.00000,0
391.000,31.000,0.00000,0
393.000,31.000,0.00000,0
395.000,31.000,0.00000,0
397.000,31.000,0.00000,0
399.000,31.000,0.00000,0
401.000,31.000,0.00000,0
403.000,31.000,0.00000,0
405.000,31.000,0.00000,0
407.000,31.000,0.00000,0
409.000,31.000,0.00000,0
411.000,31.000,0.00000,0
413.000,31.000,0.00000,0
415.000,31.000,0.00000,0
417.000,31.000,0.00000,0
419.000,31.000,0.00000,0
421.000,31.000,0.00000,0
423.000,31.000,0.00000,0
425.000,31.000,0.00000,0
427.000,31.000,0.00000,0
429.000,31.000,0.00000,0
431.000,31.000,0.00000,0
433.000,31.000,0.00000,0
435.000,31.000,0.00000,0
437.000,31.000,0.00000,0
439.000,31.000,0.00000,0
441.000,31.000,0.00000,0
443.000,31.000,0.00000,0
445.000,31.000,0.00000,0
447.000,31.000,0.00000,0
449.000,31.000,0.00000,0
451.000,31.000,0.00000,0
453.000,31.000,0.00000,0
455.000,31.000,0.00000,0
457.000,31.000,0.00000,0
459.000,31.000,0.00000,0
461.000,31.000,0.00000,0
463.000,31.000,0.00000,0
465.000,31.000,0.00000,0
467.000,31.000,0.00000,0
469.000,31.000,0.00000,0
471.000,31.000,0.00000,0
473.000,31.000,0.00000,0
475.000,31.000,0.00000,0
477.000,31.000,0.00000,0
479.000,31.000,0.00000,0
481.000,31.000,0.00000,0
483.000,31.000,0.00000,0
485.000,31.000,0.00000,0
487.000,31.000,0.00000,0
489.000,31.000,0.00000,0
491.000,31.000,0.00000,0
493.000,31.000,0.00000,0
495.000,31.000,0.00000,0
497.000,31.000,0.00000,0
499.000,31.000,0.00000,0
1.000,33.000,1.39831,0
3.000,33.000,1.39065,0
5.000,33.000,1.39068,0
7.000,33.000,1.39070,0
9.000,33.000,1.39067,0
11.000,33.000,1.39058,0
13.000,33.000,1.39039,0
15.000,33.000,1.39009,0
17.000,33.000,1.38964,0
19.000,33.000,1.38900,0
21.000,33.000,1.38811,0
23.000,33.000,1.38691,0
25.000,33.000,1.38530,0
27.000,33.000,1.38320,0
29.000,33.000,1.38050,0
31.000,33.000,1.37710,0
33.000,33.000,1.37292,0
35.000,33.000,1.36785,0
37.000,33.000,1.36184,0
39.000,33.000,1.35482,0
41.000,33.000,1.34678,0
43.000,33.000,1.33774,0
45.000,33.000,1.32777,0
47.000,33.000,1.31696,0
49.000,33.000,1.30546,0
51.000,33.000,1.29341,0
53.000,33.000,1.28094,0
55.000,33.000,1.26816,0
57.000,33.000,1.25525,0
59.000,33.000,1.24228,0
61.000,33.000,1.22933,0
63.000,33.000,1.21666,0
65.000,33.000,1.20413,0
67.000,33.000,1.19160,0
69.000,33.000,1.17925,0
71.000,33.000,1.16718,0
73.000,33.000,1.15518,0
75.000,33.000,1.14320,0
77.000,33.000,1.13143,0
79.000,33.000,1.11989,0
81.000,33.000,1.10839,0
83.000,33.000,1.09691,0
85.000,33.000,1.08571,0
87.000,33.000,1.07474,0
89.000,33.000,1.06376,0
91.000,33.000,1.05294,0
93.000,33.000,1.04252,0
95.000,33.000,1.03221,0
97.000,33.000,1.02193,0
99.000,33.000,1.01202,0
101.000,33.000,1.00248,0
103.000,33.000,0.99296,0
105.000,33.000,0.98354,0
107.000,33.000,0.97463,0
109.000,33.000,0.96604,0
111.000,33.000,0.95740,0
113.000,33.000,0.94907,0
115.000,33.000,0.94107,0
117.000,33.000,0.93300,0
119.000,33.000,0.92511,0
121.000,33.000,0.91688,0
123.000,33.000,0.91902,0
125.000,33.000,0.98222,0
127.000,33.000,1.13775,0
129.000,33.000,1.23026,0
131.000,33.000,1.27664,0
133.000,33.000,1.30807,0
135.000,33.000,1.32765,0
137.000,33.000,1.33815,0
139.000,33.000,1.34341,0
141.000,33.000,1.34926,0
143.000,33.000,1.35682,0
145.000,33.000,1.36356,0
147.000,33.000,1.33868,0
149.000,33.000,1.37887,0
151.000,33.000,0.00000,1
153.000,33.000,0.00000,1
155.000,33.000,0.00000,1
157.000,33.000,0.00000,1
159.000,33.000,0.00000,1
161.000,33.000,0.00000,1
163.000,33.000,0.00000,1
165.000,33.000,0.00000,1
167.000,33.000,0.00000,1
169.000,33.000,0.00000,1
171.000,33.000,0.04166,0
173.000,33.000,0.07966,0
175.000,33.000,0.10411,0
177.000,33.000,0.12905,0
179.000,33.000,0.15197,0
181.000,33.000,0.17404,0
183.000,33.000,0.19516,0
185.000,33.000,0.20291,0
187.000,33.000,0.20119,0
189.000,33.000,0.19087,0
191.000,33.000,0.16517,0
193.000,33.000,0.11277,0
195.000,33.000,0.03235,0
197.000,33.000,0.00183,0
199.000,33.000,0.00003,0
201.000,33.000,0.00000,0
203.000,33.000,0.00000,0
205.000,33.000,0.00000,0
207.000,33.000,0.00000,0
209.000,33.000,0.00000,0
211.000,33.000,0.00000,0
213.000,33.000,0.00000,0
215.000,33.000,0.00000,0
217.000,33.000,0.00000,0
219.000,33.000,0.00000,0
221.000,33.000,0.00000,0
223.000,33.000,0.00000,0
225.000,33.000,0.00000,0
227.000,33.000,0.00000,0
229.000,33.000,0.00000,0
231.000,33.000,0.00000,0
233.000,33.000,0.00000,0
235.000,33.000,0.00000,0
237.000,33.000,0.00000,0
239.000,33.000,0.00000,0
241.000,33.000,0.00000,0
243.000,33.000,0.00000,0
245.000,33.000,0.00000,0
247.000,33.000,0.00000,0
249.000,33.000,0.00000,0
251.000,33.000,0.00000,1
253.000,33.000,0.00000,1
255.000,33.000,0.00000,1
257.000,33.000,0.00000,1
259.000,33.000,0.00000,1
261.000,33.000,0.00000,1
263.000,33.000,0.00000,1
265.000,33.000,0.00000,1
267.000,33.000,0.00000,1
269.000,33.000,0.00000,1
271.000,33.000,0.00000,0
273.000,33.000,0.00000,0
275.000,33.000,0.00000,0
277.000,33.000,0.00000,0
279.000,33.000,0.00000,0
281.000,33.000,0.00000,0
283.000,33.000,0.00000,0
285.000,33.000,0.00000,0
287.000,33.000,0.00000,0
289.000,33.000,0.00000,0
291.000,33.000,0.00000,0
293.000,33.000,0.00000,0
295.000,33.000,0.00000,0
297.000,33.000,0.00000,0
299.000,33.000,0.00000,0
301.000,33.000,0.00000,0
303.000,33.000,0.00000,0
305.000,33.000,0.00000,0
307.000,33.000,0.00000,0
309.000,33.000,0.00000,0
311.000,33.000,0.00000,0
313.000,33.000,0.00000,0
315.000,33.000,0.00000,0
317.000,33.000,0.00000,0
319.000,33.000,0.00000,0
321.000,33.000,0.00000,0
323.000,33.000,0.00000,0
325.000,33.000,0.00000,0
327.000,33.000,0.00000,0
329.000,33.000,0.00000,0
331.000,33.000,0.00000,0
333.000,33.000,0.00000,0
335.000,33.000,0.00000,0
337.000,33.000,0.00000,0
339.000,33.000,0.00000,0
341.000,33.000,0.00000,0
343.000,33.000,0.00000,0
345.000,33.000,0.00000,0
347.000,33.000,0.00000,0
349.000,33.000,0.00000,0
351.000,33.000,0.00000,0
353.000,33.000,0.00000,0
355.000,33.000,0.00000,0
357.000,33.000,0.00000,0
359.000,33.000,0.00000,0
361.000,33.000,0.00000,0
363.000,33.000,0.00000,0
365.000,33.000,0.00000,0
367.000,33.000,0.00000,0
369.000,33.000,0.00000,0
371.000,33.000,0.00000,0
373.000,33.000,0.00000,0
375.000,33.000,0.00000,0
377.000,33.000,0.00000,0
379.000,33.000,0.00000,0
381.000,33.000,0.00000,0
383.000,33.000,0.00000,0
385.000,33.000,0.00000,0
387.000,33.000,0.00000,0
389.000,33.000,0.00000,0
391.000,33.000,0.00000,0
393.000,33.000,0.00000,0
395.000,33.000,0.00000,0
397.000,33.000,0.00000,0
399.000,33.000,0.00000,0
401.000,33.000,0.00000,0
403.000,33.000,0.00000,0
405.000,33.000,0.00000,0
407.000,33.000,0.00000,0
409.000,33.000,0.00000,0
411.000,33.000,0.00000,0
413.000,33.000,0.00000,0
415.000,33.000,0.00000,0
417.000,33.000,0.00000,0
419.000,33.000,0.00000,0
421.000,33.000,0.00000,0
423.000,33.000,0.00000,0
425.000,33.000,0.00000,0
427.000,33.000,0.00000,0
429.000,33.000,0.00000,0
431.000,33.000,0.00000,0
433.000,33.000,0.00000,0
435.000,33.000,0.00000,0
437.000,33.000,0.00000,0
439.000,33.000,0.00000,0
441.000,33.000,0.00000,0
443.000,33.000,0.00000,0
445.000,33.000,0.00000,0
447.000,33.000,0.00000,0
449.000,33.000,0.00000,0
451.000,33.000,0.00000,0
453.000,33.000,0.00000,0
455.000,33.000,0.00000,0
457.000,33.000,0.00000,0
459.000,33.000,0.00000,0
461.000,33.000,0.00000,0
463.000,33.000,0.00000,0
465.000,33.000,0.00000,0
467.000,33.000,0.00000,0
469.000,33.000,0.00000,0
471.000,33.000,0.00000,0
473.000,33.000,0.00000,0
475.000,33.000,0.00000,0
477.000,33.000,0.00000,0
479.000,33.000,0.00000,0
481.000,33.000,0.00000,0
483.000,33.000,0.00000,0
485.000,33.000,0.00000,0
487.000,33.000,0.00000,0
489.000,33.000,0.00000,0
491.000,33.000,0.00000,0
493.000,33.000,0.00000,0
495.000,33.000,0.00000,0
497.000,33.000,0.00000,0
499.000,33.000,0.00000,0
1.000,35.000,1.39831,0
3.000,35.000,1.39065,0
5.000,35.000,1.39068,0
7.000,35.000,1.39070,0
9.000,35.000,1.39067,0
11.000,35.000,1.39058,0
13.000,35.000,1.39039,0
15.000,35.000,1.39009,0
17.000,35.000,1.38964,0
19.000,35.000,1.38900,0
21.000,35.000,1.38811,0
23.000,35.000,1.38691,0
25.000,35.000,1.38530,0
27.000,35.000,1.38320,0
29.000,35.000,1.38050,0
31.000,35.000,1.37710,0
33.000,35.000,1.37292,0
35.000,35.000,1.36785,0
37.000,35.000,1.36184,0
39.000,35.000,1.35482,0
41.000,35.000,1.34678,0
43.000,35.000,1.33774,0
45.000,35.000,1.32777,0
47.000,35.000,1.31696,0
49.000,35.000,1.30546,0
51.000,35.000,1.29341,0
53.000,35.000,1.28094,0
55.000,35.000,1.26816,0
57.000,35.000,1.25525,0
59.000,35.000,1.24228,0
61.000,35.000,1.22933,0
63.000,35.000,1.21666,0
65.000,35.000,1.20413,0
67.000,35.000,1.19160,0
69.000,35.000,1.17925,0
71.000,35.000,1.16718,0
73.000,35.000,1.15518,0
75.000,35.000,1.14320,0
77.000,35.000,1.13143,0
79.000,35.000,1.11989,0
81.000,35.000,1.10839,0
83.000,35.000,1.09691,0
85.000,35.000,1.08571,0
87.000,35.000,1.07474,0
89.000,35.000,1.06376,0
91.000,35.000,1.05294,0
93.000,35.000,1.04252,0
95.000,35.000,1.03221,0
97.000,35.000,1.02193,0
99.000,35.000,1.01202,0
101.000,35.000,1.00248,0
103.000,35.000,0.99296,0
105.000,35.000,0.98354,0
107.000,35.000,0.97463,0
109.000,35.000,0.96604,0
111.000,35.000,0.95740,0
113.000,35.000,0.94907,0
115.000,35.000,0.94107,0
117.000,35.000,0.93304,0
119.000,35.000,0.92507,0
121.000,35.000,0.91682,0
123.000,35.000,0.91736,0
125.000,35.000,0.97191,0
127.000,35.000,1.14031,0
129.000,35.000,1.24997,0
131.000,35.000,1.29987,0
133.000,35.000,1.32578,0
135.000,35.000,1.33871,0
137.000,35.000,1.34382,0
139.000,35.000,1.34498,0
141.000,35.000,1.34736,0
143.000,35.000,1.35391,0
145.000,35.000,1.36030,0
147.000,35.000,1.33396,0
149.000,35.000,1.37402,0
151.000,35.000,0.00000,1
153.000,35.000,0.00000,1
155.000,35.000,0.00000,1
157.000,35.000,0.00000,1
159.000,35.000,0.00000,1
161.000,35.000,0.00000,1
163.000,35.000,0.00000,1
165.000,35.000,0.00000,1
167.000,35.000,0.00000,1
169.000,35.000,0.00000,1
171.000,35.000,0.04378,0
173.000,35.000,0.09384,0
175.000,35.000,0.13155,0
177.000,35.000,0.16527,0
179.000,35.000,0.19157,0
181.000,35.000,0.21550,0
183.000,35.000,0.23495,0
185.000,35.000,0.24225,0
187.000,35.000,0.24031,0
189.000,35.000,0.23175,0
191.000,35.000,0.21424,0
193.000,35.000,0.18252,0
195.000,35.000,0.11856,0
197.000,35.000,0.02813,0
199.000,35.000,0.00123,0
201.000,35.000,0.00002,0
203.000,35.000,0.00000,0
205.000,35.000,0.00000,0
207.000,35.000,0.00000,0
209.000,35.000,0.00000,0
211.000,35.000,0.00000,0
213.000,35.000,0.00000,0
215.000,35.000,0.00000,0
217.000,35.000,0.00000,0
219.000,35.000,0.00000,0
221.000,35.000,0.00000,0
223.000,35.000,0.00000,0
225.000,35.000,0.00000,0
227.000,35.000,0.00000,0
229.000,35.000,0.00000,0
231.000,35.000,0.00000,0
233.000,35.000,0.00000,0
235.000,35.000,0.00000,0
237.000,35.000,0.00000,0
239.000,35.000,0.00000,0
241.000,35.000,0.00000,0
243.000,35.000,0.00000,0
245.000,35.000,0.00000,0
247.000,35.000,0.00000,0
249.000,35.000,0.00000,0
251.000,35.000,0.00000,1
253.000,35.000,0.00000,1
255.000,35.000,0.00000,1
257.000,35.000,0.00000,1
259.000,35.000,0.00000,1
261.000,35.000,0.00000,1
263.000,35.000,0.00000,1
265.000,35.000,0.00000,1
267.000,35.000,0.00000,1
269.000,35.000,0.00000,1
271.000,35.000,0.00000,0
273.000,35.000,0.00000,0
275.000,35.000,0.00000,0
277.000,35.000,0.00000,0
279.000,35.000,0.00000,0
281.000,35.000,0.00000,0
283.000,35.000,0.00000,0
285.000,35.000,0.00000,0
287.000,35.000,0.00000,0
289.000,35.000,0.00000,0
291.000,35.000,0.00000,0
293.000,35.000,0.00000,0
295.000,35.000,0.00000,0
297.000,35.000,0.00000,0
299.000,35.000,0.00000,0
301.000,35.000,0.00000,0
303.000,35.000,0.00000,0
305.000,35.000,0.00000,0
307.000,35.000,0.00000,0
309.000,35.000,0.00000,0
311.000,35.000,0.00000,0
313.000,35.000,0.00000,0
315.000,35.000,0.00000,0
317.000,35.000,0.00000,0
319.000,35.000,0.00000,0
321.000,35.000,0.00000,1
323.000,35.000,0.00000,1
325.000,35.000,0.00000,1
327.000,35.000,0.00000,1
329.000,35.000,0.00000,1
331.000,35.000,0.00000,1
333.000,35.000,0.00000,1
335.000,35.000,0.00000,1
337.000,35.000,0.00000,1
339.000,35.000,0.00000,1
341.000,35.000,0.00000,1
343.000,35.000,0.00000,1
345.000,35.000,0.00000,1
347.000,35.000,0.00000,1
349.000,35.000,0.00000,1
351.000,35.000,0.00000,1
353.000,35.000,0.00000,1
355.000,35.000,0.00000,1
357.000,35.000,0.00000,1
359.000,35.000,0.00000,1
361.000,35.000,0.00000,0
363.000,35.000,0.00000,0
365.000,35.000,0.00000,0
367.000,35.000,0.00000,0
369.000,35.000,0.00000,0
371.000,35.000,0.00000,0
373.000,35.000,0.00000,0
375.000,35.000,0.00000,0
377.000,35.000,0.00000,0
379.000,35.000,0.00000,0
381.000,35.000,0.00000,0
383.000,35.000,0.00000,0
385.000,35.000,0.00000,0
387.000,35.000,0.00000,0
389.000,35.000,0.00000,0
391.000,35.000,0.00000,0
393.000,35.000,0.00000,0
395.000,35.000,0.00000,0
397.000,35.000,0.00000,0
399.000,35.000,0.00000,0
401.000,35.000,0.00000,0
403.000,35.000,0.00000,0
405.000,35.000,0.00000,0
407.000,35.000,0.00000,0
409.000,35.000,0.00000,0
411.000,35.000,0.00000,0
413.000,35.000,0.00000,0
415.000,35.000,0.00000,0
417.000,35.000,0.00000,0
419.000,35.000,0.00000,0
421.000,35.000,0.00000,0
423.000,35.000,0.00000,0
425.000,35.000,0.00000,0
427.000,35.000,0.00000,0
429.000,35.000,0.00000,0
431.000,35.000,0.00000,0
433.000,35.000,0.00000,0
435.000,35.000,0.00000,0
437.000,35.000,0.00000,0
439.000,35.000,0.00000,0
441.000,35.000,0.00000,0
443.000,35.000,0.00000,0
445.000,35.000,0.00000,0
447.000,35.000,0.00000,0
449.000,35.000,0.00000,0
451.000,35.000,0.00000,0
453.000,35.000,0.00000,0
455.000,35.000,0.00000,0
457.000,35.000,0.00000,0
459.000,35.000,0.00000,0
461.000,35.000,0.00000,0
463.000,35.000,0.00000,0
465.000,35.000,0.00000,0
467.000,35.000,0.00000,0
469.000,35.000,0.00000,0
471.000,35.000,0.00000,0
473.000,35.000,0.00000,0
475.000,35.000,0.00000,0
477.000,35.000,0.00000,0
479.000,35.000,0.00000,0
481.000,35.000,0.00000,0
483.000,35.000,0.00000,0
485.000,35.000,0.00000,0
487.000,35.000,0.00000,0
489.000,35.000,0.00000,0
491.000,35.000,0.00000,0
493.000,35.000,0.00000,0
495.000,35.000,0.00000,0
497.000,35.000,0.00000,0
499.000,35.000,0.00000,0
1.000,37.000,1.39831,0
3.000,37.000,1.39065,0
5.000,37.000,1.39068,0
7.000,37.000,1.39070,0
9.000,37.000,1.39067,0
11.000,37.000,1.39058,0
13.000,37.000,1.39039,0
15.000,37.000,1.39009,0
17.000,37.000,1.38964,0
19.000,37.000,1.38900,0
21.000,37.000,1.38811,0
23.000,37.000,1.38691,0
25.000,37.000,1.38530,0
27.000,37.000,1.38320,0
29.000,37.000,1.38050,0
31.000,37.000,1.37710,0
33.000,37.000,1.37292,0
35.000,37.000,1.36785,0
37.000,37.000,1.36184,0
39.000,37.000,1.35482,0
41.000,37.000,1.34678,0
43.000,37.000,1.33774,0
45.000,37.000,1.32777,0
47.000,37.000,1.31696,0
49.000,37.000,1.30546,0
51.000,37.000,1.29341,0
53.000,37.000,1.28094,0
55.000,37.000,1.26816,0
57.000,37.000,1.25525,0
59.000,37.000,1.24228,0
61.000,37.000,1.22933,0
63.000,37.000,1.21666,0
65.000,37.000,1.20413,0
67.000,37.000,1.19160,0
69.000,37.000,1.17925,0
71.000,37.000,1.16718,0
73.000,37.000,1.15518,0
75.000,37.000,1.14320,0
77.000,37.000,1.13143,0
79.000,37.000,1.11989,0
81.000,37.000,1.10839,0
83.000,37.000,1.09691,0
85.000,37.000,1.08571,0
87.000,37.000,1.07474,0
89.000,37.000,1.06376,0
91.000,37.000,1.05294,0
93.000,37.000,1.04252,0
95.000,37.000,1.03221,0
97.000,37.000,1.02193,0
99.000,37.000,1.01202,0
101.000,37.000,1.00248,0
103.000,37.000,0.99296,0
105.000,37.000,0.98354,0
107.000,37.000,0.97463,0
109.000,37.000,0.96604,0
111.000,37.000,0.95740,0
113.000,37.000,0.94906,0
115.000,37.000,0.94107,0
117.000,37.000,0.93309,0
119.000,37.000,0.92501,0
121.000,37.000,0.91694,0
123.000,37.000,0.91541,0
125.000,37.000,0.96118,0
127.000,37.000,1.14338,0
129.000,37.000,1.27100,0
131.000,37.000,1.31989,0
133.000,37.000,1.33812,0
135.000,37.000,1.34420,0
137.000,37.000,1.34367,0
139.000,37.000,1.34134,0
141.000,37.000,1.34188,0
143.000,37.000,1.34659,0
145.000,37.000,1.35048,0
147.000,37.000,1.32143,0
149.000,37.000,1.35431,0
151.000,37.000,0.00000,1
153.000,37.000,0.00000,1
155.000,37.000,0.00000,1
157.000,37.000,0.00000,1
159.000,37.000,0.00000,1
161.000,37.000,0.00000,1
163.000,37.000,0.00000,1
165.000,37.000,0.00000,1
167.000,37.000,0.00000,1
169.000,37.000,0.00000,1
171.000,37.000,0.05616,0
173.000,37.000,0.12034,0
175.000,37.000,0.15890,0
177.000,37.000,0.19862,0
179.000,37.000,0.23380,0
181.000,37.000,0.26125,0
183.000,37.000,0.27681,0
185.000,37.000,0.28090,0
187.000,37.000,0.27860,0
189.000,37.000,0.26948,0
191.000,37.000,0.25238,0
193.000,37.000,0.22636,0
195.000,37.000,0.18364,0
197.000,37.000,0.10001,0
199.000,37.000,0.01517,0
201.000,37.000,0.00053,0
203.000,37.000,0.00000,0
205.000,37.000,0.00000,0
207.000,37.000,0.00000,0
209.000,37.000,0.00000,0
211.000,37.000,0.00000,0
213.000,37.000,0.00000,0
215.000,37.000,0.00000,0
217.000,37.000,0.00000,0
219.000,37.000,0.00000,0
221.000,37.000,0.00000,0
223.000,37.000,0.00000,0
225.000,37.000,0.00000,0
227.000,37.000,0.00000,0
229.000,37.000,0.00000,0
231.000,37.000,0.00000,0
233.000,37.000,0.00000,0
235.000,37.000,0.00000,0
237.000,37.000,0.00000,0
239.000,37.000,0.00000,0
241.000,37.000,0.00000,0
243.000,37.000,0.00000,0
245.000,37.000,0.00000,0
247.000,37.000,0.00000,0
249.000,37.000,0.00000,0
251.000,37.000,0.00000,1
253.000,37.000,0.00000,1
255.000,37.000,0.00000,1
257.000,37.000,0.00000,1
259.000,37.000,0.00000,1
261.000,37.000,0.00000,1
263.000,37.000,0.00000,1
265.000,37.000,0.00000,1
267.000,37.000,0.00000,1
269.000,37.000,0.00000,1
271.000,37.000,0.00000,0
273.000,37.000,0.00000,0
275.000,37.000,0.00000,0
277.000,37.000,0.00000,0
279.000,37.000,0.00000,0
281.000,37.000,0.00000,0
283.000,37.000,0.00000,0
285.000,37.000,0.00000,0
287.000,37.000,0.00000,0
289.000,37.000,0.00000,0
291.000,37.000,0.00000,0
293.000,37.000,0.00000,0
295.000,37.000,0.00000,0
297.000,37.000,0.00000,0
299.000,37.000,0.00000,0
301.000,37.000,0.00000,0
303.000,37.000,0.00000,0
305.000,37.000,0.00000,0
307.000,37.000,0.00000,0
309.000,37.000,0.00000,0
311.000,37.000,0.00000,0
313.000,37.000,0.00000,0
315.000,37.000,0.00000,0
317.000,37.000,0.00000,0
319.000,37.000,0.00000,0
321.000,37.000,0.00000,1
323.000,37.000,0.00000,1
325.000,37.000,0.00000,1
327.000,37.000,0.00000,1
329.000,37.000,0.00000,1
331.000,37.000,0.00000,1
333.000,37.000,0.00000,1
335.000,37.000,0.00000,1
337.000,37.000,0.00000,1
339.000,37.000,0.00000,1
341.000,37.000,0.00000,1
343.000,37.000,0.00000,1
345.000,37.000,0.00000,1
347.000,37.000,0.00000,1
349.000,37.000,0.00000,1
351.000,37.000,0.00000,1
353.000,37.000,0.00000,1
355.000,37.000,0.00000,1
357.000,37.000,0.00000,1
359.000,37.000,0.00000,1
361.000,37.000,0.00000,0
363.000,37.000,0.00000,0
365.000,37.000,0.00000,0
367.000,37.000,0.00000,0
369.000,37.000,0.00000,0
371.000,37.000,0.00000,0
373.000,37.000,0.00000,0
375.000,37.000,0.00000,0
377.000,37.000,0.00000,0
379.000,37.000,0.00000,0
381.000,37.000,0.00000,0
383.000,37.000,0.00000,0
385.000,37.000,0.00000,0
387.000,37.000,0.00000,0
389.000,37.000,0.00000,0
391.000,37.000,0.00000,0
393.000,37.000,0.00000,0
395.000,37.000,0.00000,0
397.000,37.000,0.00000,0
399.000,37.000,0.00000,0
401.000,37.000,0.00000,0
403.000,37.000,0.00000,0
405.000,37.000,0.00000,0
407.000,37.000,0.00000,0
409.000,37.000,0.00000,0
411.000,37.000,0.00000,0
413.000,37.000,0.00000,0
415.000,37.000,0.00000,0
417.000,37.000,0.00000,0
419.000,37.000,0.00000,0
421.000,37.000,0.00000,0
423.000,37.000,0.00000,0
425.000,37.000,0.00000,0
427.000,37.000,0.00000,0
429.000,37.000,0.00000,0
431.000,37.000,0.00000,0
433.000,37.000,0.00000,0
435.000,37.000,0.00000,0
437.000,37.000,0.00000,0
439.000,37.000,0.00000,0
441.000,37.000,0.00000,0
443.000,37.000,0.00000,0
445.000,37.000,0.00000,0
447.000,37.000,0.00000,0
449.000,37.000,0.00000,0
451.000,37.000,0.00000,0
453.000,37.000,0.00000,0
455.000,37.000,0.00000,0
457.000,37.000,0.00000,0
459.000,37.000,0.00000,0
461.000,37.000,0.00000,0
463.000,37.000,0.00000,0
465.000,37.000,0.00000,0
467.000,37.000,0.00000,0
469.000,37.000,0.00000,0
471.000,37.000,0.00000,0
473.000,37.000,0.00000,0
475.000,37.000,0.00000,0
477.000,37.000,0.00000,0
479.000,37.000,0.00000,0
481.000,37.000,0.00000,0
483.000,37.000,0.00000,0
485.000,37.000,0.00000,0
487.000,37.000,0.00000,0
489.000,37.000,0.00000,0
491.000,37.000,0.00000,0
493.000,37.000,0.00000,0
495.000,37.000,0.00000,0
497.000,37.000,0.00000,0
499.000,37.000,0.00000,0
1.000,39.000,1.39831,0
3.000,39.000,1.39065,0
5.000,39.000,1.39068,0
7.000,39.000,1.39070,0
9.000,39.000,1.39067,0
11.000,39.000,1.39058,0
13.000,39.000,1.39039,0
15.000,39.000,1.39009,0
17.000,39.000,1.38964,0
19.000,39.000,1.38900,0
21.000,39.000,1.38811,0
23.000,39.000,1.38691,0
25.000,39.000,1.38530,0
27.000,39.000,1.38320,0
29.000,39.000,1.38050,0
31.000,39.000,1.37710,0
33.000,39.000,1.37292,0
35.000,39.000,1.36785,0
37.000,39.000,1.36184,0
39.000,39.000,1.35482,0
41.000,39.000,1.34678,0
43.000,39.000,1.33774,0
45.000,39.000,1.32777,0
47.000,39.000,1.31696,0
49.000,39.000,1.30546,0
51.000,39.000,1.29341,0
53.000,39.000,1.28094,0
55.000,39.000,1.26816,0
57.000,39.000,1.25525,0
59.000,39.000,1.24228,0
61.000,39.000,1.22933,0
63.000,39.000,1.21666,0
65.000,39.000,1.20413,0
67.000,39.000,1.19160,0
69.000,39.000,1.17925,0
71.000,39.000,1.16718,0
73.000,39.000,1.15518,0
75.000,39.000,1.14320,0
77.000,39.000,1.13143,0
79.000,39.000,1.11989,0
81.000,39.000,1.10839,0
83.000,39.000,1.09691,0
85.000,39.000,1.08571,0
87.000,39.000,1.07474,0
89.000,39.000,1.06376,0
91.000,39.000,1.05294,0
93.000,39.000,1.04252,0
95.000,39.000,1.03221,0
97.000,39.000,1.02193,0
99.000,39.000,1.01202,0
101.000,39.000,1.00248,0
103.000,39.000,0.99296,0
105.000,39.000,0.98354,0
107.000,39.000,0.97463,0
109.000,39.000,0.96604,0
111.000,39.000,0.95741,0
113.000,39.000,0.94905,0
115.000,39.000,0.94107,0
117.000,39.000,0.93314,0
119.000,39.000,0.92499,0
121.000,39.000,0.91710,0
123.000,39.000,0.91380,0
125.000,39.000,0.95297,0
127.000,39.000,1.14755,0
129.000,39.000,1.29046,0
131.000,39.000,1.33689,0
133.000,39.000,1.34824,0
135.000,39.000,1.34675,0
137.000,39.000,1.34011,0
139.000,39.000,1.33528,0
141.000,39.000,1.33530,0
143.000,39.000,1.33986,0
145.000,39.000,1.34364,0
147.000,39.000,1.31938,0
149.000,39.000,1.34032,0
151.000,39.000,0.00000,1
153.000,39.000,0.00000,1
155.000,39.000,0.00000,1
157.000,39.000,0.00000,1
159.000,39.000,0.00000,1
161.000,39.000,0.00000,1
163.000,39.000,0.00000,1
165.000,39.000,0.00000,1
167.000,39.000,0.00000,1
169.000,39.000,0.00000,1
171.000,39.000,0.14080,0
173.000,39.000,0.21982,0
175.000,39.000,0.25317,0
177.000,39.000,0.28787,0
179.000,39.000,0.30463,0
181.000,39.000,0.31306,0
183.000,39.000,0.31926,0
185.000,39.000,0.32017,0
187.000,39.000,0.31627,0
189.000,39.000,0.30583,0
191.000,39.000,0.28783,0
193.000,39.000,0.26172,0
195.000,39.000,0.22474,0
197.000,39.000,0.15617,0
199.000,39.000,0.06158,0
201.000,39.000,0.00432,0
203.000,39.000,0.00013,0
205.000,39.000,0.00000,0
207.000,39.000,0.00000,0
209.000,39.000,0.00000,0
211.000,39.000,0.00000,0
213.000,39.000,0.00000,0
215.000,39.000,0.00000,0
217.000,39.000,0.00000,0
219.000,39.000,0.00000,0
221.000,39.000,0.00000,0
223.000,39.000,0.00000,0
225.000,39.000,0.00000,0
227.000,39.000,0.00000,0
229.000,39.000,0.00000,0
231.000,39.000,0.00000,0
233.000,39.000,0.00000,0
235.000,39.000,0.00000,0
237.000,39.000,0.00000,0
239.000,39.000,0.00000,0
241.000,39.000,0.00000,0
243.000,39.000,0.00000,0
245.000,39.000,0.00000,0
247.000,39.000,0.00000,0
249.000,39.000,0.00000,0
251.000,39.000,0.00000,1
253.000,39.000,0.00000,1
255.000,39.000,0.00000,1
257.000,39.000,0.00000,1
259.000,39.000,0.00000,1
261.000,39.000,0.00000,1
263.000,39.000,0.00000,1
265.000,39.000,0.00000,1
267.000,39.000,0.00000,1
269.000,39.000,0.00000,1
271.000,39.000,0.00000,0
273.000,39.000,0.00000,0
275.000,39.000,0.00000,0
277.000,39.000,0.00000,0
279.000,39.000,0.00000,0
281.000,39.000,0.00000,0
283.000,39.000,0.00000,0
285.000,39.000,0.00000,0
287.000,39.000,0.00000,0
289.000,39.000,0.00000,0
291.000,39.000,0.00000,0
293.000,39.000,0.00000,0
295.000,39.000,0.00000,0
297.000,39.000,0.00000,0
299.000,39.000,0.00000,0
301.000,39.000,0.00000,0
303.000,39.000,0.00000,0
305.000,39.000,0.00000,0
307.000,39.000,0.00000,0
309.000,39.000,0.00000,0
311.000,39.000,0.00000,0
313.000,39.000,0.00000,0
315.000,39.000,0.00000,0
317.000,39.000,0.00000,0
319.000,39.000,0.00000,0
321.000,39.000,0.00000,1
323.000,39.000,0.00000,1
325.000,39.000,0.00000,1
327.000,39.000,0.00000,1
329.000,39.000,0.00000,1
331.000,39.000,0.00000,1
333.000,39.000,0.00000,1
335.000,39.000,0.00000,1
337.000,39.000,0.00000,1
339.000,39.000,0.00000,1
341.000,39.000,0.00000,1
343.000,39.000,0.00000,1
345.000,39.000,0.00000,1
347.000,39.000,0.00000,1
349.000,39.000,0.00000,1
351.000,39.000,0.00000,1
353.000,39.000,0.00000,1
355.000,39.000,0.00000,1
357.000,39.000,0.00000,1
359.000,39.000,0.00000,1
361.000,39.000,0.00000,0
363.000,39.000,0.00000,0
365.000,39.000,0.00000,0
367.000,39.000,0.00000,0
369.000,39.000,0.00000,0
371.000,39.000,0.00000,0
373.000,39.000,0.00000,0
375.000,39.000,0.00000,0
377.000,39.000,0.00000,0
379.000,39.000,0.00000,0
381.000,39.000,0.00000,0
383.000,39.000,0.00000,0
385.000,39.000,0.00000,0
387.000,39.000,0.00000,0
389.000,39.000,0.00000,0
391.000,39.000,0.00000,0
393.000,39.000,0.00000,0
395.000,39.000,0.00000,0
397.000,39.000,0.00000,0
399.000,39.000,0.00000,0
401.000,39.000,0.00000,0
403.000,39.000,0.00000,0
405.000,39.000,0.00000,0
407.000,39.000,0.00000,0
409.000,39.000,0.00000,0
411.000,39.000,0.00000,0
413.000,39.000,0.00000,0
415.000,39.000,0.00000,0
417.000,39.000,0.00000,0
419.000,39.000,0.00000,0
421.000,39.000,0.00000,0
423.000,39.000,0.00000,0
425.000,39.000,0.00000,0
427.000,39.000,0.00000,0
429.000,39.000,0.00000,0
431.000,39.000,0.00000,0
433.000,39.000,0.00000,0
435.000,39.000,0.00000,0
437.000,39.000,0.00000,0
439.000,39.000,0.00000,0
441.000,39.000,0.00000,0
443.000,39.000,0.00000,0
445.000,39.000,0.00000,0
447.000,39.000,0.00000,0
449.000,39.000,0.00000,0
451.000,39.000,0.00000,0
453.000,39.000,0.00000,0
455.000,39.000,0.00000,0
457.000,39.000,0.00000,0
459.000,39.000,0.00000,0
461.000,39.000,0.00000,0
463.000,39.000,0.00000,0
465.000,39.000,0.00000,0
467.000,39.000,0.00000,0
469.000,39.000,0.00000,0
471.000,39.000,0.00000,0
473.000,39.000,0.00000,0
475.000,39.000,0.00000,0
477.000,39.000,0.00000,0
479.000,39.000,0.00000,0
481.000,39.000,0.00000,0
483.000,39.000,0.00000,0
485.000,39.000,0.00000,0
487.000,39.000,0.00000,0
489.000,39.000,0.00000,0
491.000,39.000,0.00000,0
493.000,39.000,0.00000,0
495.000,39.000,0.00000,0
497.000,39.000,0.00000,0
499.000,39.000,0.00000,0
1.000,41.000,1.39831,0
3.000,41.000,1.39065,0
5.000,41.000,1.39068,0
7.000,41.000,1.39070,0
9.000,41.000,1.39067,0
11.000,41.000,1.39058,0
13.000,41.000,1.39039,0
15.000,41.000,1.39009,0
17.000,41.000,1.38964,0
19.000,41.000,1.38900,0
21.000,41.000,1.38811,0
23.000,41.000,1.38691,0
25.000,41.000,1.38530,0
27.000,41.000,1.38320,0
29.000,41.000,1.38050,0
31.000,41.000,1.37710,0
33.000,41.000,1.37292,0
35.000,41.000,1.36785,0
37.000,41.000,1.36184,0
39.000,41.000,1.35482,0
41.000,41.000,1.34678,0
43.000,41.000,1.33774,0
45.000,41.000,1.32777,0
47.000,41.000,1.31696,0
49.000,41.000,1.30546,0
51.000,41.000,1.29341,0
53.000,41.000,1.28094,0
55.000,41.000,1.26816,0
57.000,41.000,1.25525,0
59.000,41.000,1.24228,0
61.000,41.000,1.22933,0
63.000,41.000,1.21666,0
65.000,41.000,1.20413,0
67.000,41.000,1.19160,0
69.000,41.000,1.17925,0
71.000,41.000,1.16718,0
73.000,41.000,1.15518,0
75.000,41.000,1.14320,0
77.000,41.000,1.13143,0
79.000,41.000,1.11989,0
81.000,41.000,1.10839,0
83.000,41.000,1.09691,0
85.000,41.000,1.08571,0
87.000,41.000,1.07474,0
89.000,41.000,1.06376,0
91.000,41.000,1.05294,0
93.000,41.000,1.04252,0
95.000,41.000,1.03221,0
97.000,41.000,1.02193,0
99.000,41.000,1.01202,0
101.000,41.000,1.00248,0
103.000,41.000,0.99296,0
105.000,41.000,0.98354,0
107.000,41.000,0.97463,0
109.000,41.000,0.96604,0
111.000,41.000,0.95741,0
113.000,41.000,0.94904,0
115.000,41.000,0.94107,0
117.000,41.000,0.93318,0
119.000,41.000,0.92503,0
121.000,41.000,0.91723,0
123.000,41.000,0.91257,0
125.000,41.000,0.94767,0
127.000,41.000,1.15165,0
129.000,41.000,1.30570,0
131.000,41.000,1.34868,0
133.000,41.000,1.35467,0
135.000,41.000,1.34738,0
137.000,41.000,1.33422,0
139.000,41.000,1.32643,0
141.000,41.000,1.32232,0
143.000,41.000,1.31833,0
145.000,41.000,1.30391,0
147.000,41.000,1.25409,0
149.000,41.000,1.12889,0
151.000,41.000,0.73182,0
153.000,41.000,0.69889,0
155.000,41.000,0.80358,0
157.000,41.000,0.83469,0
159.000,41.000,0.82880,0
161.000,41.000,0.80653,0
163.000,41.000,0.78607,0
165.000,41.000,0.76531,0
167.000,41.000,0.74304,0
169.000,41.000,0.70653,0
171.000,41.000,0.50169,0
173.000,41.000,0.43048,0
175.000,41.000,0.39917,0
177.000,41.000,0.38406,0
179.000,41.000,0.37558,0
181.000,41.000,0.37176,0
183.000,41.000,0.36806,0
185.000,41.000,0.36255,0
187.000,41.000,0.35326,0
189.000,41.000,0.33909,0
191.000,41.000,0.31912,0
193.000,41.000,0.29206,0
195.000,41.000,0.25621,0
197.000,41.000,0.17686,0
199.000,41.000,0.16147,0
201.000,41.000,0.00000,1
203.000,41.000,0.00000,1
205.000,41.000,0.00000,1
207.000,41.000,0.00000,1
209.000,41.000,0.00000,1
211.000,41.000,0.00000,1
213.000,41.000,0.00000,1
215.000,41.000,0.00000,1
217.000,41.000,0.00000,1
219.000,41.000,0.00000,1
221.000,41.000,0.00000,0
223.000,41.000,0.00000,0
225.000,41.000,0.00000,0
227.000,41.000,0.00000,0
229.000,41.000,0.00000,0
231.000,41.000,0.00000,0
233.000,41.000,0.00000,0
235.000,41.000,0.00000,0
237.000,41.000,0.00000,0
239.000,41.000,0.00000,0
241.000,41.000,0.00000,0
243.000,41.000,0.00000,0
245.000,41.000,0.00000,0
247.000,41.000,0.00000,0
249.000,41.000,0.00000,0
251.000,41.000,0.00000,0
253.000,41.000,0.00000,0
255.000,41.000,0.00000,0
257.000,41.000,0.00000,0
259.000,41.000,0.00000,0
261.000,41.000,0.00000,0
263.000,41.000,0.00000,0
265.000,41.000,0.00000,0
267.000,41.000,0.00000,0
269.000,41.000,0.00000,0
271.000,41.000,0.00000,0
273.000,41.000,0.00000,0
275.000,41.000,0.00000,0
277.000,41.000,0.00000,0
279.000,41.000,0.00000,0
281.000,41.000,0.00000,0
283.000,41.000,0.00000,0
285.000,41.000,0.00000,0
287.000,41.000,0.00000,0
289.000,41.000,0.00000,0
291.000,41.000,0.00000,0
293.000,41.000,0.00000,0
295.000,41.000,0.00000,0
297.000,41.000,0.00000,0
299.000,41.000,0.00000,0
301.000,41.000,0.00000,0
303.000,41.000,0.00000,0
305.000,41.000,0.00000,0
307.000,41.000,0.00000,0
309.000,41.000,0.00000,0
311.000,41.000,0.00000,0
313.000,41.000,0.00000,0
315.000,41.000,0.00000,0
317.000,41.000,0.00000,0
319.000,41.000,0.00000,0
321.000,41.000,0.00000,1
323.000,41.000,0.00000,1
325.000,41.000,0.00000,1
327.000,41.000,0.00000,1
329.000,41.000,0.00000,1
331.000,41.000,0.00000,1
333.000,41.000,0.00000,1
335.000,41.000,0.00000,1
337.000,41.000,0.00000,1
339.000,41.000,0.00000,1
341.000,41.000,0.00000,1
343.000,41.000,0.00000,1
345.000,41.000,0.00000,1
347.000,41.000,0.00000,1
349.000,41.000,0.00000,1
351.000,41.000,0.00000,1
353.000,41.000,0.00000,1
355.000,41.000,0.00000,1
357.000,41.000,0.00000,1
359.000,41.000,0.00000,1
361.000,41.000,0.00000,0
363.000,41.000,0.00000,0
365.000,41.000,0.00000,0
367.000,41.000,0.00000,0
369.000,41.000,0.00000,0
371.000,41.000,0.00000,0
373.000,41.000,0.00000,0
375.000,41.000,0.00000,0
377.000,41.000,0.00000,0
379.000,41.000,0.00000,0
381.000,41.000,0.00000,0
383.000,41.000,0.00000,0
385.000,41.000,0.00000,0
387.000,41.000,0.00000,0
389.000,41.000,0.00000,0
391.000,41.000,0.00000,0
393.000,41.000,0.00000,0
395.000,41.000,0.00000,0
397.000,41.000,0.00000,0
399.000,41.000,0.00000,0
401.000,41.000,0.00000,0
403.000,41.000,0.00000,0
405.000,41.000,0.00000,0
407.000,41.000,0.00000,0
409.000,41.000,0.00000,0
411.000,41.000,0.00000,0
413.000,41.000,0.00000,0
415.000,41.000,0.00000,0
417.000,41.000,0.00000,0
419.000,41.000,0.00000,0
421.000,41.000,0.00000,0
423.000,41.000,0.00000,0
425.000,41.000,0.00000,0
427.000,41.000,0.00000,0
429.000,41.000,0.00000,0
431.000,41.000,0.00000,0
433.000,41.000,0.00000,0
435.000,41.000,0.00000,0
437.000,41.000,0.00000,0
439.000,41.000,0.00000,0
441.000,41.000,0.00000,0
443.000,41.000,0.00000,0
445.000,41.000,0.00000,0
447.000,41.000,0.00000,0
449.000,41.000,0.00000,0
451.000,41.000,0.00000,0
453.000,41.000,0.00000,0
455.000,41.000,0.00000,0
457.000,41.000,0.00000,0
459.000,41.000,0.00000,0
461.000,41.000,0.00000,0
463.000,41.000,0.00000,0
465.000,41.000,0.00000,0
467.000,41.000,0.00000,0
469.000,41.000,0.00000,0
471.000,41.000,0.00000,0
473.000,41.000,0.00000,0
475.000,41.000,0.00000,0
477.000,41.000,0.00000,0
479.000,41.000,0.00000,0
481.000,41.000,0.00000,0
483.000,41.000,0.00000,0
485.000,41.000,0.00000,0
487.000,41.000,0.00000,0
489.000,41.000,0.00000,0
491.000,41.000,0.00000,0
493.000,41.000,0.00000,0
495.000,41.000,0.00000,0
497.000,41.000,0.00000,0
499.000,41.000,0.00000,0
1.000,43.000,1.39831,0
3.000,43.000,1.39065,0
5.000,43.000,1.39068,0
7.000,43.000,1.39070,0
9.000,43.000,1.39067,0
11.000,43.000,1.39058,0
13.000,43.000,1.39039,0
15.000,43.000,1.39009,0
17.000,43.000,1.38964,0
19.000,43.000,1.38900,0
21.000,43.000,1.38811,0
23.000,43.000,1.38691,0
25.000,43.000,1.38530,0
27.000,43.000,1.38320,0
29.000,43.000,1.38050,0
31.000,43.000,1.37710,0
33.000,43.000,1.37292,0
35.000,43.000,1.36785,0
37.000,43.000,1.36184,0
39.000,43.000,1.35482,0
41.000,43.000,1.34678,0
43.000,43.000,1.33774,0
45.000,43.000,1.32777,0
47.000,43.000,1.31696,0
49.000,43.000,1.30546,0
51.000,43.000,1.29341,0
53.000,43.000,1.28094,0
55.000,43.000,1.26816,0
57.000,43.000,1.25525,0
59.000,43.000,1.24228,0
61.000,43.000,1.22933,0
63.000,43.000,1.21666,0
65.000,43.000,1.20413,0
67.000,43.000,1.19160,0
69.000,43.000,1.17925,0
71.000,43.000,1.16718,0
73.000,43.000,1.15518,0
75.000,43.000,1.14320,0
77.000,43.000,1.13143,0
79.000,43.000,1.11989,0
81.000,43.000,1.10839,0
83.000,43.000,1.09691,0
85.000,43.000,1.08571,0
87.000,43.000,1.07474,0
89.000,43.000,1.06376,0
91.000,43.000,1.05294,0
93.000,43.000,1.04252,0
95.000,43.000,1.03221,0
97.000,43.000,1.02193,0
99.000,43.000,1.01202,0
101.000,43.000,1.00248,0
103.000,43.000,0.99296,0
105.000,43.000,0.98355,0
107.000,43.000,0.97463,0
109.000,43.000,0.96604,0
111.000,43.000,0.95741,0
113.000,43.000,0.94903,0
115.000,43.000,0.94107,0
117.000,43.000,0.93320,0
119.000,43.000,0.92510,0
121.000,43.000,0.91732,0
123.000,43.000,0.91176,0
125.000,43.000,0.94464,0
127.000,43.000,1.15532,0
129.000,43.000,1.31664,0
131.000,43.000,1.35732,0
133.000,43.000,1.35959,0
135.000,43.000,1.34246,0
137.000,43.000,1.32507,0
139.000,43.000,1.31390,0
141.000,43.000,1.30823,0
143.000,43.000,1.30131,0
145.000,43.000,1.28374,0
147.000,43.000,1.24023,0
149.000,43.000,1.16704,0
151.000,43.000,0.93506,0
153.000,43.000,0.84405,0
155.000,43.000,0.86876,0
157.000,43.000,0.86359,0
159.000,43.000,0.84505,0
161.000,43.000,0.82027,0
163.000,43.000,0.79739,0
165.000,43.000,0.77678,0
167.000,43.000,0.75769,0
169.000,43.000,0.73356,0
171.000,43.000,0.65377,0
173.000,43.000,0.58007,0
175.000,43.000,0.52653,0
177.000,43.000,0.48840,0
179.000,43.000,0.46061,0
181.000,43.000,0.43984,0
183.000,43.000,0.42200,0
185.000,43.000,0.40515,0
187.000,43.000,0.38781,0
189.000,43.000,0.36853,0
191.000,43.000,0.34569,0
193.000,43.000,0.31747,0
195.000,43.000,0.28154,0
197.000,43.000,0.20460,0
199.000,43.000,0.23315,0
201.000,43.000,0.00000,1
203.000,43.000,0.00000,1
205.000,43.000,0.00000,1
207.000,43.000,0.00000,1
209.000,43.000,0.00000,1
211.000,43.000,0.00000,1
213.000,43.000,0.00000,1
215.000,43.000,0.00000,1
217.000,43.000,0.00000,1
219.000,43.000,0.00000,1
221.000,43.000,0.00000,0
223.000,43.000,0.00000,0
225.000,43.000,0.00000,0
227.000,43.000,0.00000,0
229.000,43.000,0.00000,0
231.000,43.000,0.00000,0
233.000,43.000,0.00000,0
235.000,43.000,0.00000,0
237.000,43.000,0.00000,0
239.000,43.000,0.00000,0
241.000,43.000,0.00000,0
243.000,43.000,0.00000,0
245.000,43.000,0.00000,0
247.000,43.000,0.00000,0
249.000,43.000,0.00000,0
251.000,43.000,0.00000,0
253.000,43.000,0.00000,0
255.000,43.000,0.00000,0
257.000,43.000,0.00000,0
259.000,43.000,0.00000,0
261.000,43.000,0.00000,0
263.000,43.000,0.00000,0
265.000,43.000,0.00000,0
267.000,43.000,0.00000,0
269.000,43.000,0.00000,0
271.000,43.000,0.00000,0
273.000,43.000,0.00000,0
275.000,43.000,0.00000,0
277.000,43.000,0.00000,0
279.000,43.000,0.00000,0
281.000,43.000,0.00000,0
283.000,43.000,0.00000,0
285.000,43.000,0.00000,0
287.000,43.000,0.00000,0
289.000,43.000,0.00000,0
291.000,43.000,0.00000,0
293.000,43.000,0.00000,0
295.000,43.000,0.00000,0
297.000,43.000,0.00000,0
299.000,43.000,0.00000,0
301.000,43.000,0.00000,0
303.000,43.000,0.00000,0
305.000,43.000,0.00000,0
307.000,43.000,0.00000,0
309.000,43.000,0.00000,0
311.000,43.000,0.00000,0
313.000,43.000,0.00000,0
315.000,43.000,0.00000,0
317.000,43.000,0.00000,0
319.000,43.000,0.00000,0
321.000,43.000,0.00000,1
323.000,43.000,0.00000,1
325.000,43.000,0.00000,1
327.000,43.000,0.00000,1
329.000,43.000,0.00000,1
331.000,43.000,0.00000,1
333.000,43.000,0.00000,1
335.000,43.000,0.00000,1
337.000,43.000,0.00000,1
339.000,43.000,0.00000,1
341.000,43.000,0.00000,1
343.000,43.000,0.00000,1
345.000,43.000,0.00000,1
347.000,43.000,0.00000,1
349.000,43.000,0.00000,1
351.000,43.000,0.00000,1
353.000,43.000,0.00000,1
355.000,43.000,0.00000,1
357.000,43.000,0.00000,1
359.000,43.000,0.00000,1
361.000,43.000,0.00000,0
363.000,43.000,0.00000,0
365.000,43.000,0.00000,0
367.000,43.000,0.00000,0
369.000,43.000,0.00000,0
371.000,43.000,0.00000,0
373.000,43.000,0.00000,0
375.000,43.000,0.00000,0
377.000,43.000,0.00000,0
379.000,43.000,0.00000,0
381.000,43.000,0.00000,0
383.000,43.000,0.00000,0
385.000,43.000,0.00000,0
387.000,43.000,0.00000,0
389.000,43.000,0.00000,0
391.000,43.000,0.00000,0
393.000,43.000,0.00000,0
395.000,43.000,0.00000,0
397.000,43.000,0.00000,0
399.000,43.000,0.00000,0
401.000,43.000,0.00000,0
403.000,43.000,0.00000,0
405.000,43.000,0.00000,0
407.000,43.000,0.00000,0
409.000,43.000,0.00000,0
411.000,43.000,0.00000,0
413.000,43.000,0.00000,0
415.000,43.000,0.00000,0
417.000,43.000,0.00000,0
419.000,43.000,0.00000,0
421.000,43.000,0.00000,0
423.000,43.000,0.00000,0
425.000,43.000,0.00000,0
427.000,43.000,0.00000,0
429.000,43.000,0.00000,0
431.000,43.000,0.00000,0
433.000,43.000,0.00000,0
435.000,43.000,0.00000,0
437.000,43.000,0.00000,0
439.000,43.000,0.00000,0
441.000,43.000,0.00000,0
443.000,43.000,0.00000,0
445.000,43.000,0.00000,0
447.000,43.000,0.00000,0
449.000,43.000,0.00000,0
451.000,43.000,0.00000,0
453.000,43.000,0.00000,0
455.000,43.000,0.00000,0
457.000,43.000,0.00000,0
459.000,43.000,0.00000,0
461.000,43.000,0.00000,0
463.000,43.000,0.00000,0
465.000,43.000,0.00000,0
467.000,43.000,0.00000,0
469.000,43.000,0.00000,0
471.000,43.000,0.00000,0
473.000,43.000,0.00000,0
475.000,43.000,0.00000,0
477.000,43.000,0.00000,0
479.000,43.000,0.00000,0
481.000,43.000,0.00000,0
483.000,43.000,0.00000,0
485.000,43.000,0.00000,0
487.000,43.000,0.00000,0
489.000,43.000,0.00000,0
491.000,43.000,0.00000,0
493.000,43.000,0.00000,0
495.000,43.000,0.00000,0
497.000,43.000,0.00000,0
499.000,43.000,0.00000,0
1.000,45.000,1.39831,0
3.000,45.000,1.39065,0
5.000,45.000,1.39068,0
7.000,45.000,1.39070,0
9.000,45.000,1.39067,0
11.000,45.000,1.39058,0
13.000,45.000,1.39039,0
15.000,45.000,1.39009,0
17.000,45.000,1.38964,0
19.000,45.000,1.38900,0
21.000,45.000,1.38811,0
23.000,45.000,1.38691,0
25.000,45.000,1.38530,0
27.000,45.000,1.38320,0
29.000,45.000,1.38050,0
31.000,45.000,1.37710,0
33.000,45.000,1.37292,0
35.000,45.000,1.36785,0
37.000,45.000,1.36184,0
39.000,45.000,1.35482,0
41.000,45.000,1.34678,0
43.000,45.000,1.33774,0
45.000,45.000,1.32777,0
47.000,45.000,1.31696,0
49.000,45.000,1.30546,0
51.000,45.000,1.29341,0
53.000,45.000,1.28094,0
55.000,45.000,1.26816,0
57.000,45.000,1.25525,0
59.000,45.000,1.24228,0
61.000,45.000,1.22933,0
63.000,45.000,1.21666,0
65.000,45.000,1.20413,0
67.000,45.000,1.19160,0
69.000,45.000,1.17925,0
71.000,45.000,1.16718,0
73.000,45.000,1.15518,0
75.000,45.000,1.14320,0
77.000,45.000,1.13143,0
79.000,45.000,1.11989,0
81.000,45.000,1.10839,0
83.000,45.000,1.09691,0
85.000,45.000,1.08571,0
87.000,45.000,1.07474,0
89.000,45.000,1.06376,0
91.000,45.000,1.05294,0
93.000,45.000,1.04252,0
95.000,45.000,1.03221,0
97.000,45.000,1.02193,0
99.000,45.000,1.01202,0
101.000,45.000,1.00248,0
103.000,45.000,0.99296,0
105.000,45.000,0.98355,0
107.000,45.000,0.97463,0
109.000,45.000,0.96604,0
111.000,45.000,0.95741,0
113.000,45.000,0.94902,0
115.000,45.000,0.94107,0
117.000,45.000,0.93321,0
119.000,45.000,0.92515,0
121.000,45.000,0.91737,0
123.000,45.000,0.91135,0
125.000,45.000,0.94309,0
127.000,45.000,1.15872,0
129.000,45.000,1.32460,0
131.000,45.000,1.36450,0
133.000,45.000,1.36243,0
135.000,45.000,1.33789,0
137.000,45.000,1.31943,0
139.000,45.000,1.30820,0
141.000,45.000,1.29981,0
143.000,45.000,1.29061,0
145.000,45.000,1.27215,0
147.000,45.000,1.23309,0
149.000,45.000,1.16850,0
151.000,45.000,1.03448,0
153.000,45.000,0.93854,0
155.000,45.000,0.90596,0
157.000,45.000,0.87568,0
159.000,45.000,0.85010,0
161.000,45.000,0.82476,0
163.000,45.000,0.80318,0
165.000,45.000,0.78516,0
167.000,45.000,0.76979,0
169.000,45.000,0.75279,0
171.000,45.000,0.71706,0
173.000,45.000,0.66733,0
175.000,45.000,0.61684,0
177.000,45.000,0.56916,0
179.000,45.000,0.53108,0
181.000,45.000,0.49681,0
183.000,45.000,0.46851,0
185.000,45.000,0.44303,0
187.000,45.000,0.41872,0
189.000,45.000,0.39433,0
191.000,45.000,0.36815,0
193.000,45.000,0.33808,0
195.000,45.000,0.30142,0
197.000,45.000,0.22534,0
199.000,45.000,0.29075,0
201.000,45.000,0.00000,1
203.000,45.000,0.00000,1
205.000,45.000,0.00000,1
207.000,45.000,0.00000,1
209.000,45.000,0.00000,1
211.000,45.000,0.00000,1
213.000,45.000,0.00000,1
215.000,45.000,0.00000,1
217.000,45.000,0.00000,1
219.000,45.000,0.00000,1
221.000,45.000,0.00000,0
223.000,45.000,0.00000,0
225.000,45.000,0.00000,0
227.000,45.000,0.00000,0
229.000,45.000,0.00000,0
231.000,45.000,0.00000,0
233.000,45.000,0.00000,0
235.000,45.000,0.00000,0
237.000,45.000,0.00000,0
239.000,45.000,0.00000,0
241.000,45.000,0.00000,0
243.000,45.000,0.00000,0
245.000,45.000,0.00000,0
247.000,45.000,0.00000,0
249.000,45.000,0.00000,0
251.000,45.000,0.00000,0
253.000,45.000,0.00000,0
255.000,45.000,0.00000,0
257.000,45.000,0.00000,0
259.000,45.000,0.00000,0
261.000,45.000,0.00000,0
263.000,45.000,0.00000,0
265.000,45.000,0.00000,0
267.000,45.000,0.00000,0
269.000,45.000,0.00000,0
271.000,45.000,0.00000,0
273.000,45.000,0.00000,0
275.000,45.000,0.00000,0
277.000,45.000,0.00000,0
279.000,45.000,0.00000,0
281.000,45.000,0.00000,0
283.000,45.000,0.00000,0
285.000,45.000,0.00000,0
287.000,45.000,0.00000,0
289.000,45.000,0.00000,0
291.000,45.000,0.00000,0
293.000,45.000,0.00000,0
295.000,45.000,0.00000,0
297.000,45.000,0.00000,0
299.000,45.000,0.00000,0
301.000,45.000,0.00000,0
303.000,45.000,0.00000,0
305.000,45.000,0.00000,0
307.000,45.000,0.00000,0
309.000,45.000,0.00000,0
311.000,45.000,0.00000,0
313.000,45.000,0.00000,0
315.000,45.000,0.00000,0
317.000,45.000,0.00000,0
319.000,45.000,0.00000,0
321.000,45.000,0.00000,1
323.000,45.000,0.00000,1
325.000,45.000,0.00000,1
327.000,45.000,0.00000,1
329.000,45.000,0.00000,1
331.000,45.000,0.00000,1
333.000,45.000,0.00000,1
335.000,45.000,0.00000,1
337.000,45.000,0.00000,1
339.000,45.000,0.00000,1
341.000,45.000,0.00000,1
343.000,45.000,0.00000,1
345.000,45.000,0.00000,1
347.000,45.000,0.00000,1
349.000,45.000,0.00000,1
351.000,45.000,0.00000,1
353.000,45.000,0.00000,1
355.000,45.000,0.00000,1
357.000,45.000,0.00000,1
359.000,45.000,0.00000,1
361.000,45.000,0.00000,0
363.000,45.000,0.00000,0
365.000,45.000,0.00000,0
367.000,45.000,0.00000,0
369.000,45.000,0.00000,0
371.000,45.000,0.00000,0
373.000,45.000,0.00000,0
375.000,45.000,0.00000,0
377.000,45.000,0.00000,0
379.000,45.000,0.00000,0
381.000,45.000,0.00000,0
383.000,45.000,0.00000,0
385.000,45.000,0.00000,0
387.000,45.000,0.00000,0
389.000,45.000,0.00000,0
391.000,45.000,0.00000,0
393.000,45.000,0.00000,0
395.000,45.000,0.00000,0
397.000,45.000,0.00000,0
399.000,45.000,0.00000,0
401.000,45.000,0.00000,0
403.000,45.000,0.00000,0
405.000,45.000,0.00000,0
407.000,45.000,0.00000,0
409.000,45.000,0.00000,0
411.000,45.000,0.00000,0
413.000,45.000,0.00000,0
415.000,45.000,0.00000,0
417.000,45.000,0.00000,0
419.000,45.000,0.00000,0
421.000,45.000,0.00000,0
423.000,45.000,0.00000,0
425.000,45.000,0.00000,0
427.000,45.000,0.00000,0
429.000,45.000,0.00000,0
431.000,45.000,0.00000,0
433.000,45.000,0.00000,0
435.000,45.000,0.00000,0
437.000,45.000,0.00000,0
439.000,45.000,0.00000,0
441.000,45.000,0.00000,0
443.000,45.000,0.00000,0
445.000,45.000,0.00000,0
447.000,45.000,0.00000,0
449.000,45.000,0.00000,0
451.000,45.000,0.00000,0
453.000,45.000,0.00000,0
455.000,45.000,0.00000,0
457.000,45.000,0.00000,0
459.000,45.000,0.00000,0
461.000,45.000,0.00000,0
463.000,45.000,0.00000,0
465.000,45.000,0.00000,0
467.000,45.000,0.00000,0
469.000,45.000,0.00000,0
471.000,45.000,0.00000,0
473.000,45.000,0.00000,0
475.000,45.000,0.00000,0
477.000,45.000,0.00000,0
479.000,45.000,0.00000,0
481.000,45.000,0.00000,0
483.000,45.000,0.00000,0
485.000,45.000,0.00000,0
487.000,45.000,0.00000,0
489.000,45.000,0.00000,0
491.000,45.000,0.00000,0
493.000,45.000,0.00000,0
495.000,45.000,0.00000,0
497.000,45.000,0.00000,0
499.000,45.000,0.00000,0
1.000,47.000,1.39831,0
3.000,47.000,1.39065,0
5.000,47.000,1.39068,0
7.000,47.000,1.39070,0
9.000,47.000,1.39067,0
11.000,47.000,1.39058,0
13.000,47.000,1.39039,0
15.000,47.000,1.39009,0
17.000,47.000,1.38964,0
19.000,47.000,1.38900,0
21.000,47.000,1.38811,0
23.000,47.000,1.38691,0
25.000,47.000,1.38530,0
27.000,47.000,1.38320,0
29.000,47.000,1.38050,0
31.000,47.000,1.37710,0
33.000,47.000,1.37292,0
35.000,47.000,1.36785,0
37.000,47.000,1.36184,0
39.000,47.000,1.35482,0
41.000,47.000,1.34678,0
43.000,47.000,1.33774,0
45.000,47.000,1.32777,0
47.000,47.000,1.31696,0
49.000,47.000,1.30546,0
51.000,47.000,1.29341,0
53.000,47.000,1.28094,0
55.000,47.000,1.26816,0
57.000,47.000,1.25525,0
59.000,47.000,1.24228,0
61.000,47.000,1.22933,0
63.000,47.000,1.21666,0
65.000,47.000,1.20413,0
67.000,47.000,1.19160,0
69.000,47.000,1.17925,0
71.000,47.000,1.16718,0
73.000,47.000,1.15518,0
75.000,47.000,1.14320,0
77.000,47.000,1.13143,0
79.000,47.000,1.11989,0
81.000,47.000,1.10839,0
83.000,47.000,1.09691,0
85.000,47.000,1.08571,0
87.000,47.000,1.07474,0
89.000,47.000,1.06376,0
91.000,47.000,1.05294,0
93.000,47.000,1.04252,0
95.000,47.000,1.03221,0
97.000,47.000,1.02193,0
99.000,47.000,1.01202,0
101.000,47.000,1.00248,0
103.000,47.000,0.99296,0
105.000,47.000,0.98355,0
107.000,47.000,0.97463,0
109.000,47.000,0.96604,0
111.000,47.000,0.95741,0
113.000,47.000,0.94902,0
115.000,47.000,0.94107,0
117.000,47.000,0.93321,0
119.000,47.000,0.92518,0
121.000,47.000,0.91740,0
123.000,47.000,0.91118,0
125.000,47.000,0.94236,0
127.000,47.000,1.16057,0
129.000,47.000,1.32978,0
131.000,47.000,1.36837,0
133.000,47.000,1.36423,0
135.000,47.000,1.33548,0
137.000,47.000,1.31582,0
139.000,47.000,1.30436,0
141.000,47.000,1.29436,0
143.000,47.000,1.28300,0
145.000,47.000,1.26352,0
147.000,47.000,1.22767,0
149.000,47.000,1.17181,0
151.000,47.000,1.07599,0
153.000,47.000,0.98972,0
155.000,47.000,0.92553,0
157.000,47.000,0.87929,0
159.000,47.000,0.85083,0
161.000,47.000,0.82734,0
163.000,47.000,0.81058,0
165.000,47.000,0.79683,0
167.000,47.000,0.78490,0
169.000,47.000,0.77190,0
171.000,47.000,0.75070,0
173.000,47.000,0.71607,0
175.000,47.000,0.67243,0
177.000,47.000,0.62592,0
179.000,47.000,0.57927,0
181.000,47.000,0.53695,0
183.000,47.000,0.50174,0
185.000,47.000,0.47166,0
187.000,47.000,0.44366,0
189.000,47.000,0.41562,0
191.000,47.000,0.38634,0
193.000,47.000,0.35401,0
195.000,47.000,0.31607,0
197.000,47.000,0.23973,0
199.000,47.000,0.33191,0
201.000,47.000,0.00000,1
203.000,47.000,0.00000,1
205.000,47.000,0.00000,1
207.000,47.000,0.00000,1
209.000,47.000,0.00000,1
211.000,47.000,0.00000,1
213.000,47.000,0.00000,1
215.000,47.000,0.00000,1
217.000,47.000,0.00000,1
219.000,47.000,0.00000,1
221.000,47.000,0.00000,0
223.000,47.000,0.00000,0
225.000,47.000,0.00000,0
227.000,47.000,0.00000,0
229.000,47.000,0.00000,0
231.000,47.000,0.00000,0
233.000,47.000,0.00000,0
235.000,47.000,0.00000,0
237.000,47.000,0.00000,0
239.000,47.000,0.00000,0
241.000,47.000,0.00000,0
243.000,47.000,0.00000,0
245.000,47.000,0.00000,0
247.000,47.000,0.00000,0
249.000,47.000,0.00000,0
251.000,47.000,0.00000,0
253.000,47.000,0.00000,0
255.000,47.000,0.00000,0
257.000,47.000,0.00000,0
259.000,47.000,0.00000,0
261.000,47.000,0.00000,0
263.000,47.000,0.00000,0
265.000,47.000,0.00000,0
267.000,47.000,0.00000,0
269.000,47.000,0.00000,0
271.000,47.000,0.00000,0
273.000,47.000,0.00000,0
275.000,47.000,0.00000,0
277.000,47.000,0.00000,0
279.000,47.000,0.00000,0
281.000,47.000,0.00000,0
283.000,47.000,0.00000,0
285.000,47.000,0.00000,0
287.000,47.000,0.00000,0
289.000,47.000,0.00000,0
291.000,47.000,0.00000,0
293.000,47.000,0.00000,0
295.000,47.000,0.00000,0
297.000,47.000,0.00000,0
299.000,47.000,0.00000,0
301.000,47.000,0.00000,0
303.000,47.000,0.00000,0
305.000,47.000,0.00000,0
307.000,47.000,0.00000,0
309.000,47.000,0.00000,0
311.000,47.000,0.00000,0
313.000,47.000,0.00000,0
315.000,47.000,0.00000,0
317.000,47.000,0.00000,0
319.000,47.000,0.00000,0
321.000,47.000,0.00000,1
323.000,47.000,0.00000,1
325.000,47.000,0.00000,1
327.000,47.000,0.00000,1
329.000,47.000,0.00000,1
331.000,47.000,0.00000,1
333.000,47.000,0.00000,1
335.000,47.000,0.00000,1
337.000,47.000,0.00000,1
339.000,47.000,0.00000,1
341.000,47.000,0.00000,1
343.000,47.000,0.00000,1
345.000,47.000,0.00000,1
347.000,47.000,0.00000,1
349.000,47.000,0.00000,1
351.000,47.000,0.00000,1
353.000,47.000,0.00000,1
355.000,47.000,0.00000,1
357.000,47.000,0.00000,1
359.000,47.000,0.00000,1
361.000,47.000,0.00000,0
363.000,47.000,0.00000,0
365.000,47.000,0.00000,0
367.000,47.000,0.00000,0
369.000,47.000,0.00000,0
371.000,47.000,0.00000,0
373.000,47.000,0.00000,0
375.000,47.000,0.00000,0
377.000,47.000,0.00000,0
379.000,47.000,0.00000,0
381.000,47.000,0.00000,0
383.000,47.000,0.00000,0
385.000,47.000,0.00000,0
387.000,47.000,0.00000,0
389.000,47.000,0.00000,0
391.000,47.000,0.00000,0
393.000,47.000,0.00000,0
395.000,47.000,0.00000,0
397.000,47.000,0.00000,0
399.000,47.000,0.00000,0
401.000,47.000,0.00000,0
403.000,47.000,0.00000,0
405.000,47.000,0.00000,0
407.000,47.000,0.00000,0
409.000,47.000,0.00000,0
411.000,47.000,0.00000,0
413.000,47.000,0.00000,0
415.000,47.000,0.00000,0
417.000,47.000,0.00000,0
419.000,47.000,0.00000,0
421.000,47.000,0.00000,0
423.000,47.000,0.00000,0
425.000,47.000,0.00000,0
427.000,47.000,0.00000,0
429.000,47.000,0.00000,0
431.000,47.000,0.00000,0
433.000,47.000,0.00000,0
435.000,47.000,0.00000,0
437.000,47.000,0.00000,0
439.000,47.000,0.00000,0
441.000,47.000,0.00000,0
443.000,47.000,0.00000,0
445.000,47.000,0.00000,0
447.000,47.000,0.00000,0
449.000,47.000,0.00000,0
451.000,47.000,0.00000,0
453.000,47.000,0.00000,0
455.000,47.000,0.00000,0
457.000,47.000,0.00000,0
459.000,47.000,0.00000,0
461.000,47.000,0.00000,0
463.000,47.000,0.00000,0
465.000,47.000,0.00000,0
467.000,47.000,0.00000,0
469.000,47.000,0.00000,0
471.000,47.000,0.00000,0
473.000,47.000,0.00000,0
475.000,47.000,0.00000,0
477.000,47.000,0.00000,0
479.000,47.000,0.00000,0
481.000,47.000,0.00000,0
483.000,47.000,0.00000,0
485.000,47.000,0.00000,0
487.000,47.000,0.00000,0
489.000,47.000,0.00000,0
491.000,47.000,0.00000,0
493.000,47.000,0.00000,0
495.000,47.000,0.00000,0
497.000,47.000,0.00000,0
499.000,47.000,0.00000,0
1.000,49.000,1.39831,0
3.000,49.000,1.39065,0
5.000,49.000,1.39068,0
7.000,49.000,1.39070,0
9.000,49.000,1.39067,0
11.000,49.000,1.39058,0
13.000,49.000,1.39039,0
15.000,49.000,1.39009,0
17.000,49.000,1.38964,0
19.000,49.000,1.38900,0
21.000,49.000,1.38811,0
23.000,49.000,1.38691,0
25.000,49.000,1.38530,0
27.000,49.000,1.38320,0
29.000,49.000,1.38050,0
31.000,49.000,1.37710,0
33.000,49.000,1.37292,0
35.000,49.000,1.36785,0
37.000,49.000,1.36184,0
39.000,49.000,1.35482,0
41.000,49.000,1.34678,0
43.000,49.000,1.33774,0
45.000,49.000,1.32777,0
47.000,49.000,1.31696,0
49.000,49.000,1.30546,0
51.000,49.000,1.29341,0
53.000,49.000,1.28094,0
55.000,49.000,1.26816,0
57.000,49.000,1.25525,0
59.000,49.000,1.24228,0
61.000,49.000,1.22933,0
63.000,49.000,1.21666,0
65.000,49.000,1.20413,0
67.000,49.000,1.19160,0
69.000,49.000,1.17925,0
71.000,49.000,1.16718,0
73.000,49.000,1.15518,0
75.000,49.000,1.14320,0
77.000,49.000,1.13143,0
79.000,49.000,1.11989,0
81.000,49.000,1.10839,0
83.000,49.000,1.09691,0
85.000,49.000,1.08571,0
87.000,49.000,1.07474,0
89.000,49.000,1.06376,0
91.000,49.000,1.05294,0
93.000,49.000,1.04252,0
95.000,49.000,1.03221,0
97.000,49.000,1.02193,0
99.000,49.000,1.01202,0
101.000,49.000,1.00248,0
103.000,49.000,0.99296,0
105.000,49.000,0.98355,0
107.000,49.000,0.97463,0
109.000,49.000,0.96604,0
111.000,49.000,0.95742,0
113.000,49.000,0.94902,0
115.000,49.000,0.94107,0
117.000,49.000,0.93322,0
119.000,49.000,0.92519,0
121.000,49.000,0.91742,0
123.000,49.000,0.91113,0
125.000,49.000,0.94216,0
127.000,49.000,1.16200,0
129.000,49.000,1.33296,0
131.000,49.000,1.37072,0
133.000,49.000,1.36531,0
135.000,49.000,1.33478,0
137.000,49.000,1.31410,0
139.000,49.000,1.30254,0
141.000,49.000,1.29220,0
143.000,49.000,1.27969,0
145.000,49.000,1.25932,0
147.000,49.000,1.22458,0
149.000,49.000,1.17554,0
151.000,49.000,1.09298,0
153.000,49.000,1.01372,0
155.000,49.000,0.93613,0
157.000,49.000,0.88129,0
159.000,49.000,0.85053,0
161.000,49.000,0.82839,0
163.000,49.000,0.81526,0
165.000,49.000,0.80423,0
167.000,49.000,0.79434,0
169.000,49.000,0.78384,0
171.000,49.000,0.76881,0
173.000,49.000,0.74146,0
175.000,49.000,0.70345,0
177.000,49.000,0.65937,0
179.000,49.000,0.61335,0
181.000,49.000,0.56668,0
183.000,49.000,0.52579,0
185.000,49.000,0.49196,0
187.000,49.000,0.46129,0
189.000,49.000,0.43087,0
191.000,49.000,0.39937,0
193.000,49.000,0.36504,0
195.000,49.000,0.32572,0
197.000,49.000,0.24847,0
199.000,49.000,0.35540,0
201.000,49.000,0.00000,1
203.000,49.000,0.00000,1
205.000,49.000,0.00000,1
207.000,49.000,0.00000,1
209.000,49.000,0.00000,1
211.000,49.000,0.00000,1
213.000,49.000,0.00000,1
215.000,49.000,0.00000,1
217.000,49.000,0.00000,1
219.000,49.000,0.00000,1
221.000,49.000,0.00000,0
223.000,49.000,0.00000,0
225.000,49.000,0.00000,0
227.000,49.000,0.00000,0
229.000,49.000,0.00000,0
231.000,49.000,0.00000,0
233.000,49.000,0.00000,0
235.000,49.000,0.00000,0
237.000,49.000,0.00000,0
239.000,49.000,0.00000,0
241.000,49.000,0.00000,0
243.000,49.000,0.00000,0
245.000,49.000,0.00000,0
247.000,49.000,0.00000,0
249.000,49.000,0.00000,0
251.000,49.000,0.00000,0
253.000,49.000,0.00000,0
255.000,49.000,0.00000,0
257.000,49.000,0.00000,0
259.000,49.000,0.00000,0
261.000,49.000,0.00000,0
263.000,49.000,0.00000,0
265.000,49.000,0.00000,0
267.000,49.000,0.00000,0
269.000,49.000,0.00000,0
271.000,49.000,0.00000,0
273.000,49.000,0.00000,0
275.000,49.000,0.00000,0
277.000,49.000,0.00000,0
279.000,49.000,0.00000,0
281.000,49.000,0.00000,0
283.000,49.000,0.00000,0
285.000,49.000,0.00000,0
287.000,49.000,0.00000,0
289.000,49.000,0.00000,0
291.000,49.000,0.00000,0
293.000,49.000,0.00000,0
295.000,49.000,0.00000,0
297.000,49.000,0.00000,0
299.000,49.000,0.00000,0
301.000,49.000,0.00000,0
303.000,49.000,0.00000,0
305.000,49.000,0.00000,0
307.000,49.000,0.00000,0
309.000,49.000,0.00000,0
311.000,49.000,0.00000,0
313.000,49.000,0.00000,0
315.000,49.000,0.00000,0
317.000,49.000,0.00000,0
319.000,49.000,0.00000,0
321.000,49.000,0.00000,1
323.000,49.000,0.00000,1
325.000,49.000,0.00000,1
327.000,49.000,0.00000,1
329.000,49.000,0.00000,1
331.000,49.000,0.00000,1
333.000,49.000,0.00000,1
335.000,49.000,0.00000,1
337.000,49.000,0.00000,1
339.000,49.000,0.00000,1
341.000,49.000,0.00000,1
343.000,49.000,0.00000,1
345.000,49.000,0.00000,1
347.000,49.000,0.00000,1
349.000,49.000,0.00000,1
351.000,49.000,0.00000,1
353.000,49.000,0.00000,1
355.000,49.000,0.00000,1
357.000,49.000,0.00000,1
359.000,49.000,0.00000,1
361.000,49.000,0.00000,0
363.000,49.000,0.00000,0
365.000,49.000,0.00000,0
367.000,49.000,0.00000,0
369.000,49.000,0.00000,0
371.000,49.000,0.00000,0
373.000,49.000,0.00000,0
375.000,49.000,0.00000,0
377.000,49.000,0.00000,0
379.000,49.000,0.00000,0
381.000,49.000,0.00000,0
383.000,49.000,0.00000,0
385.000,49.000,0.00000,0
387.000,49.000,0.00000,0
389.000,49.000,0.00000,0
391.000,49.000,0.00000,0
393.000,49.000,0.00000,0
395.000,49.000,0.00000,0
397.000,49.000,0.00000,0
399.000,49.000,0.00000,0
401.000,49.000,0.00000,0
403.000,49.000,0.00000,0
405.000,49.000,0.00000,0
407.000,49.000,0.00000,0
409.000,49.000,0.00000,0
411.000,49.000,0.00000,0
413.000,49.000,0.00000,0
415.000,49.000,0.00000,0
417.000,49.000,0.00000,0
419.000,49.000,0.00000,0
421.000,49.000,0.00000,0
423.000,49.000,0.00000,0
425.000,49.000,0.00000,0
427.000,49.000,0.00000,0
429.000,49.000,0.00000,0
431.000,49.000,0.00000,0
433.000,49.000,0.00000,0
435.000,49.000,0.00000,0
437.000,49.000,0.00000,0
439.000,49.000,0.00000,0
441.000,49.000,0.00000,0
443.000,49.000,0.00000,0
445.000,49.000,0.00000,0
447.000,49.000,0.00000,0
449.000,49.000,0.00000,0
451.000,49.000,0.00000,0
453.000,49.000,0.00000,0
455.000,49.000,0.00000,0
457.000,49.000,0.00000,0
459.000,49.000,0.00000,0
461.000,49.000,0.00000,0
463.000,49.000,0.00000,0
465.000,49.000,0.00000,0
467.000,49.000,0.00000,0
469.000,49.000,0.00000,0
471.000,49.000,0.00000,0
473.000,49.000,0.00000,0
475.000,49.000,0.00000,0
477.000,49.000,0.00000,0
479.000,49.000,0.00000,0
481.000,49.000,0.00000,0
483.000,49.000,0.00000,0
485.000,49.000,0.00000,0
487.000,49.000,0.00000,0
489.000,49.000,0.00000,0
491.000,49.000,0.00000,0
493.000,49.000,0.00000,0
495.000,49.000,0.00000,0
497.000,49.000,0.00000,0
499.000,49.000,0.00000,0
1.000,51.000,1.39831,0
3.000,51.000,1.39065,0
5.000,51.000,1.39068,0
7.000,51.000,1.39070,0
9.000,51.000,1.39067,0
11.000,51.000,1.39058,0
13.000,51.000,1.39039,0
15.000,51.000,1.39009,0
17.000,51.000,1.38964,0
19.000,51.000,1.38900,0
21.000,51.000,1.38811,0
23.000,51.000,1.38691,0
25.000,51.000,1.38530,0
27.000,51.000,1.38320,0
29.000,51.000,1.38050,0
31.000,51.000,1.37710,0
33.000,51.000,1.37292,0
35.000,51.000,1.36785,0
37.000,51.000,1.36184,0
39.000,51.000,1.35482,0
41.000,51.000,1.34678,0
43.000,51.000,1.33774,0
45.000,51.000,1.32777,0
47.000,51.000,1.31696,0
49.000,51.000,1.30546,0
51.000,51.000,1.29341,0
53.000,51.000,1.28094,0
55.000,51.000,1.26816,0
57.000,51.000,1.25525,0
59.000,51.000,1.24228,0
61.000,51.000,1.22933,0
63.000,51.000,1.21666,0
65.000,51.000,1.20413,0
67.000,51.000,1.19160,0
69.000,51.000,1.17925,0
71.000,51.000,1.16718,0
73.000,51.000,1.15518,0
75.000,51.000,1.14320,0
77.000,51.000,1.13143,0
79.000,51.000,1.11989,0
81.000,51.000,1.10839,0
83.000,51.000,1.09691,0
85.000,51.000,1.08571,0
87.000,51.000,1.07474,0
89.000,51.000,1.06376,0
91.000,51.000,1.05294,0
93.000,51.000,1.04252,0
95.000,51.000,1.03221,0
97.000,51.000,1.02193,0
99.000,51.000,1.01202,0
101.000,51.000,1.00248,0
103.000,51.000,0.99296,0
105.000,51.000,0.98355,0
107.000,51.000,0.97463,0
109.000,51.000,0.96604,0
111.000,51.000,0.95742,0
113.000,51.000,0.94902,0
115.000,51.000,0.94107,0
117.000,51.000,0.93322,0
119.000,51.000,0.92519,0
121.000,51.000,0.91742,0
123.000,51.000,0.91113,0
125.000,51.000,0.94216,0
127.000,51.000,1.16200,0
129.000,51.000,1.33296,0
131.000,51.000,1.37072,0
133.000,51.000,1.36531,0
135.000,51.000,1.33478,0
137.000,51.000,1.31410,0
139.000,51.000,1.30254,0
141.000,51.000,1.29220,0
143.000,51.000,1.27969,0
145.000,51.000,1.25932,0
147.000,51.000,1.22458,0
149.000,51.000,1.17554,0
151.000,51.000,1.09298,0
153.000,51.000,1.01372,0
155.000,51.000,0.93613,0
157.000,51.000,0.88129,0
159.000,51.000,0.85053,0
161.000,51.000,0.82839,0
163.000,51.000,0.81526,0
165.000,51.000,0.80423,0
167.000,51.000,0.79434,0
169.000,51.000,0.78384,0
171.000,51.000,0.76881,0
173.000,51.000,0.74146,0
175.000,51.000,0.70345,0
177.000,51.000,0.65937,0
179.000,51.000,0.61335,0
181.000,51.000,0.56668,0
183.000,51.000,0.52579,0
185.000,51.000,0.49196,0
187.000,51.000,0.46129,0
189.000,51.000,0.43087,0
191.000,51.000,0.39937,0
193.000,51.000,0.36504,0
195.000,51.000,0.32572,0
197.000,51.000,0.24847,0
199.000,51.000,0.35540,0
201.000,51.000,0.00000,1
203.000,51.000,0.00000,1
205.000,51.000,0.00000,1
207.000,51.000,0.00000,1
209.000,51.000,0.00000,1
211.000,51.000,0.00000,1
213.000,51.000,0.00000,1
215.000,51.000,0.00000,1
217.000,51.000,0.00000,1
219.000,51.000,0.00000,1
221.000,51.000,0.00000,0
223.000,51.000,0.00000,0
225.000,51.000,0.00000,0
227.000,51.000,0.00000,0
229.000,51.000,0.00000,0
231.000,51.000,0.00000,0
233.000,51.000,0.00000,0
235.000,51.000,0.00000,0
237.000,51.000,0.00000,0
239.000,51.000,0.00000,0
241.000,51.000,0.00000,0
243.000,51.000,0.00000,0
245.000,51.000,0.00000,0
247.000,51.000,0.00000,0
249.000,51.000,0.00000,0
251.000,51.000,0.00000,0
253.000,51.000,0.00000,0
255.000,51.000,0.00000,0
257.000,51.000,0.00000,0
259.000,51.000,0.00000,0
261.000,51.000,0.00000,0
263.000,51.000,0.00000,0
265.000,51.000,0.00000,0
267.000,51.000,0.00000,0
269.000,51.000,0.00000,0
271.000,51.000,0.00000,0
273.000,51.000,0.00000,0
275.000,51.000,0.00000,0
277.000,51.000,0.00000,0
279.000,51.000,0.00000,0
281.000,51.000,0.00000,0
283.000,51.000,0.00000,0
285.000,51.000,0.00000,0
287.000,51.000,0.00000,0
289.000,51.000,0.00000,0
291.000,51.000,0.00000,0
293.000,51.000,0.00000,0
295.000,51.000,0.00000,0
297.000,51.000,0.00000,0
299.000,51.000,0.00000,0
301.000,51.000,0.00000,0
303.000,51.000,0.00000,0
305.000,51.000,0.00000,0
307.000,51.000,0.00000,0
309.000,51.000,0.00000,0
311.000,51.000,0.00000,0
313.000,51.000,0.00000,0
315.000,51.000,0.00000,0
317.000,51.000,0.00000,0
319.000,51.000,0.00000,0
321.000,51.000,0.00000,1
323.000,51.000,0.00000,1
325.000,51.000,0.00000,1
327.000,51.000,0.00000,1
329.000,51.000,0.00000,1
331.000,51.000,0.00000,1
333.000,51.000,0.00000,1
335.000,51.000,0.00000,1
337.000,51.000,0.00000,1
339.000,51.000,0.00000,1
341.000,51.000,0.00000,1
343.000,51.000,0.00000,1
345.000,51.000,0.00000,1
347.000,51.000,0.00000,1
349.000,51.000,0.00000,1
351.000,51.000,0.00000,1
353.000,51.000,0.00000,1
355.000,51.000,0.00000,1
357.000,51.000,0.00000,1
359.000,51.000,0.00000,1
361.000,51.000,0.00000,0
363.000,51.000,0.00000,0
365.000,51.000,0.00000,0
367.000,51.000,0.00000,0
369.000,51.000,0.00000,0
371.000,51.000,0.00000,0
373.000,51.000,0.00000,0
375.000,51.000,0.00000,0
377.000,51.000,0.00000,0
379.000,51.000,0.00000,0
381.000,51.000,0.00000,0
383.000,51.000,0.00000,0
385.000,51.000,0.00000,0
387.000,51.000,0.00000,0
389.000,51.000,0.00000,0
391.000,51.000,0.00000,0
393.000,51.000,0.00000,0
395.000,51.000,0.00000,0
397.000,51.000,0.00000,0
399.000,51.000,0.00000,0
401.000,51.000,0.00000,0
403.000,51.000,0.00000,0
405.000,51.000,0.00000,0
407.000,51.000,0.00000,0
409.000,51.000,0.00000,0
411.000,51.000,0.00000,0
413.000,51.000,0.00000,0
415.000,51.000,0.00000,0
417.000,51.000,0.00000,0
419.000,51.000,0.00000,0
421.000,51.000,0.00000,0
423.000,51.000,0.00000,0
425.000,51.000,0.00000,0
427.000,51.000,0.00000,0
429.000,51.000,0.00000,0
431.000,51.000,0.00000,0
433.000,51.000,0.00000,0
435.000,51.000,0.00000,0
437.000,51.000,0.00000,0
439.000,51.000,0.00000,0
441.000,51.000,0.00000,0
443.000,51.000,0.00000,0
445.000,51.000,0.00000,0
447.000,51.000,0.00000,0
449.000,51.000,0.00000,0
451.000,51.000,0.00000,0
453.000,51.000,0.00000,0
455.000,51.000,0.00000,0
457.000,51.000,0.00000,0
459.000,51.000,0.00000,0
461.000,51.000,0.00000,0
463.000,51.000,0.00000,0
465.000,51.000,0.00000,0
467.000,51.000,0.00000,0
469.000,51.000,0.00000,0
471.000,51.000,0.00000,0
473.000,51.000,0.00000,0
475.000,51.000,0.00000,0
477.000,51.000,0.00000,0
479.000,51.000,0.00000,0
481.000,51.000,0.00000,0
483.000,51.000,0.00000,0
485.000,51.000,0.00000,0
487.000,51.000,0.00000,0
489.000,51.000,0.00000,0
491.000,51.000,0.00000,0
493.000,51.000,0.00000,0
495.000,51.000,0.00000,0
497.000,51.000,0.00000,0
499.000,51.000,0.00000,0
1.000,53.000,1.39831,0
3.000,53.000,1.39065,0
5.000,53.000,1.39068,0
7.000,53.000,1.39070,0
9.000,53.000,1.39067,0
11.000,53.000,1.39058,0
13.000,53.000,1.39039,0
15.000,53.000,1.39009,0
17.000,53.000,1.38964,0
19.000,53.000,1.38900,0
21.000,53.000,1.38811,0
23.000,53.000,1.38691,0
25.000,53.000,1.38530,0
27.000,53.000,1.38320,0
29.000,53.000,1.38050,0
31.000,53.000,1.37710,0
33.000,53.000,1.37292,0
35.000,53.000,1.36785,0
37.000,53.000,1.36184,0
39.000,53.000,1.35482,0
41.000,53.000,1.34678,0
43.000,53.000,1.33774,0
45.000,53.000,1.32777,0
47.000,53.000,1.31696,0
49.000,53.000,1.30546,0
51.000,53.000,1.29341,0
53.000,53.000,1.28094,0
55.000,53.000,1.26816,0
57.000,53.000,1.25525,0
59.000,53.000,1.24228,0
61.000,53.000,1.22933,0
63.000,53.000,1.21666,0
65.000,53.000,1.20413,0
67.000,53.000,1.19160,0
69.000,53.000,1.17925,0
71.000,53.000,1.16718,0
73.000,53.000,1.15518,0
75.000,53.000,1.14320,0
77.000,53.000,1.13143,0
79.000,53.000,1.11989,0
81.000,53.000,1.10839,0
83.000,53.000,1.09691,0
85.000,53.000,1.08571,0
87.000,53.000,1.07474,0
89.000,53.000,1.06376,0
91.000,53.000,1.05294,0
93.000,53.000,1.04252,0
95.000,53.000,1.03221,0
97.000,53.000,1.02193,0
99.000,53.000,1.01202,0
101.000,53.000,1.00248,0
103.000,53.000,0.99296,0
105.000,53.000,0.98355,0
107.000,53.000,0.97463,0
109.000,53.000,0.96604,0
111.000,53.000,0.95741,0
113.000,53.000,0.94902,0
115.000,53.000,0.94107,0
117.000,53.000,0.93321,0
119.000,53.000,0.92518,0
121.000,53.000,0.91740,0
123.000,53.000,0.91118,0
125.000,53.000,0.94236,0
127.000,53.000,1.16057,0
129.000,53.000,1.32978,0
131.000,53.000,1.36837,0
133.000,53.000,1.36423,0
135.000,53.000,1.33548,0
137.000,53.000,1.31582,0
139.000,53.000,1.30436,0
141.000,53.000,1.29436,0
143.000,53.000,1.28300,0
145.000,53.000,1.26352,0
147.000,53.000,1.22767,0
149.000,53.000,1.17181,0
151.000,53.000,1.07599,0
153.000,53.000,0.98972,0
155.000,53.000,0.92553,0
157.000,53.000,0.87929,0
159.000,53.000,0.85083,0
161.000,53.000,0.82734,0
163.000,53.000,0.81058,0
165.000,53.000,0.79683,0
167.000,53.000,0.78490,0
169.000,53.000,0.77190,0
171.000,53.000,0.75070,0
173.000,53.000,0.71607,0
175.000,53.000,0.67243,0
177.000,53.000,0.62592,0
179.000,53.000,0.57927,0
181.000,53.000,0.53695,0
183.000,53.000,0.50174,0
185.000,53.000,0.47166,0
187.000,53.000,0.44366,0
189.000,53.000,0.41562,0
191.000,53.000,0.38634,0
193.000,53.000,0.35401,0
195.000,53.000,0.31607,0
197.000,53.000,0.23973,0
199.000,53.000,0.33191,0
201.000,53.000,0.00000,1
203.000,53.000,0.00000,1
205.000,53.000,0.00000,1
207.000,53.000,0.00000,1
209.000,53.000,0.00000,1
211.000,53.000,0.00000,1
213.000,53.000,0.00000,1
215.000,53.000,0.00000,1
217.000,53.000,0.00000,1
219.000,53.000,0.00000,1
221.000,53.000,0.00000,0
223.000,53.000,0.00000,0
225.000,53.000,0.00000,0
227.000,53.000,0.00000,0
229.000,53.000,0.00000,0
231.000,53.000,0.00000,0
233.000,53.000,0.00000,0
235.000,53.000,0.00000,0
237.000,53.000,0.00000,0
239.000,53.000,0.00000,0
241.000,53.000,0.00000,0
243.000,53.000,0.00000,0
245.000,53.000,0.00000,0
247.000,53.000,0.00000,0
249.000,53.000,0.00000,0
251.000,53.000,0.00000,0
253.000,53.000,0.00000,0
255.000,53.000,0.00000,0
257.000,53.000,0.00000,0
259.000,53.000,0.00000,0
261.000,53.000,0.00000,0
263.000,53.000,0.00000,0
265.000,53.000,0.00000,0
267.000,53.000,0.00000,0
269.000,53.000,0.00000,0
271.000,53.000,0.00000,0
273.000,53.000,0.00000,0
275.000,53.000,0.00000,0
277.000,53.000,0.00000,0
279.000,53.000,0.00000,0
281.000,53.000,0.00000,0
283.000,53.000,0.00000,0
285.000,53.000,0.00000,0
287.000,53.000,0.00000,0
289.000,53.000,0.00000,0
291.000,53.000,0.00000,0
293.000,53.000,0.00000,0
295.000,53.000,0.00000,0
297.000,53.000,0.00000,0
299.000,53.000,0.00000,0
301.000,53.000,0.00000,0
303.000,53.000,0.00000,0
305.000,53.000,0.00000,0
307.000,53.000,0.00000,0
309.000,53.000,0.00000,0
311.000,53.000,0.00000,0
313.000,53.000,0.00000,0
315.000,53.000,0.00000,0
317.000,53.000,0.00000,0
319.000,53.000,0.00000,0
321.000,53.000,0.00000,1
323.000,53.000,0.00000,1
325.000,53.000,0.00000,1
327.000,53.000,0.00000,1
329.000,53.000,0.00000,1
331.000,53.000,0.00000,1
333.000,53.000,0.00000,1
335.000,53.000,0.00000,1
337.000,53.000,0.00000,1
339.000,53.000,0.00000,1
341.000,53.000,0.00000,1
343.000,53.000,0.00000,1
345.000,53.000,0.00000,1
347.000,53.000,0.00000,1
349.000,53.000,0.00000,1
351.000,53.000,0.00000,1
353.000,53.000,0.00000,1
355.000,53.000,0.00000,1
357.000,53.000,0.00000,1
359.000,53.000,0.00000,1
361.000,53.000,0.00000,0
363.000,53.000,0.00000,0
365.000,53.000,0.00000,0
367.000,53.000,0.00000,0
369.000,53.000,0.00000,0
371.000,53.000,0.00000,0
373.000,53.000,0.00000,0
375.000,53.000,0.00000,0
377.000,53.000,0.00000,0
379.000,53.000,0.00000,0
381.000,53.000,0.00000,0
383.000,53.000,0.00000,0
385.000,53.000,0.00000,0
387.000,53.000,0.00000,0
389.000,53.000,0.00000,0
391.000,53.000,0.00000,0
393.000,53.000,0.00000,0
395.000,53.000,0.00000,0
397.000,53.000,0.00000,0
399.000,53.000,0.00000,0
401.000,53.000,0.00000,0
403.000,53.000,0.00000,0
405.000,53.000,0.00000,0
407.000,53.000,0.00000,0
409.000,53.000,0.00000,0
411.000,53.000,0.00000,0
413.000,53.000,0.00000,0
415.000,53.000,0.00000,0
417.000,53.000,0.00000,0
419.000,53.000,0.00000,0
421.000,53.000,0.00000,0
423.000,53.000,0.00000,0
425.000,53.000,0.00000,0
427.000,53.000,0.00000,0
429.000,53.000,0.00000,0
431.000,53.000,0.00000,0
433.000,53.000,0.00000,0
435.000,53.000,0.00000,0
437.000,53.000,0.00000,0
439.000,53.000,0.00000,0
441.000,53.000,0.00000,0
443.000,53.000,0.00000,0
445.000,53.000,0.00000,0
447.000,53.000,0.00000,0
449.000,53.000,0.00000,0
451.000,53.000,0.00000,0
453.000,53.000,0.00000,0
455.000,53.000,0.00000,0
457.000,53.000,0.00000,0
459.000,53.000,0.00000,0
461.000,53.000,0.00000,0
463.000,53.000,0.00000,0
465.000,53.000,0.00000,0
467.000,53.000,0.00000,0
469.000,53.000,0.00000,0
471.000,53.000,0.00000,0
473.000,53.000,0.00000,0
475.000,53.000,0.00000,0
477.000,53.000,0.00000,0
479.000,53.000,0.00000,0
481.000,53.000,0.00000,0
483.000,53.000,0.00000,0
485.000,53.000,0.00000,0
487.000,53.000,0.00000,0
489.000,53.000,0.00000,0
491.000,53.000,0.00000,0
493.000,53.000,0.00000,0
495.000,53.000,0.00000,0
497.000,53.000,0.00000,0
499.000,53.000,0.00000,0
1.000,55.000,1.39831,0
3.000,55.000,1.39065,0
5.000,55.000,1.39068,0
7.000,55.000,1.39070,0
9.000,55.000,1.39067,0
11.000,55.000,1.39058,0
13.000,55.000,1.39039,0
15.000,55.000,1.39009,0
17.000,55.000,1.38964,0
19.000,55.000,1.38900,0
21.000,55.000,1.38811,0
23.000,55.000,1.38691,0
25.000,55.000,1.38530,0
27.000,55.000,1.38320,0
29.000,55.000,1.38050,0
31.000,55.000,1.37710,0
33.000,55.000,1.37292,0
35.000,55.000,1.36785,0
37.000,55.000,1.36184,0
39.000,55.000,1.35482,0
41.000,55.000,1.34678,0
43.000,55.000,1.33774,0
45.000,55.000,1.32777,0
47.000,55.000,1.31696,0
49.000,55.000,1.30546,0
51.000,55.000,1.29341,0
53.000,55.000,1.28094,0
55.000,55.000,1.26816,0
57.000,55.000,1.25525,0
59.000,55.000,1.24228,0
61.000,55.000,1.22933,0
63.000,55.000,1.21666,0
65.000,55.000,1.20413,0
67.000,55.000,1.19160,0
69.000,55.000,1.17925,0
71.000,55.000,1.16718,0
73.000,55.000,1.15518,0
75.000,55.000,1.14320,0
77.000,55.000,1.13143,0
79.000,55.000,1.11989,0
81.000,55.000,1.10839,0
83.000,55.000,1.09691,0
85.000,55.000,1.08571,0
87.000,55.000,1.07474,0
89.000,55.000,1.06376,0
91.000,55.000,1.05294,0
93.000,55.000,1.04252,0
95.000,55.000,1.03221,0
97.000,55.000,1.02193,0
99.000,55.000,1.01202,0
101.000,55.000,1.00248,0
103.000,55.000,0.99296,0
105.000,55.000,0.98355,0
107.000,55.000,0.97463,0
109.000,55.000,0.96604,0
111.000,55.000,0.95741,0
113.000,55.000,0.94902,0
115.000,55.000,0.94107,0
117.000,55.000,0.93321,0
119.000,55.000,0.92515,0
121.000,55.000,0.91737,0
123.000,55.000,0.91135,0
125.000,55.000,0.94309,0
127.000,55.000,1.15872,0
129.000,55.000,1.32460,0
131.000,55.000,1.36450,0
133.000,55.000,1.36243,0
135.000,55.000,1.33789,0
137.000,55.000,1.31943,0
139.000,55.000,1.30820,0
141.000,55.000,1.29981,0
143.000,55.000,1.29061,0
145.000,55.000,1.27215,0
147.000,55.000,1.23309,0
149.000,55.000,1.16850,0
151.000,55.000,1.03448,0
153.000,55.000,0.93854,0
155.000,55.000,0.90596,0
157.000,55.000,0.87568,0
159.000,55.000,0.85010,0
161.000,55.000,0.82476,0
163.000,55.000,0.80318,0
165.000,55.000,0.78516,0
167.000,55.000,0.76979,0
169.000,55.000,0.75279,0
171.000,55.000,0.71706,0
173.000,55.000,0.66733,0
175.000,55.000,0.61684,0
177.000,55.000,0.56916,0
179.000,55.000,0.53108,0
181.000,55.000,0.49681,0
183.000,55.000,0.46851,0
185.000,55.000,0.44303,0
187.000,55.000,0.41872,0
189.000,55.000,0.39433,0
191.000,55.000,0.36815,0
193.000,55.000,0.33808,0
195.000,55.000,0.30142,0
197.000,55.000,0.22534,0
199.000,55.000,0.29075,0
201.000,55.000,0.00000,1
203.000,55.000,0.00000,1
205.000,55.000,0.00000,1
207.000,55.000,0.00000,1
209.000,55.000,0.00000,1
211.000,55.000,0.00000,1
213.000,55.000,0.00000,1
215.000,55.000,0.00000,1
217.000,55.000,0.00000,1
219.000,55.000,0.00000,1
221.000,55.000,0.00000,0
223.000,55.000,0.00000,0
225.000,55.000,0.00000,0
227.000,55.000,0.00000,0
229.000,55.000,0.00000,0
231.000,55.000,0.00000,0
233.000,55.000,0.00000,0
235.000,55.000,0.00000,0
237.000,55.000,0.00000,0
239.000,55.000,0.00000,0
241.000,55.000,0.00000,0
243.000,55.000,0.00000,0
245.000,55.000,0.00000,0
247.000,55.000,0.00000,0
249.000,55.000,0.00000,0
251.000,55.000,0.00000,0
253.000,55.000,0.00000,0
255.000,55.000,0.00000,0
257.000,55.000,0.00000,0
259.000,55.000,0.00000,0
261.000,55.000,0.00000,0
263.000,55.000,0.00000,0
265.000,55.000,0.00000,0
267.000,55.000,0.00000,0
269.000,55.000,0.00000,0
271.000,55.000,0.00000,0
273.000,55.000,0.00000,0
275.000,55.000,0.00000,0
277.000,55.000,0.00000,0
279.000,55.000,0.00000,0
281.000,55.000,0.00000,0
283.000,55.000,0.00000,0
285.000,55.000,0.00000,0
287.000,55.000,0.00000,0
289.000,55.000,0.00000,0
291.000,55.000,0.00000,0
293.000,55.000,0.00000,0
295.000,55.000,0.00000,0
297.000,55.000,0.00000,0
299.000,55.000,0.00000,0
301.000,55.000,0.00000,0
303.000,55.000,0.00000,0
305.000,55.000,0.00000,0
307.000,55.000,0.00000,0
309.000,55.000,0.00000,0
311.000,55.000,0.00000,0
313.000,55.000,0.00000,0
315.000,55.000,0.00000,0
317.000,55.000,0.00000,0
319.000,55.000,0.00000,0
321.000,55.000,0.00000,1
323.000,55.000,0.00000,1
325.000,55.000,0.00000,1
327.000,55.000,0.00000,1
329.000,55.000,0.00000,1
331.000,55.000,0.00000,1
333.000,55.000,0.00000,1
335.000,55.000,0.00000,1
337.000,55.000,0.00000,1
339.000,55.000,0.00000,1
341.000,55.000,0.00000,1
343.000,55.000,0.00000,1
345.000,55.000,0.00000,1
347.000,55.000,0.00000,1
349.000,55.000,0.00000,1
351.000,55.000,0.00000,1
353.000,55.000,0.00000,1
355.000,55.000,0.00000,1
357.000,55.000,0.00000,1
359.000,55.000,0.00000,1
361.000,55.000,0.00000,0
363.000,55.000,0.00000,0
365.000,55.000,0.00000,0
367.000,55.000,0.00000,0
369.000,55.000,0.00000,0
371.000,55.000,0.00000,0
373.000,55.000,0.00000,0
375.000,55.000,0.00000,0
377.000,55.000,0.00000,0
379.000,55.000,0.00000,0
381.000,55.000,0.00000,0
383.000,55.000,0.00000,0
385.000,55.000,0.00000,0
387.000,55.000,0.00000,0
389.000,55.000,0.00000,0
391.000,55.000,0.00000,0
393.000,55.000,0.00000,0
395.000,55.000,0.00000,0
397.000,55.000,0.00000,0
399.000,55.000,0.00000,0
401.000,55.000,0.00000,0
403.000,55.000,0.00000,0
405.000,55.000,0.00000,0
407.000,55.000,0.00000,0
409.000,55.000,0.00000,0
411.000,55.000,0.00000,0
413.000,55.000,0.00000,0
415.000,55.000,0.00000,0
417.000,55.000,0.00000,0
419.000,55.000,0.00000,0
421.000,55.000,0.00000,0
423.000,55.000,0.00000,0
425.000,55.000,0.00000,0
427.000,55.000,0.00000,0
429.000,55.000,0.00000,0
431.000,55.000,0.00000,0
433.000,55.000,0.00000,0
435.000,55.000,0.00000,0
437.000,55.000,0.00000,0
439.000,55.000,0.00000,0
441.000,55.000,0.00000,0
443.000,55.000,0.00000,0
445.000,55.000,0.00000,0
447.000,55.000,0.00000,0
449.000,55.000,0.00000,0
451.000,55.000,0.00000,0
453.000,55.000,0.00000,0
455.000,55.000,0.00000,0
457.000,55.000,0.00000,0
459.000,55.000,0.00000,0
461.000,55.000,0.00000,0
463.000,55.000,0.00000,0
465.000,55.000,0.00000,0
467.000,55.000,0.00000,0
469.000,55.000,0.00000,0
471.000,55.000,0.00000,0
473.000,55.000,0.00000,0
475.000,55.000,0.00000,0
477.000,55.000,0.00000,0
479.000,55.000,0.00000,0
481.000,55.000,0.00000,0
483.000,55.000,0.00000,0
485.000,55.000,0.00000,0
487.000,55.000,0.00000,0
489.000,55.000,0.00000,0
491.000,55.000,0.00000,0
493.000,55.000,0.00000,0
495.000,55.000,0.00000,0
497.000,55.000,0.00000,0
499.000,55.000,0.00000,0
1.000,57.000,1.39831,0
3.000,57.000,1.39065,0
5.000,57.000,1.39068,0
7.000,57.000,1.39070,0
9.000,57.000,1.39067,0
11.000,57.000,1.39058,0
13.000,57.000,1.39039,0
15.000,57.000,1.39009,0
17.000,57.000,1.38964,0
19.000,57.000,1.38900,0
21.000,57.000,1.38811,0
23.000,57.000,1.38691,0
25.000,57.000,1.38530,0
27.000,57.000,1.38320,0
29.000,57.000,1.38050,0
31.000,57.000,1.37710,0
33.000,57.000,1.37292,0
35.000,57.000,1.36785,0
37.000,57.000,1.36184,0
39.000,57.000,1.35482,0
41.000,57.000,1.34678,0
43.000,57.000,1.33774,0
45.000,57.000,1.32777,0
47.000,57.000,1.31696,0
49.000,57.000,1.30546,0
51.000,57.000,1.29341,0
53.000,57.000,1.28094,0
55.000,57.000,1.26816,0
57.000,57.000,1.25525,0
59.000,57.000,1.24228,0
61.000,57.000,1.22933,0
63.000,57.000,1.21666,0
65.000,57.000,1.20413,0
67.000,57.000,1.19160,0
69.000,57.000,1.17925,0
71.000,57.000,1.16718,0
73.000,57.000,1.15518,0
75.000,57.000,1.14320,0
77.000,57.000,1.13143,0
79.000,57.000,1.11989,0
81.000,57.000,1.10839,0
83.000,57.000,1.09691,0
85.000,57.000,1.08571,0
87.000,57.000,1.07474,0
89.000,57.000,1.06376,0
91.000,57.000,1.05294,0
93.000,57.000,1.04252,0
95.000,57.000,1.03221,0
97.000,57.000,1.02193,0
99.000,57.000,1.01202,0
101.000,57.000,1.00248,0
103.000,57.000,0.99296,0
105.000,57.000,0.98355,0
107.000,57.000,0.97463,0
109.000,57.000,0.96604,0
111.000,57.000,0.95741,0
113.000,57.000,0.94903,0
115.000,57.000,0.94107,0
117.000,57.000,0.93320,0
119.000,57.000,0.92510,0
121.000,57.000,0.91732,0
123.000,57.000,0.91176,0
125.000,57.000,0.94464,0
127.000,57.000,1.15532,0
129.000,57.000,1.31664,0
131.000,57.000,1.35732,0
133.000,57.000,1.35959,0
135.000,57.000,1.34246,0
137.000,57.000,1.32507,0
139.000,57.000,1.31390,0
141.000,57.000,1.30823,0
143.000,57.000,1.30131,0
145.000,57.000,1.28374,0
147.000,57.000,1.24023,0
149.000,57.000,1.16704,0
151.000,57.000,0.93506,0
153.000,57.000,0.84405,0
155.000,57.000,0.86876,0
157.000,57.000,0.86359,0
159.000,57.000,0.84505,0
161.000,57.000,0.82027,0
163.000,57.000,0.79739,0
165.000,57.000,0.77678,0
167.000,57.000,0.75769,0
169.000,57.000,0.73356,0
171.000,57.000,0.65377,0
173.000,57.000,0.58007,0
175.000,57.000,0.52653,0
177.000,57.000,0.48840,0
179.000,57.000,0.46061,0
181.000,57.000,0.43984,0
183.000,57.000,0.42200,0
185.000,57.000,0.40515,0
187.000,57.000,0.38781,0
189.000,57.000,0.36853,0
191.000,57.000,0.34569,0
193.000,57.000,0.31747,0
195.000,57.000,0.28154,0
197.000,57.000,0.20460,0
199.000,57.000,0.23315,0
201.000,57.000,0.00000,1
203.000,57.000,0.00000,1
205.000,57.000,0.00000,1
207.000,57.000,0.00000,1
209.000,57.000,0.00000,1
211.000,57.000,0.00000,1
213.000,57.000,0.00000,1
215.000,57.000,0.00000,1
217.000,57.000,0.00000,1
219.000,57.000,0.00000,1
221.000,57.000,0.00000,0
223.000,57.000,0.00000,0
225.000,57.000,0.00000,0
227.000,57.000,0.00000,0
229.000,57.000,0.00000,0
231.000,57.000,0.00000,0
233.000,57.000,0.00000,0
235.000,57.000,0.00000,0
237.000,57.000,0.00000,0
239.000,57.000,0.00000,0
241.000,57.000,0.00000,0
243.000,57.000,0.00000,0
245.000,57.000,0.00000,0
247.000,57.000,0.00000,0
249.000,57.000,0.00000,0
251.000,57.000,0.00000,0
253.000,57.000,0.00000,0
255.000,57.000,0.00000,0
257.000,57.000,0.00000,0
259.000,57.000,0.00000,0
261.000,57.000,0.00000,0
263.000,57.000,0.00000,0
265.000,57.000,0.00000,0
267.000,57.000,0.00000,0
269.000,57.000,0.00000,0
271.000,57.000,0.00000,0
273.000,57.000,0.00000,0
275.000,57.000,0.00000,0
277.000,57.000,0.00000,0
279.000,57.000,0.00000,0
281.000,57.000,0.00000,0
283.000,57.000,0.00000,0
285.000,57.000,0.00000,0
287.000,57.000,0.00000,0
289.000,57.000,0.00000,0
291.000,57.000,0.00000,0
293.000,57.000,0.00000,0
295.000,57.000,0.00000,0
297.000,57.000,0.00000,0
299.000,57.000,0.00000,0
301.000,57.000,0.00000,0
303.000,57.000,0.00000,0
305.000,57.000,0.00000,0
307.000,57.000,0.00000,0
309.000,57.000,0.00000,0
311.000,57.000,0.00000,0
313.000,57.000,0.00000,0
315.000,57.000,0.00000,0
317.000,57.000,0.00000,0
319.000,57.000,0.00000,0
321.000,57.000,0.00000,1
323.000,57.000,0.00000,1
325.000,57.000,0.00000,1
327.000,57.000,0.00000,1
329.000,57.000,0.00000,1
331.000,57.000,0.00000,1
333.000,57.000,0.00000,1
335.000,57.000,0.00000,1
337.000,57.000,0.00000,1
339.000,57.000,0.00000,1
341.000,57.000,0.00000,1
343.000,57.000,0.00000,1
345.000,57.000,0.00000,1
347.000,57.000,0.00000,1
349.000,57.000,0.00000,1
351.000,57.000,0.00000,1
353.000,57.000,0.00000,1
355.000,57.000,0.00000,1
357.000,57.000,0.00000,1
359.000,57.000,0.00000,1
361.000,57.000,0.00000,0
363.000,57.000,0.00000,0
365.000,57.000,0.00000,0
367.000,57.000,0.00000,0
369.000,57.000,0.00000,0
371.000,57.000,0.00000,0
373.000,57.000,0.00000,0
375.000,57.000,0.00000,0
377.000,57.000,0.00000,0
379.000,57.000,0.00000,0
381.000,57.000,0.00000,0
383.000,57.000,0.00000,0
385.000,57.000,0.00000,0
387.000,57.000,0.00000,0
389.000,57.000,0.00000,0
391.000,57.000,0.00000,0
393.000,57.000,0.00000,0
395.000,57.000,0.00000,0
397.000,57.000,0.00000,0
399.000,57.000,0.00000,0
401.000,57.000,0.00000,0
403.000,57.000,0.00000,0
405.000,57.000,0.00000,0
407.000,57.000,0.00000,0
409.000,57.000,0.00000,0
411.000,57.000,0.00000,0
413.000,57.000,0.00000,0
415.000,57.000,0.00000,0
417.000,57.000,0.00000,0
419.000,57.000,0.00000,0
421.000,57.000,0.00000,0
423.000,57.000,0.00000,0
425.000,57.000,0.00000,0
427.000,57.000,0.00000,0
429.000,57.000,0.00000,0
431.000,57.000,0.00000,0
433.000,57.000,0.00000,0
435.000,57.000,0.00000,0
437.000,57.000,0.00000,0
439.000,57.000,0.00000,0
441.000,57.000,0.00000,0
443.000,57.000,0.00000,0
445.000,57.000,0.00000,0
447.000,57.000,0.00000,0
449.000,57.000,0.00000,0
451.000,57.000,0.00000,0
453.000,57.000,0.00000,0
455.000,57.000,0.00000,0
457.000,57.000,0.00000,0
459.000,57.000,0.00000,0
461.000,57.000,0.00000,0
463.000,57.000,0.00000,0
465.000,57.000,0.00000,0
467.000,57.000,0.00000,0
469.000,57.000,0.00000,0
471.000,57.000,0.00000,0
473.000,57.000,0.00000,0
475.000,57.000,0.00000,0
477.000,57.000,0.00000,0
479.000,57.000,0.00000,0
481.000,57.000,0.00000,0
483.000,57.000,0.00000,0
485.000,57.000,0.00000,0
487.000,57.000,0.00000,0
489.000,57.000,0.00000,0
491.000,57.000,0.00000,0
493.000,57.000,0.00000,0
495.000,57.000,0.00000,0
497.000,57.000,0.00000,0
499.000,57.000,0.00000,0
1.000,59.000,1.39831,0
3.000,59.000,1.39065,0
5.000,59.000,1.39068,0
7.000,59.000,1.39070,0
9.000,59.000,1.39067,0
11.000,59.000,1.39058,0
13.000,59.000,1.39039,0
15.000,59.000,1.39009,0
17.000,59.000,1.38964,0
19.000,59.000,1.38900,0
21.000,59.000,1.38811,0
23.000,59.000,1.38691,0
25.000,59.000,1.38530,0
27.000,59.000,1.38320,0
29.000,59.000,1.38050,0
31.000,59.000,1.37710,0
33.000,59.000,1.37292,0
35.000,59.000,1.36785,0
37.000,59.000,1.36184,0
39.000,59.000,1.35482,0
41.000,59.000,1.34678,0
43.000,59.000,1.33774,0
45.000,59.000,1.32777,0
47.000,59.000,1.31696,0
49.000,59.000,1.30546,0
51.000,59.000,1.29341,0
53.000,59.000,1.28094,0
55.000,59.000,1.26816,0
57.000,59.000,1.25525,0
59.000,59.000,1.24228,0
61.000,59.000,1.22933,0
63.000,59.000,1.21666,0
65.000,59.000,1.20413,0
67.000,59.000,1.19160,0
69.000,59.000,1.17925,0
71.000,59.000,1.16718,0
73.000,59.000,1.15518,0
75.000,59.000,1.14320,0
77.000,59.000,1.13143,0
79.000,59.000,1.11989,0
81.000,59.000,1.10839,0
83.000,59.000,1.09691,0
85.000,59.000,1.08571,0
87.000,59.000,1.07474,0
89.000,59.000,1.06376,0
91.000,59.000,1.05294,0
93.000,59.000,1.04252,0
95.000,59.000,1.03221,0
97.000,59.000,1.02193,0
99.000,59.000,1.01202,0
101.000,59.000,1.00248,0
103.000,59.000,0.99296,0
105.000,59.000,0.98354,0
107.000,59.000,0.97463,0
109.000,59.000,0.96604,0
111.000,59.000,0.95741,0
113.000,59.000,0.94904,0
115.000,59.000,0.94107,0
117.000,59.000,0.93318,0
119.000,59.000,0.92503,0
121.000,59.000,0.91723,0
123.000,59.000,0.91257,0
125.000,59.000,0.94767,0
127.000,59.000,1.15165,0
129.000,59.000,1.30570,0
131.000,59.000,1.34868,0
133.000,59.000,1.35467,0
135.000,59.000,1.34738,0
137.000,59.000,1.33422,0
139.000,59.000,1.32643,0
141.000,59.000,1.32232,0
143.000,59.000,1.31833,0
145.000,59.000,1.30391,0
147.000,59.000,1.25409,0
149.000,59.000,1.12889,0
151.000,59.000,0.73182,0
153.000,59.000,0.69889,0
155.000,59.000,0.80358,0
157.000,59.000,0.83469,0
159.000,59.000,0.82880,0
161.000,59.000,0.80653,0
163.000,59.000,0.78607,0
165.000,59.000,0.76531,0
167.000,59.000,0.74304,0
169.000,59.000,0.70653,0
171.000,59.000,0.50169,0
173.000,59.000,0.43048,0
175.000,59.000,0.39917,0
177.000,59.000,0.38406,0
179.000,59.000,0.37558,0
181.000,59.000,0.37176,0
183.000,59.000,0.36806,0
185.000,59.000,0.36255,0
187.000,59.000,0.35326,0
189.000,59.000,0.33909,0
191.000,59.000,0.31912,0
193.000,59.000,0.29206,0
195.000,59.000,0.25621,0
197.000,59.000,0.17686,0
199.000,59.000,0.16147,0
201.000,59.000,0.00000,1
203.000,59.000,0.00000,1
205.000,59.000,0.00000,1
207.000,59.000,0.00000,1
209.000,59.000,0.00000,1
211.000,59.000,0.00000,1
213.000,59.000,0.00000,1
215.000,59.000,0.00000,1
217.000,59.000,0.00000,1
219.000,59.000,0.00000,1
221.000,59.000,0.00000,0
223.000,59.000,0.00000,0
225.000,59.000,0.00000,0
227.000,59.000,0.00000,0
229.000,59.000,0.00000,0
231.000,59.000,0.00000,0
233.000,59.000,0.00000,0
235.000,59.000,0.00000,0
237.000,59.000,0.00000,0
239.000,59.000,0.00000,0
241.000,59.000,0.00000,0
243.000,59.000,0.00000,0
245.000,59.000,0.00000,0
247.000,59.000,0.00000,0
249.000,59.000,0.00000,0
251.000,59.000,0.00000,0
253.000,59.000,0.00000,0
255.000,59.000,0.00000,0
257.000,59.000,0.00000,0
259.000,59.000,0.00000,0
261.000,59.000,0.00000,0
263.000,59.000,0.00000,0
265.000,59.000,0.00000,0
267.000,59.000,0.00000,0
269.000,59.000,0.00000,0
271.000,59.000,0.00000,0
273.000,59.000,0.00000,0
275.000,59.000,0.00000,0
277.000,59.000,0.00000,0
279.000,59.000,0.00000,0
281.000,59.000,0.00000,0
283.000,59.000,0.00000,0
285.000,59.000,0.00000,0
287.000,59.000,0.00000,0
289.000,59.000,0.00000,0
291.000,59.000,0.00000,0
293.000,59.000,0.00000,0
295.000,59.000,0.00000,0
297.000,59.000,0.00000,0
299.000,59.000,0.00000,0
301.000,59.000,0.00000,0
303.000,59.000,0.00000,0
305.000,59.000,0.00000,0
307.000,59.000,0.00000,0
309.000,59.000,0.00000,0
311.000,59.000,0.00000,0
313.000,59.000,0.00000,0
315.000,59.000,0.00000,0
317.000,59.000,0.00000,0
319.000,59.000,0.00000,0
321.000,59.000,0.00000,1
323.000,59.000,0.00000,1
325.000,59.000,0.00000,1
327.000,59.000,0.00000,1
329.000,59.000,0.00000,1
331.000,59.000,0.00000,1
333.000,59.000,0.00000,1
335.000,59.000,0.00000,1
337.000,59.000,0.00000,1
339.000,59.000,0.00000,1
341.000,59.000,0.00000,1
343.000,59.000,0.00000,1
345.000,59.000,0.00000,1
347.000,59.000,0.00000,1
349.000,59.000,0.00000,1
351.000,59.000,0.00000,1
353.000,59.000,0.00000,1
355.000,59.000,0.00000,1
357.000,59.000,0.00000,1
359.000,59.000,0.00000,1
361.000,59.000,0.00000,0
363.000,59.000,0.00000,0
365.000,59.000,0.00000,0
367.000,59.000,0.00000,0
369.000,59.000,0.00000,0
371.000,59.000,0.00000,0
373.000,59.000,0.00000,0
375.000,59.000,0.00000,0
377.000,59.000,0.00000,0
379.000,59.000,0.00000,0
381.000,59.000,0.00000,0
383.000,59.000,0.00000,0
385.000,59.000,0.00000,0
387.000,59.000,0.00000,0
389.000,59.000,0.00000,0
391.000,59.000,0.00000,0
393.000,59.000,0.00000,0
395.000,59.000,0.00000,0
397.000,59.000,0.00000,0
399.000,59.000,0.00000,0
401.000,59.000,0.00000,0
403.000,59.000,0.00000,0
405.000,59.000,0.00000,0
407.000,59.000,0.00000,0
409.000,59.000,0.00000,0
411.000,59.000,0.00000,0
413.000,59.000,0.00000,0
415.000,59.000,0.00000,0
417.000,59.000,0.00000,0
419.000,59.000,0.00000,0
421.000,59.000,0.00000,0
423.000,59.000,0.00000,0
425.000,59.000,0.00000,0
427.000,59.000,0.00000,0
429.000,59.000,0.00000,0
431.000,59.000,0.00000,0
433.000,59.000,0.00000,0
435.000,59.000,0.00000,0
437.000,59.000,0.00000,0
439.000,59.000,0.00000,0
441.000,59.000,0.00000,0
443.000,59.000,0.00000,0
445.000,59.000,0.00000,0
447.000,59.000,0.00000,0
449.000,59.000,0.00000,0
451.000,59.000,0.00000,0
453.000,59.000,0.00000,0
455.000,59.000,0.00000,0
457.000,59.000,0.00000,0
459.000,59.000,0.00000,0
461.000,59.000,0.00000,0
463.000,59.000,0.00000,0
465.000,59.000,0.00000,0
467.000,59.000,0.00000,0
469.000,59.000,0.00000,0
471.000,59.000,0.00000,0
473.000,59.000,0.00000,0
475.000,59.000,0.00000,0
477.000,59.000,0.00000,0
479.000,59.000,0.00000,0
481.000,59.000,0.00000,0
483.000,59.000,0.00000,0
485.000,59.000,0.00000,0
487.000,59.000,0.00000,0
489.000,59.000,0.00000,0
491.000,59.000,0.00000,0
493.000,59.000,0.00000,0
495.000,59.000,0.00000,0
497.000,59.000,0.00000,0
499.000,59.000,0.00000,0
1.000,61.000,1.39831,0
3.000,61.000,1.39065,0
5.000,61.000,1.39068,0
7.000,61.000,1.39070,0
9.000,61.000,1.39067,0
11.000,61.000,1.39058,0
13.000,61.000,1.39039,0
15.000,61.000,1.39009,0
17.000,61.000,1.38964,0
19.000,61.000,1.38900,0
21.000,61.000,1.38811,0
23.000,61.000,1.38691,0
25.000,61.000,1.38530,0
27.000,61.000,1.38320,0
29.000,61.000,1.38050,0
31.000,61.000,1.37710,0
33.000,61.000,1.37292,0
35.000,61.000,1.36785,0
37.000,61.000,1.36184,0
39.000,61.000,1.35482,0
41.000,61.000,1.34678,0
43.000,61.000,1.33774,0
45.000,61.000,1.32777,0
47.000,61.000,1.31696,0
49.000,61.000,1.30546,0
51.000,61.000,1.29341,0
53.000,61.000,1.28094,0
55.000,61.000,1.26816,0
57.000,61.000,1.25525,0
59.000,61.000,1.24228,0
61.000,61.000,1.22933,0
63.000,61.000,1.21666,0
65.000,61.000,1.20413,0
67.000,61.000,1.19160,0
69.000,61.000,1.17925,0
71.000,61.000,1.16718,0
73.000,61.000,1.15518,0
75.000,61.000,1.14320,0
77.000,61.000,1.13143,0
79.000,61.000,1.11989,0
81.000,61.000,1.10839,0
83.000,61.000,1.09691,0
85.000,61.000,1.08571,0
87.000,61.000,1.07474,0
89.000,61.000,1.06376,0
91.000,61.000,1.05294,0
93.000,61.000,1.04252,0
95.000,61.000,1.03221,0
97.000,61.000,1.02193,0
99.000,61.000,1.01202,0
101.000,61.000,1.00248,0
103.000,61.000,0.99296,0
105.000,61.000,0.98354,0
107.000,61.000,0.97463,0
109.000,61.000,0.96604,0
111.000,61.000,0.95741,0
113.000,61.000,0.94905,0
115.000,61.000,0.94107,0
117.000,61.000,0.93314,0
119.000,61.000,0.92499,0
121.000,61.000,0.91710,0
123.000,61.000,0.91380,0
125.000,61.000,0.95297,0
127.000,61.000,1.14755,0
129.000,61.000,1.29046,0
131.000,61.000,1.33689,0
133.000,61.000,1.34824,0
135.000,61.000,1.34675,0
137.000,61.000,1.34011,0
139.000,61.000,1.33528,0
141.000,61.000,1.33530,0
143.000,61.000,1.33986,0
145.000,61.000,1.34364,0
147.000,61.000,1.31938,0
149.000,61.000,1.34032,0
151.000,61.000,0.00000,1
153.000,61.000,0.00000,1
155.000,61.000,0.00000,1
157.000,61.000,0.00000,1
159.000,61.000,0.00000,1
161.000,61.000,0.00000,1
163.000,61.000,0.00000,1
165.000,61.000,0.00000,1
167.000,61.000,0.00000,1
169.000,61.000,0.00000,1
171.000,61.000,0.14080,0
173.000,61.000,0.21982,0
175.000,61.000,0.25317,0
177.000,61.000,0.28787,0
179.000,61.000,0.30463,0
181.000,61.000,0.31306,0
183.000,61.000,0.31926,0
185.000,61.000,0.32017,0
187.000,61.000,0.31627,0
189.000,61.000,0.30583,0
191.000,61.000,0.28783,0
193.000,61.000,0.26172,0
195.000,61.000,0.22474,0
197.000,61.000,0.15617,0
199.000,61.000,0.06158,0
201.000,61.000,0.00432,0
203.000,61.000,0.00013,0
205.000,61.000,0.00000,0
207.000,61.000,0.00000,0
209.000,61.000,0.00000,0
211.000,61.000,0.00000,0
213.000,61.000,0.00000,0
215.000,61.000,0.00000,0
217.000,61.000,0.00000,0
219.000,61.000,0.00000,0
221.000,61.000,0.00000,0
223.000,61.000,0.00000,0
225.000,61.000,0.00000,0
227.000,61.000,0.00000,0
229.000,61.000,0.00000,0
231.000,61.000,0.00000,0
233.000,61.000,0.00000,0
235.000,61.000,0.00000,0
237.000,61.000,0.00000,0
239.000,61.000,0.00000,0
241.000,61.000,0.00000,0
243.000,61.000,0.00000,0
245.000,61.000,0.00000,0
247.000,61.000,0.00000,0
249.000,61.000,0.00000,0
251.000,61.000,0.00000,1
253.000,61.000,0.00000,1
255.000,61.000,0.00000,1
257.000,61.000,0.00000,1
259.000,61.000,0.00000,1
261.000,61.000,0.00000,1
263.000,61.000,0.00000,1
265.000,61.000,0.00000,1
267.000,61.000,0.00000,1
269.000,61.000,0.00000,1
271.000,61.000,0.00000,0
273.000,61.000,0.00000,0
275.000,61.000,0.00000,0
277.000,61.000,0.00000,0
279.000,61.000,0.00000,0
281.000,61.000,0.00000,0
283.000,61.000,0.00000,0
285.000,61.000,0.00000,0
287.000,61.000,0.00000,0
289.000,61.000,0.00000,0
291.000,61.000,0.00000,0
293.000,61.000,0.00000,0
295.000,61.000,0.00000,0
297.000,61.000,0.00000,0
299.000,61.000,0.00000,0
301.000,61.000,0.00000,0
303.000,61.000,0.00000,0
305.000,61.000,0.00000,0
307.000,61.000,0.00000,0
309.000,61.000,0.00000,0
311.000,61.000,0.00000,0
313.000,61.000,0.00000,0
315.000,61.000,0.00000,0
317.000,61.000,0.00000,0
319.000,61.000,0.00000,0
321.000,61.000,0.00000,1
323.000,61.000,0.00000,1
325.000,61.000,0.00000,1
327.000,61.000,0.00000,1
329.000,61.000,0.00000,1
331.000,61.000,0.00000,1
333.000,61.000,0.00000,1
335.000,61.000,0.00000,1
337.000,61.000,0.00000,1
339.000,61.000,0.00000,1
341.000,61.000,0.00000,1
343.000,61.000,0.00000,1
345.000,61.000,0.00000,1
347.000,61.000,0.00000,1
349.000,61.000,0.00000,1
351.000,61.000,0.00000,1
353.000,61.000,0.00000,1
355.000,61.000,0.00000,1
357.000,61.000,0.00000,1
359.000,61.000,0.00000,1
361.000,61.000,0.00000,0
363.000,61.000,0.00000,0
365.000,61.000,0.00000,0
367.000,61.000,0.00000,0
369.000,61.000,0.00000,0
371.000,61.000,0.00000,0
373.000,61.000,0.00000,0
375.000,61.000,0.00000,0
377.000,61.000,0.00000,0
379.000,61.000,0.00000,0
381.000,61.000,0.00000,0
383.000,61.000,0.00000,0
385.000,61.000,0.00000,0
387.000,61.000,0.00000,0
389.000,61.000,0.00000,0
391.000,61.000,0.00000,0
393.000,61.000,0.00000,0
395.000,61.000,0.00000,0
397.000,61.000,0.00000,0
399.000,61.000,0.00000,0
401.000,61.000,0.00000,0
403.000,61.000,0.00000,0
405.000,61.000,0.00000,0
407.000,61.000,0.00000,0
409.000,61.000,0.00000,0
411.000,61.000,0.00000,0
413.000,61.000,0.00000,0
415.000,61.000,0.00000,0
417.000,61.000,0.00000,0
419.000,61.000,0.00000,0
421.000,61.000,0.00000,0
423.000,61.000,0.00000,0
425.000,61.000,0.00000,0
427.000,61.000,0.00000,0
429.000,61.000,0.00000,0
431.000,61.000,0.00000,0
433.000,61.000,0.00000,0
435.000,61.000,0.00000,0
437.000,61.000,0.00000,0
439.000,61.000,0.00000,0
441.000,61.000,0.00000,0
443.000,61.000,0.00000,0
445.000,61.000,0.00000,0
447.000,61.000,0.00000,0
449.000,61.000,0.00000,0
451.000,61.000,0.00000,0
453.000,61.000,0.00000,0
455.000,61.000,0.00000,0
457.000,61.000,0.00000,0
459.000,61.000,0.00000,0
461.000,61.000,0.00000,0
463.000,61.000,0.00000,0
465.000,61.000,0.00000,0
467.000,61.000,0.00000,0
469.000,61.000,0.00000,0
471.000,61.000,0.00000,0
473.000,61.000,0.00000,0
475.000,61.000,0.00000,0
477.000,61.000,0.00000,0
479.000,61.000,0.00000,0
481.000,61.000,0.00000,0
483.000,61.000,0.00000,0
485.000,61.000,0.00000,0
487.000,61.000,0.00000,0
489.000,61.000,0.00000,0
491.000,61.000,0.00000,0
493.000,61.000,0.00000,0
495.000,61.000,0.00000,0
497.000,61.000,0.00000,0
499.000,61.000,0.00000,0
1.000,63.000,1.39831,0
3.000,63.000,1.39065,0
5.000,63.000,1.39068,0
7.000,63.000,1.39070,0
9.000,63.000,1.39067,0
11.000,63.000,1.39058,0
13.000,63.000,1.39039,0
15.000,63.000,1.39009,0
17.000,63.000,1.38964,0
19.000,63.000,1.38900,0
21.000,63.000,1.38811,0
23.000,63.000,1.38691,0
25.000,63.000,1.38530,0
27.000,63.000,1.38320,0
29.000,63.000,1.38050,0
31.000,63.000,1.37710,0
33.000,63.000,1.37292,0
35.000,63.000,1.36785,0
37.000,63.000,1.36184,0
39.000,63.000,1.35482,0
41.000,63.000,1.34678,0
43.000,63.000,1.33774,0
45.000,63.000,1.32777,0
47.000,63.000,1.31696,0
49.000,63.000,1.30546,0
51.000,63.000,1.29341,0
53.000,63.000,1.28094,0
55.000,63.000,1.26816,0
57.000,63.000,1.25525,0
59.000,63.000,1.24228,0
61.000,63.000,1.22933,0
63.000,63.000,1.21666,0
65.000,63.000,1.20413,0
67.000,63.000,1.19160,0
69.000,63.000,1.17925,0
71.000,63.000,1.16718,0
73.000,63.000,1.15518,0
75.000,63.000,1.14320,0
77.000,63.000,1.13143,0
79.000,63.000,1.11989,0
81.000,63.000,1.10839,0
83.000,63.000,1.09691,0
85.000,63.000,1.08571,0
87.000,63.000,1.07474,0
89.000,63.000,1.06376,0
91.000,63.000,1.05294,0
93.000,63.000,1.04252,0
95.000,63.000,1.03221,0
97.000,63.000,1.02193,0
99.000,63.000,1.01202,0
101.000,63.000,1.00248,0
103.000,63.000,0.99296,0
105.000,63.000,0.98354,0
107.000,63.000,0.97463,0
109.000,63.000,0.96604,0
111.000,63.000,0.95740,0
113.000,63.000,0.94906,0
115.000,63.000,0.94107,0
117.000,63.000,0.93309,0
119.000,63.000,0.92501,0
121.000,63.000,0.91694,0
123.000,63.000,0.91541,0
125.000,63.000,0.96118,0
127.000,63.000,1.14338,0
129.000,63.000,1.27100,0
131.000,63.000,1.31989,0
133.000,63.000,1.33812,0
135.000,63.000,1.34420,0
137.000,63.000,1.34367,0
139.000,63.000,1.34134,0
141.000,63.000,1.34188,0
143.000,63.000,1.34659,0
145.000,63.000,1.35048,0
147.000,63.000,1.32143,0
149.000,63.000,1.35431,0
151.000,63.000,0.00000,1
153.000,63.000,0.00000,1
155.000,63.000,0.00000,1
157.000,63.000,0.00000,1
159.000,63.000,0.00000,1
161.000,63.000,0.00000,1
163.000,63.000,0.00000,1
165.000,63.000,0.00000,1
167.000,63.000,0.00000,1
169.000,63.000,0.00000,1
171.000,63.000,0.05616,0
173.000,63.000,0.12034,0
175.000,63.000,0.15890,0
177.000,63.000,0.19862,0
179.000,63.000,0.23380,0
181.000,63.000,0.26125,0
183.000,63.000,0.27681,0
185.000,63.000,0.28090,0
187.000,63.000,0.27860,0
189.000,63.000,0.26948,0
191.000,63.000,0.25238,0
193.000,63.000,0.22636,0
195.000,63.000,0.18364,0
197.000,63.000,0.10001,0
199.000,63.000,0.01517,0
201.000,63.000,0.00053,0
203.000,63.000,0.00000,0
205.000,63.000,0.00000,0
207.000,63.000,0.00000,0
209.000,63.000,0.00000,0
211.000,63.000,0.00000,0
213.000,63.000,0.00000,0
215.000,63.000,0.00000,0
217.000,63.000,0.00000,0
219.000,63.000,0.00000,0
221.000,63.000,0.00000,0
223.000,63.000,0.00000,0
225.000,63.000,0.00000,0
227.000,63.000,0.00000,0
229.000,63.000,0.00000,0
231.000,63.000,0.00000,0
233.000,63.000,0.00000,0
235.000,63.000,0.00000,0
237.000,63.000,0.00000,0
239.000,63.000,0.00000,0
241.000,63.000,0.00000,0
243.000,63.000,0.00000,0
245.000,63.000,0.00000,0
247.000,63.000,0.00000,0
249.000,63.000,0.00000,0
251.000,63.000,0.00000,1
253.000,63.000,0.00000,1
255.000,63.000,0.00000,1
257.000,63.000,0.00000,1
259.000,63.000,0.00000,1
261.000,63.000,0.00000,1
263.000,63.000,0.00000,1
265.000,63.000,0.00000,1
267.000,63.000,0.00000,1
269.000,63.000,0.00000,1
271.000,63.000,0.00000,0
273.000,63.000,0.00000,0
275.000,63.000,0.00000,0
277.000,63.000,0.00000,0
279.000,63.000,0.00000,0
281.000,63.000,0.00000,0
283.000,63.000,0.00000,0
285.000,63.000,0.00000,0
287.000,63.000,0.00000,0
289.000,63.000,0.00000,0
291.000,63.000,0.00000,0
293.000,63.000,0.00000,0
295.000,63.000,0.00000,0
297.000,63.000,0.00000,0
299.000,63.000,0.00000,0
301.000,63.000,0.00000,0
303.000,63.000,0.00000,0
305.000,63.000,0.00000,0
307.000,63.000,0.00000,0
309.000,63.000,0.00000,0
311.000,63.000,0.00000,0
313.000,63.000,0.00000,0
315.000,63.000,0.00000,0
317.000,63.000,0.00000,0
319.000,63.000,0.00000,0
321.000,63.000,0.00000,1
323.000,63.000,0.00000,1
325.000,63.000,0.00000,1
327.000,63.000,0.00000,1
329.000,63.000,0.00000,1
331.000,63.000,0.00000,1
333.000,63.000,0.00000,1
335.000,63.000,0.00000,1
337.000,63.000,0.00000,1
339.000,63.000,0.00000,1
341.000,63.000,0.00000,1
343.000,63.000,0.00000,1
345.000,63.000,0.00000,1
347.000,63.000,0.00000,1
349.000,63.000,0.00000,1
351.000,63.000,0.00000,1
353.000,63.000,0.00000,1
355.000,63.000,0.00000,1
357.000,63.000,0.00000,1
359.000,63.000,0.00000,1
361.000,63.000,0.00000,0
363.000,63.000,0.00000,0
365.000,63.000,0.00000,0
367.000,63.000,0.00000,0
369.000,63.000,0.00000,0
371.000,63.000,0.00000,0
373.000,63.000,0.00000,0
375.000,63.000,0.00000,0
377.000,63.000,0.00000,0
379.000,63.000,0.00000,0
381.000,63.000,0.00000,0
383.000,63.000,0.00000,0
385.000,63.000,0.00000,0
387.000,63.000,0.00000,0
389.000,63.000,0.00000,0
391.000,63.000,0.00000,0
393.000,63.000,0.00000,0
395.000,63.000,0.00000,0
397.000,63.000,0.00000,0
399.000,63.000,0.00000,0
401.000,63.000,0.00000,0
403.000,63.000,0.00000,0
405.000,63.000,0.00000,0
407.000,63.000,0.00000,0
409.000,63.000,0.00000,0
411.000,63.000,0.00000,0
413.000,63.000,0.00000,0
415.000,63.000,0.00000,0
417.000,63.000,0.00000,0
419.000,63.000,0.00000,0
421.000,63.000,0.00000,0
423.000,63.000,0.00000,0
425.000,63.000,0.00000,0
427.000,63.000,0.00000,0
429.000,63.000,0.00000,0
431.000,63.000,0.00000,0
433.000,63.000,0.00000,0
435.000,63.000,0.00000,0
437.000,63.000,0.00000,0
439.000,63.000,0.00000,0
441.000,63.000,0.00000,0
443.000,63.000,0.00000,0
445.000,63.000,0.00000,0
447.000,63.000,0.00000,0
449.000,63.000,0.00000,0
451.000,63.000,0.00000,0
453.000,63.000,0.00000,0
455.000,63.000,0.00000,0
457.000,63.000,0.00000,0
459.000,63.000,0.00000,0
461.000,63.000,0.00000,0
463.000,63.000,0.00000,0
465.000,63.000,0.00000,0
467.000,63.000,0.00000,0
469.000,63.000,0.00000,0
471.000,63.000,0.00000,0
473.000,63.000,0.00000,0
475.000,63.000,0.00000,0
477.000,63.000,0.00000,0
479.000,63.000,0.00000,0
481.000,63.000,0.00000,0
483.000,63.000,0.00000,0
485.000,63.000,0.00000,0
487.000,63.000,0.00000,0
489.000,63.000,0.00000,0
491.000,63.000,0.00000,0
493.000,63.000,0.00000,0
495.000,63.000,0.00000,0
497.000,63.000,0.00000,0
499.000,63.000,0.00000,0
1.000,65.000,1.39831,0
3.000,65.000,1.39065,0
5.000,65.000,1.39068,0
7.000,65.000,1.39070,0
9.000,65.000,1.39067,0
11.000,65.000,1.39058,0
13.000,65.000,1.39039,0
15.000,65.000,1.39009,0
17.000,65.000,1.38964,0
19.000,65.000,1.38900,0
21.000,65.000,1.38811,0
23.000,65.000,1.38691,0
25.000,65.000,1.38530,0
27.000,65.000,1.38320,0
29.000,65.000,1.38050,0
31.000,65.000,1.37710,0
33.000,65.000,1.37292,0
35.000,65.000,1.36785,0
37.000,65.000,1.36184,0
39.000,65.000,1.35482,0
41.000,65.000,1.34678,0
43.000,65.000,1.33774,0
45.000,65.000,1.32777,0
47.000,65.000,1.31696,0
49.000,65.000,1.30546,0
51.000,65.000,1.29341,0
53.000,65.000,1.28094,0
55.000,65.000,1.26816,0
57.000,65.000,1.25525,0
59.000,65.000,1.24228,0
61.000,65.000,1.22933,0
63.000,65.000,1.21666,0
65.000,65.000,1.20413,0
67.000,65.000,1.19160,0
69.000,65.000,1.17925,0
71.000,65.000,1.16718,0
73.000,65.000,1.15518,0
75.000,65.000,1.14320,0
77.000,65.000,1.13143,0
79.000,65.000,1.11989,0
81.000,65.000,1.10839,0
83.000,65.000,1.09691,0
85.000,65.000,1.08571,0
87.000,65.000,1.07474,0
89.000,65.000,1.06376,0
91.000,65.000,1.05294,0
93.000,65.000,1.04252,0
95.000,65.000,1.03221,0
97.000,65.000,1.02193,0
99.000,65.000,1.01202,0
101.000,65.000,1.00248,0
103.000,65.000,0.99296,0
105.000,65.000,0.98354,0
107.000,65.000,0.97463,0
109.000,65.000,0.96604,0
111.000,65.000,0.95740,0
113.000,65.000,0.94907,0
115.000,65.000,0.94107,0
117.000,65.000,0.93304,0
119.000,65.000,0.92507,0
121.000,65.000,0.91682,0
123.000,65.000,0.91736,0
125.000,65.000,0.97191,0
127.000,65.000,1.14031,0
129.000,65.000,1.24997,0
131.000,65.000,1.29987,0
133.000,65.000,1.32578,0
135.000,65.000,1.33871,0
137.000,65.000,1.34382,0
139.000,65.000,1.34498,0
141.000,65.000,1.34736,0
143.000,65.000,1.35391,0
145.000,65.000,1.36030,0
147.000,65.000,1.33396,0
149.000,65.000,1.37402,0
151.000,65.000,0.00000,1
153.000,65.000,0.00000,1
155.000,65.000,0.00000,1
157.000,65.000,0.00000,1
159.000,65.000,0.00000,1
161.000,65.000,0.00000,1
163.000,65.000,0.00000,1
165.000,65.000,0.00000,1
167.000,65.000,0.00000,1
169.000,65.000,0.00000,1
171.000,65.000,0.04378,0
173.000,65.000,0.09384,0
175.000,65.000,0.13155,0
177.000,65.000,0.16527,0
179.000,65.000,0.19157,0
181.000,65.000,0.21550,0
183.000,65.000,0.23495,0
185.000,65.000,0.24225,0
187.000,65.000,0.24031,0
189.000,65.000,0.23175,0
191.000,65.000,0.21424,0
193.000,65.000,0.18252,0
195.000,65.000,0.11856,0
197.000,65.000,0.02813,0
199.000,65.000,0.00123,0
201.000,65.000,0.00002,0
203.000,65.000,0.00000,0
205.000,65.000,0.00000,0
207.000,65.000,0.00000,0
209.000,65.000,0.00000,0
211.000,65.000,0.00000,0
213.000,65.000,0.00000,0
215.000,65.000,0.00000,0
217.000,65.000,0.00000,0
219.000,65.000,0.00000,0
221.000,65.000,0.00000,0
223.000,65.000,0.00000,0
225.000,65.000,0.00000,0
227.000,65.000,0.00000,0
229.000,65.000,0.00000,0
231.000,65.000,0.00000,0
233.000,65.000,0.00000,0
235.000,65.000,0.00000,0
237.000,65.000,0.00000,0
239.000,65.000,0.00000,0
241.000,65.000,0.00000,0
243.000,65.000,0.00000,0
245.000,65.000,0.00000,0
247.000,65.000,0.00000,0
249.000,65.000,0.00000,0
251.000,65.000,0.00000,1
253.000,65.000,0.00000,1
255.000,65.000,0.00000,1
257.000,65.000,0.00000,1
259.000,65.000,0.00000,1
261.000,65.000,0.00000,1
263.000,65.000,0.00000,1
265.000,65.000,0.00000,1
267.000,65.000,0.00000,1
269.000,65.000,0.00000,1
271.000,65.000,0.00000,0
273.000,65.000,0.00000,0
275.000,65.000,0.00000,0
277.000,65.000,0.00000,0
279.000,65.000,0.00000,0
281.000,65.000,0.00000,0
283.000,65.000,0.00000,0
285.000,65.000,0.00000,0
287.000,65.000,0.00000,0
289.000,65.000,0.00000,0
291.000,65.000,0.00000,0
293.000,65.000,0.00000,0
295.000,65.000,0.00000,0
297.000,65.000,0.00000,0
299.000,65.000,0.00000,0
301.000,65.000,0.00000,0
303.000,65.000,0.00000,0
305.000,65.000,0.00000,0
307.000,65.000,0.00000,0
309.000,65.000,0.00000,0
311.000,65.000,0.00000,0
313.000,65.000,0.00000,0
315.000,65.000,0.00000,0
317.000,65.000,0.00000,0
319.000,65.000,0.00000,0
321.000,65.000,0.00000,1
323.000,65.000,0.00000,1
325.000,65.000,0.00000,1
327.000,65.000,0.00000,1
329.000,65.000,0.00000,1
331.000,65.000,0.00000,1
333.000,65.000,0.00000,1
335.000,65.000,0.00000,1
337.000,65.000,0.00000,1
339.000,65.000,0.00000,1
341.000,65.000,0.00000,1
343.000,65.000,0.00000,1
345.000,65.000,0.00000,1
347.000,65.000,0.00000,1
349.000,65.000,0.00000,1
351.000,65.000,0.00000,1
353.000,65.000,0.00000,1
355.000,65.000,0.00000,1
357.000,65.000,0.00000,1
359.000,65.000,0.00000,1
361.000,65.000,0.00000,0
363.000,65.000,0.00000,0
365.000,65.000,0.00000,0
367.000,65.000,0.00000,0
369.000,65.000,0.00000,0
371.000,65.000,0.00000,0
373.000,65.000,0.00000,0
375.000,65.000,0.00000,0
377.000,65.000,0.00000,0
379.000,65.000,0.00000,0
381.000,65.000,0.00000,0
383.000,65.000,0.00000,0
385.000,65.000,0.00000,0
387.000,65.000,0.00000,0
389.000,65.000,0.00000,0
391.000,65.000,0.00000,0
393.000,65.000,0.00000,0
395.000,65.000,0.00000,0
397.000,65.000,0.00000,0
399.000,65.000,0.00000,0
401.000,65.000,0.00000,0
403.000,65.000,0.00000,0
405.000,65.000,0.00000,0
407.000,65.000,0.00000,0
409.000,65.000,0.00000,0
411.000,65.000,0.00000,0
413.000,65.000,0.00000,0
415.000,65.000,0.00000,0
417.000,65.000,0.00000,0
419.000,65.000,0.00000,0
421.000,65.000,0.00000,0
423.000,65.000,0.00000,0
425.000,65.000,0.00000,0
427.000,65.000,0.00000,0
429.000,65.000,0.00000,0
431.000,65.000,0.00000,0
433.000,65.000,0.00000,0
435.000,65.000,0.00000,0
437.000,65.000,0.00000,0
439.000,65.000,0.00000,0
441.000,65.000,0.00000,0
443.000,65.000,0.00000,0
445.000,65.000,0.00000,0
447.000,65.000,0.00000,0
449.000,65.000,0.00000,0
451.000,65.000,0.00000,0
453.000,65.000,0.00000,0
455.000,65.000,0.00000,0
457.000,65.000,0.00000,0
459.000,65.000,0.00000,0
461.000,65.000,0.00000,0
463.000,65.000,0.00000,0
465.000,65.000,0.00000,0
467.000,65.000,0.00000,0
469.000,65.000,0.00000,0
471.000,65.000,0.00000,0
473.000,65.000,0.00000,0
475.000,65.000,0.00000,0
477.000,65.000,0.00000,0
479.000,65.000,0.00000,0
481.000,65.000,0.00000,0
483.000,65.000,0.00000,0
485.000,65.000,0.00000,0
487.000,65.000,0.00000,0
489.000,65.000,0.00000,0
491.000,65.000,0.00000,0
493.000,65.000,0.00000,0
495.000,65.000,0.00000,0
497.000,65.000,0.00000,0
499.000,65.000,0.00000,0
1.000,67.000,1.39831,0
3.000,67.000,1.39065,0
5.000,67.000,1.39068,0
7.000,67.000,1.39070,0
9.000,67.000,1.39067,0
11.000,67.000,1.39058,0
13.000,67.000,1.39039,0
15.000,67.000,1.39009,0
17.000,67.000,1.38964,0
19.000,67.000,1.38900,0
21.000,67.000,1.38811,0
23.000,67.000,1.38691,0
25.000,67.000,1.38530,0
27.000,67.000,1.38320,0
29.000,67.000,1.38050,0
31.000,67.000,1.37710,0
33.000,67.000,1.37292,0
35.000,67.000,1.36785,0
37.000,67.000,1.36184,0
39.000,67.000,1.35482,0
41.000,67.000,1.34678,0
43.000,67.000,1.33774,0
45.000,67.000,1.32777,0
47.000,67.000,1.31696,0
49.000,67.000,1.30546,0
51.000,67.000,1.29341,0
53.000,67.000,1.28094,0
55.000,67.000,1.26816,0
57.000,67.000,1.25525,0
59.000,67.000,1.24228,0
61.000,67.000,1.22933,0
63.000,67.000,1.21666,0
65.000,67.000,1.20413,0
67.000,67.000,1.19160,0
69.000,67.000,1.17925,0
71.000,67.000,1.16718,0
73.000,67.000,1.15518,0
75.000,67.000,1.14320,0
77.000,67.000,1.13143,0
79.000,67.000,1.11989,0
81.000,67.000,1.10839,0
83.000,67.000,1.09691,0
85.000,67.000,1.08571,0
87.000,67.000,1.07474,0
89.000,67.000,1.06376,0
91.000,67.000,1.05294,0
93.000,67.000,1.04252,0
95.000,67.000,1.03221,0
97.000,67.000,1.02193,0
99.000,67.000,1.01202,0
101.000,67.000,1.00248,0
103.000,67.000,0.99296,0
105.000,67.000,0.98354,0
107.000,67.000,0.97463,0
109.000,67.000,0.96604,0
111.000,67.000,0.95740,0
113.000,67.000,0.94907,0
115.000,67.000,0.94107,0
117.000,67.000,0.93300,0
119.000,67.000,0.92511,0
121.000,67.000,0.91688,0
123.000,67.000,0.91902,0
125.000,67.000,0.98222,0
127.000,67.000,1.13775,0
129.000,67.000,1.23026,0
131.000,67.000,1.27664,0
133.000,67.000,1.30807,0
135.000,67.000,1.32765,0
137.000,67.000,1.33815,0
139.000,67.000,1.34341,0
141.000,67.000,1.34926,0
143.000,67.000,1.35682,0
145.000,67.000,1.36356,0
147.000,67.000,1.33868,0
149.000,67.000,1.37887,0
151.000,67.000,0.00000,1
153.000,67.000,0.00000,1
155.000,67.000,0.00000,1
157.000,67.000,0.00000,1
159.000,67.000,0.00000,1
161.000,67.000,0.00000,1
163.000,67.000,0.00000,1
165.000,67.000,0.00000,1
167.000,67.000,0.00000,1
169.000,67.000,0.00000,1
171.000,67.000,0.04166,0
173.000,67.000,0.07966,0
175.000,67.000,0.10411,0
177.000,67.000,0.12905,0
179.000,67.000,0.15197,0
181.000,67.000,0.17404,0
183.000,67.000,0.19516,0
185.000,67.000,0.20291,0
187.000,67.000,0.20119,0
189.000,67.000,0.19087,0
191.000,67.000,0.16517,0
193.000,67.000,0.11277,0
195.000,67.000,0.03235,0
197.000,67.000,0.00183,0
199.000,67.000,0.00003,0
201.000,67.000,0.00000,0
203.000,67.000,0.00000,0
205.000,67.000,0.00000,0
207.000,67.000,0.00000,0
209.000,67.000,0.00000,0
211.000,67.000,0.00000,0
213.000,67.000,0.00000,0
215.000,67.000,0.00000,0
217.000,67.000,0.00000,0
219.000,67.000,0.00000,0
221.000,67.000,0.00000,0
223.000,67.000,0.00000,0
225.000,67.000,0.00000,0
227.000,67.000,0.00000,0
229.000,67.000,0.00000,0
231.000,67.000,0.00000,0
233.000,67.000,0.00000,0
235.000,67.000,0.00000,0
237.000,67.000,0.00000,0
239.000,67.000,0.00000,0
241.000,67.000,0.00000,0
243.000,67.000,0.00000,0
245.000,67.000,0.00000,0
247.000,67.000,0.00000,0
249.000,67.000,0.00000,0
251.000,67.000,0.00000,1
253.000,67.000,0.00000,1
255.000,67.000,0.00000,1
257.000,67.000,0.00000,1
259.000,67.000,0.00000,1
261.000,67.000,0.00000,1
263.000,67.000,0.00000,1
265.000,67.000,0.00000,1
267.000,67.000,0.00000,1
269.000,67.000,0.00000,1
271.000,67.000,0.00000,0
273.000,67.000,0.00000,0
275.000,67.000,0.00000,0
277.000,67.000,0.00000,0
279.000,67.000,0.00000,0
281.000,67.000,0.00000,0
283.000,67.000,0.00000,0
285.000,67.000,0.00000,0
287.000,67.000,0.00000,0
289.000,67.000,0.00000,0
291.000,67.000,0.00000,0
293.000,67.000,0.00000,0
295.000,67.000,0.00000,0
297.000,67.000,0.00000,0
299.000,67.000,0.00000,0
301.000,67.000,0.00000,0
303.000,67.000,0.00000,0
305.000,67.000,0.00000,0
307.000,67.000,0.00000,0
309.000,67.000,0.00000,0
311.000,67.000,0.00000,0
313.000,67.000,0.00000,0
315.000,67.000,0.00000,0
317.000,67.000,0.00000,0
319.000,67.000,0.00000,0
321.000,67.000,0.00000,0
323.000,67.000,0.00000,0
325.000,67.000,0.00000,0
327.000,67.000,0.00000,0
329.000,67.000,0.00000,0
331.000,67.000,0.00000,0
333.000,67.000,0.00000,0
335.000,67.000,0.00000,0
337.000,67.000,0.00000,0
339.000,67.000,0.00000,0
341.000,67.000,0.00000,0
343.000,67.000,0.00000,0
345.000,67.000,0.00000,0
347.000,67.000,0.00000,0
349.000,67.000,0.00000,0
351.000,67.000,0.00000,0
353.000,67.000,0.00000,0
355.000,67.000,0.00000,0
357.000,67.000,0.00000,0
359.000,67.000,0.00000,0
361.000,67.000,0.00000,0
363.000,67.000,0.00000,0
365.000,67.000,0.00000,0
367.000,67.000,0.00000,0
369.000,67.000,0.00000,0
371.000,67.000,0.00000,0
373.000,67.000,0.00000,0
375.000,67.000,0.00000,0
377.000,67.000,0.00000,0
379.000,67.000,0.00000,0
381.000,67.000,0.00000,0
383.000,67.000,0.00000,0
385.000,67.000,0.00000,0
387.000,67.000,0.00000,0
389.000,67.000,0.00000,0
391.000,67.000,0.00000,0
393.000,67.000,0.00000,0
395.000,67.000,0.00000,0
397.000,67.000,0.00000,0
399.000,67.000,0.00000,0
401.000,67.000,0.00000,0
403.000,67.000,0.00000,0
405.000,67.000,0.00000,0
407.000,67.000,0.00000,0
409.000,67.000,0.00000,0
411.000,67.000,0.00000,0
413.000,67.000,0.00000,0
415.000,67.000,0.00000,0
417.000,67.000,0.00000,0
419.000,67.000,0.00000,0
421.000,67.000,0.00000,0
423.000,67.000,0.00000,0
425.000,67.000,0.00000,0
427.000,67.000,0.00000,0
429.000,67.000,0.00000,0
431.000,67.000,0.00000,0
433.000,67.000,0.00000,0
435.000,67.000,0.00000,0
437.000,67.000,0.00000,0
439.000,67.000,0.00000,0
441.000,67.000,0.00000,0
443.000,67.000,0.00000,0
445.000,67.000,0.00000,0
447.000,67.000,0.00000,0
449.000,67.000,0.00000,0
451.000,67.000,0.00000,0
453.000,67.000,0.00000,0
455.000,67.000,0.00000,0
457.000,67.000,0.00000,0
459.000,67.000,0.00000,0
461.000,67.000,0.00000,0
463.000,67.000,0.00000,0
465.000,67.000,0.00000,0
467.000,67.000,0.00000,0
469.000,67.000,0.00000,0
471.000,67.000,0.00000,0
473.000,67.000,0.00000,0
475.000,67.000,0.00000,0
477.000,67.000,0.00000,0
479.000,67.000,0.00000,0
481.000,67.000,0.00000,0
483.000,67.000,0.00000,0
485.000,67.000,0.00000,0
487.000,67.000,0.00000,0
489.000,67.000,0.00000,0
491.000,67.000,0.00000,0
493.000,67.000,0.00000,0
495.000,67.000,0.00000,0
497.000,67.000,0.00000,0
499.000,67.000,0.00000,0
1.000,69.000,1.39831,0
3.000,69.000,1.39065,0
5.000,69.000,1.39068,0
7.000,69.000,1.39070,0
9.000,69.000,1.39067,0
11.000,69.000,1.39058,0
13.000,69.000,1.39039,0
15.000,69.000,1.39009,0
17.000,69.000,1.38964,0
19.000,69.000,1.38900,0
21.000,69.000,1.38811,0
23.000,69.000,1.38691,0
25.000,69.000,1.38530,0
27.000,69.000,1.38320,0
29.000,69.000,1.38050,0
31.000,69.000,1.37710,0
33.000,69.000,1.37292,0
35.000,69.000,1.36785,0
37.000,69.000,1.36184,0
39.000,69.000,1.35482,0
41.000,69.000,1.34678,0
43.000,69.000,1.33774,0
45.000,69.000,1.32777,0
47.000,69.000,1.31696,0
49.000,69.000,1.30546,0
51.000,69.000,1.29341,0
53.000,69.000,1.28094,0
55.000,69.000,1.26816,0
57.000,69.000,1.25525,0
59.000,69.000,1.24228,0
61.000,69.000,1.22933,0
63.000,69.000,1.21666,0
65.000,69.000,1.20413,0
67.000,69.000,1.19160,0
69.000,69.000,1.17925,0
71.000,69.000,1.16718,0
73.000,69.000,1.15518,0
75.000,69.000,1.14320,0
77.000,69.000,1.13143,0
79.000,69.000,1.11989,0
81.000,69.000,1.10839,0
83.000,69.000,1.09691,0
85.000,69.000,1.08571,0
87.000,69.000,1.07474,0
89.000,69.000,1.06376,0
91.000,69.000,1.05294,0
93.000,69.000,1.04252,0
95.000,69.000,1.03221,0
97.000,69.000,1.02193,0
99.000,69.000,1.01202,0
101.000,69.000,1.00248,0
103.000,69.000,0.99296,0
105.000,69.000,0.98354,0
107.000,69.000,0.97463,0
109.000,69.000,0.96604,0
111.000,69.000,0.95740,0
113.000,69.000,0.94907,0
115.000,69.000,0.94106,0
117.000,69.000,0.93298,0
119.000,69.000,0.92512,0
121.000,69.000,0.91696,0
123.000,69.000,0.92009,0
125.000,69.000,0.98914,0
127.000,69.000,1.13631,0
129.000,69.000,1.21483,0
131.000,69.000,1.25361,0
133.000,69.000,1.28586,0
135.000,69.000,1.31153,0
137.000,69.000,1.32818,0
139.000,69.000,1.33716,0
141.000,69.000,1.34475,0
143.000,69.000,1.35309,0
145.000,69.000,1.36056,0
147.000,69.000,1.33574,0
149.000,69.000,1.37531,0
151.000,69.000,0.00000,1
153.000,69.000,0.00000,1
155.000,69.000,0.00000,1
157.000,69.000,0.00000,1
159.000,69.000,0.00000,1
161.000,69.000,0.00000,1
163.000,69.000,0.00000,1
165.000,69.000,0.00000,1
167.000,69.000,0.00000,1
169.000,69.000,0.00000,1
171.000,69.000,0.02772,0
173.000,69.000,0.06461,0
175.000,69.000,0.10825,0
177.000,69.000,0.14064,0
179.000,69.000,0.16735,0
181.000,69.000,0.18419,0
183.000,69.000,0.18509,0
185.000,69.000,0.17374,0
187.000,69.000,0.15277,0
189.000,69.000,0.12895,0
191.000,69.000,0.08513,0
193.000,69.000,0.02470,0
195.000,69.000,0.00170,0
197.000,69.000,0.00003,0
199.000,69.000,0.00000,0
201.000,69.000,0.00000,0
203.000,69.000,0.00000,0
205.000,69.000,0.00000,0
207.000,69.000,0.00000,0
209.000,69.000,0.00000,0
211.000,69.000,0.00000,0
213.000,69.000,0.00000,0
215.000,69.000,0.00000,0
217.000,69.000,0.00000,0
219.000,69.000,0.00000,0
221.000,69.000,0.00000,0
223.000,69.000,0.00000,0
225.000,69.000,0.00000,0
227.000,69.000,0.00000,0
229.000,69.000,0.00000,0
231.000,69.000,0.00000,0
233.000,69.000,0.00000,0
235.000,69.000,0.00000,0
237.000,69.000,0.00000,0
239.000,69.000,0.00000,0
241.000,69.000,0.00000,0
243.000,69.000,0.00000,0
245.000,69.000,0.00000,0
247.000,69.000,0.00000,0
249.000,69.000,0.00000,0
251.000,69.000,0.00000,1
253.000,69.000,0.00000,1
255.000,69.000,0.00000,1
257.000,69.000,0.00000,1
259.000,69.000,0.00000,1
261.000,69.000,0.00000,1
263.000,69.000,0.00000,1
265.000,69.000,0.00000,1
267.000,69.000,0.00000,1
269.000,69.000,0.00000,1
271.000,69.000,0.00000,0
273.000,69.000,0.00000,0
275.000,69.000,0.00000,0
277.000,69.000,0.00000,0
279.000,69.000,0.00000,0
281.000,69.000,0.00000,0
283.000,69.000,0.00000,0
285.000,69.000,0.00000,0
287.000,69.000,0.00000,0
289.000,69.000,0.00000,0
291.000,69.000,0.00000,0
293.000,69.000,0.00000,0
295.000,69.000,0.00000,0
297.000,69.000,0.00000,0
299.000,69.000,0.00000,0
301.000,69.000,0.00000,0
303.000,69.000,0.00000,0
305.000,69.000,0.00000,0
307.000,69.000,0.00000,0
309.000,69.000,0.00000,0
311.000,69.000,0.00000,0
313.000,69.000,0.00000,0
315.000,69.000,0.00000,0
317.000,69.000,0.00000,0
319.000,69.000,0.00000,0
321.000,69.000,0.00000,0
323.000,69.000,0.00000,0
325.000,69.000,0.00000,0
327.000,69.000,0.00000,0
329.000,69.000,0.00000,0
331.000,69.000,0.00000,0
333.000,69.000,0.00000,0
335.000,69.000,0.00000,0
337.000,69.000,0.00000,0
339.000,69.000,0.00000,0
341.000,69.000,0.00000,0
343.000,69.000,0.00000,0
345.000,69.000,0.00000,0
347.000,69.000,0.00000,0
349.000,69.000,0.00000,0
351.000,69.000,0.00000,0
353.000,69.000,0.00000,0
355.000,69.000,0.00000,0
357.000,69.000,0.00000,0
359.000,69.000,0.00000,0
361.000,69.000,0.00000,0
363.000,69.000,0.00000,0
365.000,69.000,0.00000,0
367.000,69.000,0.00000,0
369.000,69.000,0.00000,0
371.000,69.000,0.00000,0
373.000,69.000,0.00000,0
375.000,69.000,0.00000,0
377.000,69.000,0.00000,0
379.000,69.000,0.00000,0
381.000,69.000,0.00000,0
383.000,69.000,0.00000,0
385.000,69.000,0.00000,0
387.000,69.000,0.00000,0
389.000,69.000,0.00000,0
391.000,69.000,0.00000,0
393.000,69.000,0.00000,0
395.000,69.000,0.00000,0
397.000,69.000,0.00000,0
399.000,69.000,0.00000,0
401.000,69.000,0.00000,0
403.000,69.000,0.00000,0
405.000,69.000,0.00000,0
407.000,69.000,0.00000,0
409.000,69.000,0.00000,0
411.000,69.000,0.00000,0
413.000,69.000,0.00000,0
415.000,69.000,0.00000,0
417.000,69.000,0.00000,0
419.000,69.000,0.00000,0
421.000,69.000,0.00000,0
423.000,69.000,0.00000,0
425.000,69.000,0.00000,0
427.000,69.000,0.00000,0
429.000,69.000,0.00000,0
431.000,69.000,0.00000,0
433.000,69.000,0.00000,0
435.000,69.000,0.00000,0
437.000,69.000,0.00000,0
439.000,69.000,0.00000,0
441.000,69.000,0.00000,0
443.000,69.000,0.00000,0
445.000,69.000,0.00000,0
447.000,69.000,0.00000,0
449.000,69.000,0.00000,0
451.000,69.000,0.00000,0
453.000,69.000,0.00000,0
455.000,69.000,0.00000,0
457.000,69.000,0.00000,0
459.000,69.000,0.00000,0
461.000,69.000,0.00000,0
463.000,69.000,0.00000,0
465.000,69.000,0.00000,0
467.000,69.000,0.00000,0
469.000,69.000,0.00000,0
471.000,69.000,0.00000,0
473.000,69.000,0.00000,0
475.000,69.000,0.00000,0
477.000,69.000,0.00000,0
479.000,69.000,0.00000,0
481.000,69.000,0.00000,0
483.000,69.000,0.00000,0
485.000,69.000,0.00000,0
487.000,69.000,0.00000,0
489.000,69.000,0.00000,0
491.000,69.000,0.00000,0
493.000,69.000,0.00000,0
495.000,69.000,0.00000,0
497.000,69.000,0.00000,0
499.000,69.000,0.00000,0
1.000,71.000,1.39831,0
3.000,71.000,1.39065,0
5.000,71.000,1.39068,0
7.000,71.000,1.39070,0
9.000,71.000,1.39067,0
11.000,71.000,1.39058,0
13.000,71.000,1.39039,0
15.000,71.000,1.39009,0
17.000,71.000,1.38964,0
19.000,71.000,1.38900,0
21.000,71.000,1.38811,0
23.000,71.000,1.38691,0
25.000,71.000,1.38530,0
27.000,71.000,1.38320,0
29.000,71.000,1.38050,0
31.000,71.000,1.37710,0
33.000,71.000,1.37292,0
35.000,71.000,1.36785,0
37.000,71.000,1.36184,0
39.000,71.000,1.35482,0
41.000,71.000,1.34678,0
43.000,71.000,1.33774,0
45.000,71.000,1.32777,0
47.000,71.000,1.31696,0
49.000,71.000,1.30546,0
51.000,71.000,1.29341,0
53.000,71.000,1.28094,0
55.000,71.000,1.26816,0
57.000,71.000,1.25525,0
59.000,71.000,1.24228,0
61.000,71.000,1.22933,0
63.000,71.000,1.21666,0
65.000,71.000,1.20413,0
67.000,71.000,1.19160,0
69.000,71.000,1.17925,0
71.000,71.000,1.16718,0
73.000,71.000,1.15518,0
75.000,71.000,1.14320,0
77.000,71.000,1.13143,0
79.000,71.000,1.11989,0
81.000,71.000,1.10839,0
83.000,71.000,1.09691,0
85.000,71.000,1.08571,0
87.000,71.000,1.07474,0
89.000,71.000,1.06376,0
91.000,71.000,1.05294,0
93.000,71.000,1.04252,0
95.000,71.000,1.03221,0
97.000,71.000,1.02193,0
99.000,71.000,1.01202,0
101.000,71.000,1.00248,0
103.000,71.000,0.99296,0
105.000,71.000,0.98354,0
107.000,71.000,0.97463,0
109.000,71.000,0.96604,0
111.000,71.000,0.95740,0
113.000,71.000,0.94907,0
115.000,71.000,0.94106,0
117.000,71.000,0.93298,0
119.000,71.000,0.92512,0
121.000,71.000,0.91697,0
123.000,71.000,0.92034,0
125.000,71.000,0.99129,0
127.000,71.000,1.13493,0
129.000,71.000,1.20451,0
131.000,71.000,1.23417,0
133.000,71.000,1.26141,0
135.000,71.000,1.29026,0
137.000,71.000,1.31249,0
139.000,71.000,1.32586,0
141.000,71.000,1.33564,0
143.000,71.000,1.34455,0
145.000,71.000,1.35210,0
147.000,71.000,1.32702,0
149.000,71.000,1.36661,0
151.000,71.000,0.00000,1
153.000,71.000,0.00000,1
155.000,71.000,0.00000,1
157.000,71.000,0.00000,1
159.000,71.000,0.00000,1
161.000,71.000,0.00000,1
163.000,71.000,0.00000,1
165.000,71.000,0.00000,1
167.000,71.000,0.00000,1
169.000,71.000,0.00000,1
171.000,71.000,0.02754,0
173.000,71.000,0.07502,0
175.000,71.000,0.13691,0
177.000,71.000,0.18680,0
179.000,71.000,0.22871,0
181.000,71.000,0.25613,0
183.000,71.000,0.25946,0
185.000,71.000,0.24528,0
187.000,71.000,0.19497,0
189.000,71.000,0.09827,0
191.000,71.000,0.02023,0
193.000,71.000,0.00098,0
195.000,71.000,0.00001,0
197.000,71.000,0.00000,0
199.000,71.000,0.00000,0
201.000,71.000,0.00000,0
203.000,71.000,0.00000,0
205.000,71.000,0.00000,0
207.000,71.000,0.00000,0
209.000,71.000,0.00000,0
211.000,71.000,0.00000,0
213.000,71.000,0.00000,0
215.000,71.000,0.00000,0
217.000,71.000,0.00000,0
219.000,71.000,0.00000,0
221.000,71.000,0.00000,0
223.000,71.000,0.00000,0
225.000,71.000,0.00000,0
227.000,71.000,0.00000,0
229.000,71.000,0.00000,0
231.000,71.000,0.00000,0
233.000,71.000,0.00000,0
235.000,71.000,0.00000,0
237.000,71.000,0.00000,0
239.000,71.000,0.00000,0
241.000,71.000,0.00000,0
243.000,71.000,0.00000,0
245.000,71.000,0.00000,0
247.000,71.000,0.00000,0
249.000,71.000,0.00000,0
251.000,71.000,0.00000,1
253.000,71.000,0.00000,1
255.000,71.000,0.00000,1
257.000,71.000,0.00000,1
259.000,71.000,0.00000,1
261.000,71.000,0.00000,1
263.000,71.000,0.00000,1
265.000,71.000,0.00000,1
267.000,71.000,0.00000,1
269.000,71.000,0.00000,1
271.000,71.000,0.00000,0
273.000,71.000,0.00000,0
275.000,71.000,0.00000,0
277.000,71.000,0.00000,0
279.000,71.000,0.00000,0
281.000,71.000,0.00000,0
283.000,71.000,0.00000,0
285.000,71.000,0.00000,0
287.000,71.000,0.00000,0
289.000,71.000,0.00000,0
291.000,71.000,0.00000,0
293.000,71.000,0.00000,0
295.000,71.000,0.00000,0
297.000,71.000,0.00000,0
299.000,71.000,0.00000,0
301.000,71.000,0.00000,0
303.000,71.000,0.00000,0
305.000,71.000,0.00000,0
307.000,71.000,0.00000,0
309.000,71.000,0.00000,0
311.000,71.000,0.00000,0
313.000,71.000,0.00000,0
315.000,71.000,0.00000,0
317.000,71.000,0.00000,0
319.000,71.000,0.00000,0
321.000,71.000,0.00000,0
323.000,71.000,0.00000,0
325.000,71.000,0.00000,0
327.000,71.000,0.00000,0
329.000,71.000,0.00000,0
331.000,71.000,0.00000,0
333.000,71.000,0.00000,0
335.000,71.000,0.00000,0
337.000,71.000,0.00000,0
339.000,71.000,0.00000,0
341.000,71.000,0.00000,0
343.000,71.000,0.00000,0
345.000,71.000,0.00000,0
347.000,71.000,0.00000,0
349.000,71.000,0.00000,0
351.000,71.000,0.00000,0
353.000,71.000,0.00000,0
355.000,71.000,0.00000,0
357.000,71.000,0.00000,0
359.000,71.000,0.00000,0
361.000,71.000,0.00000,0
363.000,71.000,0.00000,0
365.000,71.000,0.00000,0
367.000,71.000,0.00000,0
369.000,71.000,0.00000,0
371.000,71.000,0.00000,0
373.000,71.000,0.00000,0
375.000,71.000,0.00000,0
377.000,71.000,0.00000,0
379.000,71.000,0.00000,0
381.000,71.000,0.00000,0
383.000,71.000,0.00000,0
385.000,71.000,0.00000,0
387.000,71.000,0.00000,0
389.000,71.000,0.00000,0
391.000,71.000,0.00000,0
393.000,71.000,0.00000,0
395.000,71.000,0.00000,0
397.000,71.000,0.00000,0
399.000,71.000,0.00000,0
401.000,71.000,0.00000,0
403.000,71.000,0.00000,0
405.000,71.000,0.00000,0
407.000,71.000,0.00000,0
409.000,71.000,0.00000,0
411.000,71.000,0.00000,0
413.000,71.000,0.00000,0
415.000,71.000,0.00000,0
417.000,71.000,0.00000,0
419.000,71.000,0.00000,0
421.000,71.000,0.00000,0
423.000,71.000,0.00000,0
425.000,71.000,0.00000,0
427.000,71.000,0.00000,0
429.000,71.000,0.00000,0
431.000,71.000,0.00000,0
433.000,71.000,0.00000,0
435.000,71.000,0.00000,0
437.000,71.000,0.00000,0
439.000,71.000,0.00000,0
441.000,71.000,0.00000,0
443.000,71.000,0.00000,0
445.000,71.000,0.00000,0
447.000,71.000,0.00000,0
449.000,71.000,0.00000,0
451.000,71.000,0.00000,0
453.000,71.000,0.00000,0
455.000,71.000,0.00000,0
457.000,71.000,0.00000,0
459.000,71.000,0.00000,0
461.000,71.000,0.00000,0
463.000,71.000,0.00000,0
465.000,71.000,0.00000,0
467.000,71.000,0.00000,0
469.000,71.000,0.00000,0
471.000,71.000,0.00000,0
473.000,71.000,0.00000,0
475.000,71.000,0.00000,0
477.000,71.000,0.00000,0
479.000,71.000,0.00000,0
481.000,71.000,0.00000,0
483.000,71.000,0.00000,0
485.000,71.000,0.00000,0
487.000,71.000,0.00000,0
489.000,71.000,0.00000,0
491.000,71.000,0.00000,0
493.000,71.000,0.00000,0
495.000,71.000,0.00000,0
497.000,71.000,0.00000,0
499.000,71.000,0.00000,0
1.000,73.000,1.39831,0
3.000,73.000,1.39065,0
5.000,73.000,1.39068,0
7.000,73.000,1.39070,0
9.000,73.000,1.39067,0
11.000,73.000,1.39058,0
13.000,73.000,1.39039,0
15.000,73.000,1.39009,0
17.000,73.000,1.38964,0
19.000,73.000,1.38900,0
21.000,73.000,1.38811,0
23.000,73.000,1.38691,0
25.000,73.000,1.38530,0
27.000,73.000,1.38320,0
29.000,73.000,1.38050,0
31.000,73.000,1.37710,0
33.000,73.000,1.37292,0
35.000,73.000,1.36785,0
37.000,73.000,1.36184,0
39.000,73.000,1.35482,0
41.000,73.000,1.34678,0
43.000,73.000,1.33774,0
45.000,73.000,1.32777,0
47.000,73.000,1.31696,0
49.000,73.000,1.30546,0
51.000,73.000,1.29341,0
53.000,73.000,1.28094,0
55.000,73.000,1.26816,0
57.000,73.000,1.25525,0
59.000,73.000,1.24228,0
61.000,73.000,1.22933,0
63.000,73.000,1.21666,0
65.000,73.000,1.20413,0
67.000,73.000,1.19160,0
69.000,73.000,1.17925,0
71.000,73.000,1.16718,0
73.000,73.000,1.15518,0
75.000,73.000,1.14320,0
77.000,73.000,1.13143,0
79.000,73.000,1.11989,0
81.000,73.000,1.10839,0
83.000,73.000,1.09691,0
85.000,73.000,1.08571,0
87.000,73.000,1.07474,0
89.000,73.000,1.06376,0
91.000,73.000,1.05294,0
93.000,73.000,1.04252,0
95.000,73.000,1.03221,0
97.000,73.000,1.02193,0
99.000,73.000,1.01202,0
101.000,73.000,1.00248,0
103.000,73.000,0.99296,0
105.000,73.000,0.98354,0
107.000,73.000,0.97463,0
109.000,73.000,0.96604,0
111.000,73.000,0.95740,0
113.000,73.000,0.94907,0
115.000,73.000,0.94106,0
117.000,73.000,0.93300,0
119.000,73.000,0.92511,0
121.000,73.000,0.91691,0
123.000,73.000,0.91964,0
125.000,73.000,0.98710,0
127.000,73.000,1.12982,0
129.000,73.000,1.19705,0
131.000,73.000,1.22067,0
133.000,73.000,1.23973,0
135.000,73.000,1.26550,0
137.000,73.000,1.29153,0
139.000,73.000,1.30876,0
141.000,73.000,1.32058,0
143.000,73.000,1.33021,0
145.000,73.000,1.33805,0
147.000,73.000,1.31231,0
149.000,73.000,1.35258,0
151.000,73.000,0.00000,1
153.000,73.000,0.00000,1
155.000,73.000,0.00000,1
157.000,73.000,0.00000,1
159.000,73.000,0.00000,1
161.000,73.000,0.00000,1
163.000,73.000,0.00000,1
165.000,73.000,0.00000,1
167.000,73.000,0.00000,1
169.000,73.000,0.00000,1
171.000,73.000,0.04637,0
173.000,73.000,0.08388,0
175.000,73.000,0.10892,0
177.000,73.000,0.13963,0
179.000,73.000,0.17016,0
181.000,73.000,0.19110,0
183.000,73.000,0.19293,0
185.000,73.000,0.18218,0
187.000,73.000,0.15303,0
189.000,73.000,0.10972,0
191.000,73.000,0.05108,0
193.000,73.000,0.00744,0
195.000,73.000,0.00026,0
197.000,73.000,0.00000,0
199.000,73.000,0.00000,0
201.000,73.000,0.00000,0
203.000,73.000,0.00000,0
205.000,73.000,0.00000,0
207.000,73.000,0.00000,0
209.000,73.000,0.00000,0
211.000,73.000,0.00000,0
213.000,73.000,0.00000,0
215.000,73.000,0.00000,0
217.000,73.000,0.00000,0
219.000,73.000,0.00000,0
221.000,73.000,0.00000,0
223.000,73.000,0.00000,0
225.000,73.000,0.00000,0
227.000,73.000,0.00000,0
229.000,73.000,0.00000,0
231.000,73.000,0.00000,0
233.000,73.000,0.00000,0
235.000,73.000,0.00000,0
237.000,73.000,0.00000,0
239.000,73.000,0.00000,0
241.000,73.000,0.00000,0
243.000,73.000,0.00000,0
245.000,73.000,0.00000,0
247.000,73.000,0.00000,0
249.000,73.000,0.00000,0
251.000,73.000,0.00000,1
253.000,73.000,0.00000,1
255.000,73.000,0.00000,1
257.000,73.000,0.00000,1
259.000,73.000,0.00000,1
261.000,73.000,0.00000,1
263.000,73.000,0.00000,1
265.000,73.000,0.00000,1
267.000,73.000,0.00000,1
269.000,73.000,0.00000,1
271.000,73.000,0.00000,0
273.000,73.000,0.00000,0
275.000,73.000,0.00000,0
277.000,73.000,0.00000,0
279.000,73.000,0.00000,0
281.000,73.000,0.00000,0
283.000,73.000,0.00000,0
285.000,73.000,0.00000,0
287.000,73.000,0.00000,0
289.000,73.000,0.00000,0
291.000,73.000,0.00000,0
293.000,73.000,0.00000,0
295.000,73.000,0.00000,0
297.000,73.000,0.00000,0
299.000,73.000,0.00000,0
301.000,73.000,0.00000,0
303.000,73.000,0.00000,0
305.000,73.000,0.00000,0
307.000,73.000,0.00000,0
309.000,73.000,0.00000,0
311.000,73.000,0.00000,0
313.000,73.000,0.00000,0
315.000,73.000,0.00000,0
317.000,73.000,0.00000,0
319.000,73.000,0.00000,0
321.000,73.000,0.00000,0
323.000,73.000,0.00000,0
325.000,73.000,0.00000,0
327.000,73.000,0.00000,0
329.000,73.000,0.00000,0
331.000,73.000,0.00000,0
333.000,73.000,0.00000,0
335.000,73.000,0.00000,0
337.000,73.000,0.00000,0
339.000,73.000,0.00000,0
341.000,73.000,0.00000,0
343.000,73.000,0.00000,0
345.000,73.000,0.00000,0
347.000,73.000,0.00000,0
349.000,73.000,0.00000,0
351.000,73.000,0.00000,0
353.000,73.000,0.00000,0
355.000,73.000,0.00000,0
357.000,73.000,0.00000,0
359.000,73.000,0.00000,0
361.000,73.000,0.00000,0
363.000,73.000,0.00000,0
365.000,73.000,0.00000,0
367.000,73.000,0.00000,0
369.000,73.000,0.00000,0
371.000,73.000,0.00000,0
373.000,73.000,0.00000,0
375.000,73.000,0.00000,0
377.000,73.000,0.00000,0
379.000,73.000,0.00000,0
381.000,73.000,0.00000,0
383.000,73.000,0.00000,0
385.000,73.000,0.00000,0
387.000,73.000,0.00000,0
389.000,73.000,0.00000,0
391.000,73.000,0.00000,0
393.000,73.000,0.00000,0
395.000,73.000,0.00000,0
397.000,73.000,0.00000,0
399.000,73.000,0.00000,0
401.000,73.000,0.00000,0
403.000,73.000,0.00000,0
405.000,73.000,0.00000,0
407.000,73.000,0.00000,0
409.000,73.000,0.00000,0
411.000,73.000,0.00000,0
413.000,73.000,0.00000,0
415.000,73.000,0.00000,0
417.000,73.000,0.00000,0
419.000,73.000,0.00000,0
421.000,73.000,0.00000,0
423.000,73.000,0.00000,0
425.000,73.000,0.00000,0
427.000,73.000,0.00000,0
429.000,73.000,0.00000,0
431.000,73.000,0.00000,0
433.000,73.000,0.00000,0
435.000,73.000,0.00000,0
437.000,73.000,0.00000,0
439.000,73.000,0.00000,0
441.000,73.000,0.00000,0
443.000,73.000,0.00000,0
445.000,73.000,0.00000,0
447.000,73.000,0.00000,0
449.000,73.000,0.00000,0
451.000,73.000,0.00000,0
453.000,73.000,0.00000,0
455.000,73.000,0.00000,0
457.000,73.000,0.00000,0
459.000,73.000,0.00000,0
461.000,73.000,0.00000,0
463.000,73.000,0.00000,0
465.000,73.000,0.00000,0
467.000,73.000,0.00000,0
469.000,73.000,0.00000,0
471.000,73.000,0.00000,0
473.000,73.000,0.00000,0
475.000,73.000,0.00000,0
477.000,73.000,0.00000,0
479.000,73.000,0.00000,0
481.000,73.000,0.00000,0
483.000,73.000,0.00000,0
485.000,73.000,0.00000,0
487.000,73.000,0.00000,0
489.000,73.000,0.00000,0
491.000,73.000,0.00000,0
493.000,73.000,0.00000,0
495.000,73.000,0.00000,0
497.000,73.000,0.00000,0
499.000,73.000,0.00000,0
1.000,75.000,1.39831,0
3.000,75.000,1.39065,0
5.000,75.000,1.39068,0
7.000,75.000,1.39070,0
9.000,75.000,1.39067,0
11.000,75.000,1.39058,0
13.000,75.000,1.39039,0
15.000,75.000,1.39009,0
17.000,75.000,1.38964,0
19.000,75.000,1.38900,0
21.000,75.000,1.38811,0
23.000,75.000,1.38691,0
25.000,75.000,1.38530,0
27.000,75.000,1.38320,0
29.000,75.000,1.38050,0
31.000,75.000,1.37710,0
33.000,75.000,1.37292,0
35.000,75.000,1.36785,0
37.000,75.000,1.36184,0
39.000,75.000,1.35482,0
41.000,75.000,1.34678,0
43.000,75.000,1.33774,0
45.000,75.000,1.32777,0
47.000,75.000,1.31696,0
49.000,75.000,1.30546,0
51.000,75.000,1.29341,0
53.000,75.000,1.28094,0
55.000,75.000,1.26816,0
57.000,75.000,1.25525,0
59.000,75.000,1.24228,0
61.000,75.000,1.22933,0
63.000,75.000,1.21666,0
65.000,75.000,1.20413,0
67.000,75.000,1.19160,0
69.000,75.000,1.17925,0
71.000,75.000,1.16718,0
73.000,75.000,1.15518,0
75.000,75.000,1.14320,0
77.000,75.000,1.13143,0
79.000,75.000,1.11989,0
81.000,75.000,1.10839,0
83.000,75.000,1.09691,0
85.000,75.000,1.08571,0
87.000,75.000,1.07474,0
89.000,75.000,1.06376,0
91.000,75.000,1.05294,0
93.000,75.000,1.04252,0
95.000,75.000,1.03221,0
97.000,75.000,1.02193,0
99.000,75.000,1.01202,0
101.000,75.000,1.00248,0
103.000,75.000,0.99296,0
105.000,75.000,0.98354,0
107.000,75.000,0.97463,0
109.000,75.000,0.96604,0
111.000,75.000,0.95740,0
113.000,75.000,0.94907,0
115.000,75.000,0.94107,0
117.000,75.000,0.93303,0
119.000,75.000,0.92509,0
121.000,75.000,0.91682,0
123.000,75.000,0.91815,0
125.000,75.000,0.97743,0
127.000,75.000,1.12093,0
129.000,75.000,1.19114,0
131.000,75.000,1.21155,0
133.000,75.000,1.22401,0
135.000,75.000,1.24169,0
137.000,75.000,1.26673,0
139.000,75.000,1.28626,0
141.000,75.000,1.29958,0
143.000,75.000,1.30937,0
145.000,75.000,1.31603,0
147.000,75.000,1.28802,0
149.000,75.000,1.32815,0
151.000,75.000,0.00000,1
153.000,75.000,0.00000,1
155.000,75.000,0.00000,1
157.000,75.000,0.00000,1
159.000,75.000,0.00000,1
161.000,75.000,0.00000,1
163.000,75.000,0.00000,1
165.000,75.000,0.00000,1
167.000,75.000,0.00000,1
169.000,75.000,0.00000,1
171.000,75.000,0.05917,0
173.000,75.000,0.11465,0
175.000,75.000,0.15116,0
177.000,75.000,0.17312,0
179.000,75.000,0.19247,0
181.000,75.000,0.20880,0
183.000,75.000,0.21309,0
185.000,75.000,0.21057,0
187.000,75.000,0.20110,0
189.000,75.000,0.17971,0
191.000,75.000,0.14098,0
193.000,75.000,0.06879,0
195.000,75.000,0.00889,0
197.000,75.000,0.00035,0
199.000,75.000,0.00000,0
201.000,75.000,0.00000,0
203.000,75.000,0.00000,0
205.000,75.000,0.00000,0
207.000,75.000,0.00000,0
209.000,75.000,0.00000,0
211.000,75.000,0.00000,0
213.000,75.000,0.00000,0
215.000,75.000,0.00000,0
217.000,75.000,0.00000,0
219.000,75.000,0.00000,0
221.000,75.000,0.00000,0
223.000,75.000,0.00000,0
225.000,75.000,0.00000,0
227.000,75.000,0.00000,0
229.000,75.000,0.00000,0
231.000,75.000,0.00000,0
233.000,75.000,0.00000,0
235.000,75.000,0.00000,0
237.000,75.000,0.00000,0
239.000,75.000,0.00000,0
241.000,75.000,0.00000,0
243.000,75.000,0.00000,0
245.000,75.000,0.00000,0
247.000,75.000,0.00000,0
249.000,75.000,0.00000,0
251.000,75.000,0.00000,1
253.000,75.000,0.00000,1
255.000,75.000,0.00000,1
257.000,75.000,0.00000,1
259.000,75.000,0.00000,1
261.000,75.000,0.00000,1
263.000,75.000,0.00000,1
265.000,75.000,0.00000,1
267.000,75.000,0.00000,1
269.000,75.000,0.00000,1
271.000,75.000,0.00000,0
273.000,75.000,0.00000,0
275.000,75.000,0.00000,0
277.000,75.000,0.00000,0
279.000,75.000,0.00000,0
281.000,75.000,0.00000,0
283.000,75.000,0.00000,0
285.000,75.000,0.00000,0
287.000,75.000,0.00000,0
289.000,75.000,0.00000,0
291.000,75.000,0.00000,0
293.000,75.000,0.00000,0
295.000,75.000,0.00000,0
297.000,75.000,0.00000,0
299.000,75.000,0.00000,0
301.000,75.000,0.00000,0
303.000,75.000,0.00000,0
305.000,75.000,0.00000,0
307.000,75.000,0.00000,0
309.000,75.000,0.00000,0
311.000,75.000,0.00000,0
313.000,75.000,0.00000,0
315.000,75.000,0.00000,0
317.000,75.000,0.00000,0
319.000,75.000,0.00000,0
321.000,75.000,0.00000,0
323.000,75.000,0.00000,0
325.000,75.000,0.00000,0
327.000,75.000,0.00000,0
329.000,75.000,0.00000,0
331.000,75.000,0.00000,0
333.000,75.000,0.00000,0
335.000,75.000,0.00000,0
337.000,75.000,0.00000,0
339.000,75.000,0.00000,0
341.000,75.000,0.00000,0
343.000,75.000,0.00000,0
345.000,75.000,0.00000,0
347.000,75.000,0.00000,0
349.000,75.000,0.00000,0
351.000,75.000,0.00000,0
353.000,75.000,0.00000,0
355.000,75.000,0.00000,0
357.000,75.000,0.00000,0
359.000,75.000,0.00000,0
361.000,75.000,0.00000,0
363.000,75.000,0.00000,0
365.000,75.000,0.00000,0
367.000,75.000,0.00000,0
369.000,75.000,0.00000,0
371.000,75.000,0.00000,0
373.000,75.000,0.00000,0
375.000,75.000,0.00000,0
377.000,75.000,0.00000,0
379.000,75.000,0.00000,0
381.000,75.000,0.00000,0
383.000,75.000,0.00000,0
385.000,75.000,0.00000,0
387.000,75.000,0.00000,0
389.000,75.000,0.00000,0
391.000,75.000,0.00000,0
393.000,75.000,0.00000,0
395.000,75.000,0.00000,0
397.000,75.000,0.00000,0
399.000,75.000,0.00000,0
401.000,75.000,0.00000,0
403.000,75.000,0.00000,0
405.000,75.000,0.00000,0
407.000,75.000,0.00000,0
409.000,75.000,0.00000,0
411.000,75.000,0.00000,0
413.000,75.000,0.00000,0
415.000,75.000,0.00000,0
417.000,75.000,0.00000,0
419.000,75.000,0.00000,0
421.000,75.000,0.00000,0
423.000,75.000,0.00000,0
425.000,75.000,0.00000,0
427.000,75.000,0.00000,0
429.000,75.000,0.00000,0
431.000,75.000,0.00000,0
433.000,75.000,0.00000,0
435.000,75.000,0.00000,0
437.000,75.000,0.00000,0
439.000,75.000,0.00000,0
441.000,75.000,0.00000,0
443.000,75.000,0.00000,0
445.000,75.000,0.00000,0
447.000,75.000,0.00000,0
449.000,75.000,0.00000,0
451.000,75.000,0.00000,0
453.000,75.000,0.00000,0
455.000,75.000,0.00000,0
457.000,75.000,0.00000,0
459.000,75.000,0.00000,0
461.000,75.000,0.00000,0
463.000,75.000,0.00000,0
465.000,75.000,0.00000,0
467.000,75.000,0.00000,0
469.000,75.000,0.00000,0
471.000,75.000,0.00000,0
473.000,75.000,0.00000,0
475.000,75.000,0.00000,0
477.000,75.000,0.00000,0
479.000,75.000,0.00000,0
481.000,75.000,0.00000,0
483.000,75.000,0.00000,0
485.000,75.000,0.00000,0
487.000,75.000,0.00000,0
489.000,75.000,0.00000,0
491.000,75.000,0.00000,0
493.000,75.000,0.00000,0
495.000,75.000,0.00000,0
497.000,75.000,0.00000,0
499.000,75.000,0.00000,0
1.000,77.000,1.39831,0
3.000,77.000,1.39065,0
5.000,77.000,1.39068,0
7.000,77.000,1.39070,0
9.000,77.000,1.39067,0
11.000,77.000,1.39058,0
13.000,77.000,1.39039,0
15.000,77.000,1.39009,0
17.000,77.000,1.38964,0
19.000,77.000,1.38900,0
21.000,77.000,1.38811,0
23.000,77.000,1.38691,0
25.000,77.000,1.38530,0
27.000,77.000,1.38320,0
29.000,77.000,1.38050,0
31.000,77.000,1.37710,0
33.000,77.000,1.37292,0
35.000,77.000,1.36785,0
37.000,77.000,1.36184,0
39.000,77.000,1.35482,0
41.000,77.000,1.34678,0
43.000,77.000,1.33774,0
45.000,77.000,1.32777,0
47.000,77.000,1.31696,0
49.000,77.000,1.30546,0
51.000,77.000,1.29341,0
53.000,77.000,1.28094,0
55.000,77.000,1.26816,0
57.000,77.000,1.25525,0
59.000,77.000,1.24228,0
61.000,77.000,1.22933,0
63.000,77.000,1.21666,0
65.000,77.000,1.20413,0
67.000,77.000,1.19160,0
69.000,77.000,1.17925,0
71.000,77.000,1.16718,0
73.000,77.000,1.15518,0
75.000,77.000,1.14320,0
77.000,77.000,1.13143,0
79.000,77.000,1.11989,0
81.000,77.000,1.10839,0
83.000,77.000,1.09691,0
85.000,77.000,1.08571,0
87.000,77.000,1.07474,0
89.000,77.000,1.06376,0
91.000,77.000,1.05294,0
93.000,77.000,1.04252,0
95.000,77.000,1.03221,0
97.000,77.000,1.02193,0
99.000,77.000,1.01202,0
101.000,77.000,1.00248,0
103.000,77.000,0.99296,0
105.000,77.000,0.98354,0
107.000,77.000,0.97463,0
109.000,77.000,0.96604,0
111.000,77.000,0.95740,0
113.000,77.000,0.94906,0
115.000,77.000,0.94107,0
117.000,77.000,0.93308,0
119.000,77.000,0.92503,0
121.000,77.000,0.91691,0
123.000,77.000,0.91593,0
125.000,77.000,0.96274,0
127.000,77.000,1.10654,0
129.000,77.000,1.18456,0
131.000,77.000,1.20458,0
133.000,77.000,1.21303,0
135.000,77.000,1.22319,0
137.000,77.000,1.24133,0
139.000,77.000,1.26010,0
141.000,77.000,1.27318,0
143.000,77.000,1.28160,0
145.000,77.000,1.28582,0
147.000,77.000,1.25282,0
149.000,77.000,1.28836,0
151.000,77.000,0.00000,1
153.000,77.000,0.00000,1
155.000,77.000,0.00000,1
157.000,77.000,0.00000,1
159.000,77.000,0.00000,1
161.000,77.000,0.00000,1
163.000,77.000,0.00000,1
165.000,77.000,0.00000,1
167.000,77.000,0.00000,1
169.000,77.000,0.00000,1
171.000,77.000,0.06911,0
173.000,77.000,0.14987,0
175.000,77.000,0.19302,0
177.000,77.000,0.22436,0
179.000,77.000,0.24966,0
181.000,77.000,0.26392,0
183.000,77.000,0.26605,0
185.000,77.000,0.26252,0
187.000,77.000,0.25205,0
189.000,77.000,0.23287,0
191.000,77.000,0.20333,0
193.000,77.000,0.15400,0
195.000,77.000,0.06623,0
197.000,77.000,0.00647,0
199.000,77.000,0.00025,0
201.000,77.000,0.00000,0
203.000,77.000,0.00000,0
205.000,77.000,0.00000,0
207.000,77.000,0.00000,0
209.000,77.000,0.00000,0
211.000,77.000,0.00000,0
213.000,77.000,0.00000,0
215.000,77.000,0.00000,0
217.000,77.000,0.00000,0
219.000,77.000,0.00000,0
221.000,77.000,0.00000,0
223.000,77.000,0.00000,0
225.000,77.000,0.00000,0
227.000,77.000,0.00000,0
229.000,77.000,0.00000,0
231.000,77.000,0.00000,0
233.000,77.000,0.00000,0
235.000,77.000,0.00000,0
237.000,77.000,0.00000,0
239.000,77.000,0.00000,0
241.000,77.000,0.00000,0
243.000,77.000,0.00000,0
245.000,77.000,0.00000,0
247.000,77.000,0.00000,0
249.000,77.000,0.00000,0
251.000,77.000,0.00000,1
253.000,77.000,0.00000,1
255.000,77.000,0.00000,1
257.000,77.000,0.00000,1
259.000,77.000,0.00000,1
261.000,77.000,0.00000,1
263.000,77.000,0.00000,1
265.000,77.000,0.00000,1
267.000,77.000,0.00000,1
269.000,77.000,0.00000,1
271.000,77.000,0.00000,0
273.000,77.000,0.00000,0
275.000,77.000,0.00000,0
277.000,77.000,0.00000,0
279.000,77.000,0.00000,0
281.000,77.000,0.00000,0
283.000,77.000,0.00000,0
285.000,77.000,0.00000,0
287.000,77.000,0.00000,0
289.000,77.000,0.00000,0
291.000,77.000,0.00000,0
293.000,77.000,0.00000,0
295.000,77.000,0.00000,0
297.000,77.000,0.00000,0
299.000,77.000,0.00000,0
301.000,77.000,0.00000,0
303.000,77.000,0.00000,0
305.000,77.000,0.00000,0
307.000,77.000,0.00000,0
309.000,77.000,0.00000,0
311.000,77.000,0.00000,0
313.000,77.000,0.00000,0
315.000,77.000,0.00000,0
317.000,77.000,0.00000,0
319.000,77.000,0.00000,0
321.000,77.000,0.00000,0
323.000,77.000,0.00000,0
325.000,77.000,0.00000,0
327.000,77.000,0.00000,0
329.000,77.000,0.00000,0
331.000,77.000,0.00000,0
333.000,77.000,0.00000,0
335.000,77.000,0.00000,0
337.000,77.000,0.00000,0
339.000,77.000,0.00000,0
341.000,77.000,0.00000,0
343.000,77.000,0.00000,0
345.000,77.000,0.00000,0
347.000,77.000,0.00000,0
349.000,77.000,0.00000,0
351.000,77.000,0.00000,0
353.000,77.000,0.00000,0
355.000,77.000,0.00000,0
357.000,77.000,0.00000,0
359.000,77.000,0.00000,0
361.000,77.000,0.00000,0
363.000,77.000,0.00000,0
365.000,77.000,0.00000,0
367.000,77.000,0.00000,0
369.000,77.000,0.00000,0
371.000,77.000,0.00000,0
373.000,77.000,0.00000,0
375.000,77.000,0.00000,0
377.000,77.000,0.00000,0
379.000,77.000,0.00000,0
381.000,77.000,0.00000,0
383.000,77.000,0.00000,0
385.000,77.000,0.00000,0
387.000,77.000,0.00000,0
389.000,77.000,0.00000,0
391.000,77.000,0.00000,0
393.000,77.000,0.00000,0
395.000,77.000,0.00000,0
397.000,77.000,0.00000,0
399.000,77.000,0.00000,0
401.000,77.000,0.00000,0
403.000,77.000,0.00000,0
405.000,77.000,0.00000,0
407.000,77.000,0.00000,0
409.000,77.000,0.00000,0
411.000,77.000,0.00000,0
413.000,77.000,0.00000,0
415.000,77.000,0.00000,0
417.000,77.000,0.00000,0
419.000,77.000,0.00000,0
421.000,77.000,0.00000,0
423.000,77.000,0.00000,0
425.000,77.000,0.00000,0
427.000,77.000,0.00000,0
429.000,77.000,0.00000,0
431.000,77.000,0.00000,0
433.000,77.000,0.00000,0
435.000,77.000,0.00000,0
437.000,77.000,0.00000,0
439.000,77.000,0.00000,0
441.000,77.000,0.00000,0
443.000,77.000,0.00000,0
445.000,77.000,0.00000,0
447.000,77.000,0.00000,0
449.000,77.000,0.00000,0
451.000,77.000,0.00000,0
453.000,77.000,0.00000,0
455.000,77.000,0.00000,0
457.000,77.000,0.00000,0
459.000,77.000,0.00000,0
461.000,77.000,0.00000,0
463.000,77.000,0.00000,0
465.000,77.000,0.00000,0
467.000,77.000,0.00000,0
469.000,77.000,0.00000,0
471.000,77.000,0.00000,0
473.000,77.000,0.00000,0
475.000,77.000,0.00000,0
477.000,77.000,0.00000,0
479.000,77.000,0.00000,0
481.000,77.000,0.00000,0
483.000,77.000,0.00000,0
485.000,77.000,0.00000,0
487.000,77.000,0.00000,0
489.000,77.000,0.00000,0
491.000,77.000,0.00000,0
493.000,77.000,0.00000,0
495.000,77.000,0.00000,0
497.000,77.000,0.00000,0
499.000,77.000,0.00000,0
1.000,79.000,1.39831,0
3.000,79.000,1.39065,0
5.000,79.000,1.39068,0
7.000,79.000,1.39070,0
9.000,79.000,1.39067,0
11.000,79.000,1.39058,0
13.000,79.000,1.39039,0
15.000,79.000,1.39009,0
17.000,79.000,1.38964,0
19.000,79.000,1.38900,0
21.000,79.000,1.38811,0
23.000,79.000,1.38691,0
25.000,79.000,1.38530,0
27.000,79.000,1.38320,0
29.000,79.000,1.38050,0
31.000,79.000,1.37710,0
33.000,79.000,1.37292,0
35.000,79.000,1.36785,0
37.000,79.000,1.36184,0
39.000,79.000,1.35482,0
41.000,79.000,1.34678,0
43.000,79.000,1.33774,0
45.000,79.000,1.32777,0
47.000,79.000,1.31696,0
49.000,79.000,1.30546,0
51.000,79.000,1.29341,0
53.000,79.000,1.28094,0
55.000,79.000,1.26816,0
57.000,79.000,1.25525,0
59.000,79.000,1.24228,0
61.000,79.000,1.22933,0
63.000,79.000,1.21666,0
65.000,79.000,1.20413,0
67.000,79.000,1.19160,0
69.000,79.000,1.17925,0
71.000,79.000,1.16718,0
73.000,79.000,1.15518,0
75.000,79.000,1.14320,0
77.000,79.000,1.13143,0
79.000,79.000,1.11989,0
81.000,79.000,1.10839,0
83.000,79.000,1.09691,0
85.000,79.000,1.08571,0
87.000,79.000,1.07474,0
89.000,79.000,1.06376,0
91.000,79.000,1.05294,0
93.000,79.000,1.04252,0
95.000,79.000,1.03221,0
97.000,79.000,1.02193,0
99.000,79.000,1.01202,0
101.000,79.000,1.00248,0
103.000,79.000,0.99296,0
105.000,79.000,0.98354,0
107.000,79.000,0.97463,0
109.000,79.000,0.96604,0
111.000,79.000,0.95741,0
113.000,79.000,0.94905,0
115.000,79.000,0.94107,0
117.000,79.000,0.93314,0
119.000,79.000,0.92499,0
121.000,79.000,0.91710,0
123.000,79.000,0.91355,0
125.000,79.000,0.94541,0
127.000,79.000,1.08473,0
129.000,79.000,1.17532,0
131.000,79.000,1.19796,0
133.000,79.000,1.20514,0
135.000,79.000,1.20992,0
137.000,79.000,1.21920,0
139.000,79.000,1.23225,0
141.000,79.000,1.24241,0
143.000,79.000,1.24887,0
145.000,79.000,1.25068,0
147.000,79.000,1.21742,0
149.000,79.000,1.22698,0
151.000,79.000,0.00000,1
153.000,79.000,0.00000,1
155.000,79.000,0.00000,1
157.000,79.000,0.00000,1
159.000,79.000,0.00000,1
161.000,79.000,0.00000,1
163.000,79.000,0.00000,1
165.000,79.000,0.00000,1
167.000,79.000,0.00000,1
169.000,79.000,0.00000,1
171.000,79.000,0.15605,0
173.000,79.000,0.23984,0
175.000,79.000,0.27133,0
177.000,79.000,0.29804,0
179.000,79.000,0.31321,0
181.000,79.000,0.31825,0
183.000,79.000,0.31875,0
185.000,79.000,0.31405,0
187.000,79.000,0.30214,0
189.000,79.000,0.28232,0
191.000,79.000,0.25414,0
193.000,79.000,0.21460,0
195.000,79.000,0.14873,0
197.000,79.000,0.04632,0
199.000,79.000,0.00286,0
201.000,79.000,0.00006,0
203.000,79.000,0.00000,0
205.000,79.000,0.00000,0
207.000,79.000,0.00000,0
209.000,79.000,0.00000,0
211.000,79.000,0.00000,0
213.000,79.000,0.00000,0
215.000,79.000,0.00000,0
217.000,79.000,0.00000,0
219.000,79.000,0.00000,0
221.000,79.000,0.00000,0
223.000,79.000,0.00000,0
225.000,79.000,0.00000,0
227.000,79.000,0.00000,0
229.000,79.000,0.00000,0
231.000,79.000,0.00000,0
233.000,79.000,0.00000,0
235.000,79.000,0.00000,0
237.000,79.000,0.00000,0
239.000,79.000,0.00000,0
241.000,79.000,0.00000,0
243.000,79.000,0.00000,0
245.000,79.000,0.00000,0
247.000,79.000,0.00000,0
249.000,79.000,0.00000,0
251.000,79.000,0.00000,1
253.000,79.000,0.00000,1
255.000,79.000,0.00000,1
257.000,79.000,0.00000,1
259.000,79.000,0.00000,1
261.000,79.000,0.00000,1
263.000,79.000,0.00000,1
265.000,79.000,0.00000,1
267.000,79.000,0.00000,1
269.000,79.000,0.00000,1
271.000,79.000,0.00000,0
273.000,79.000,0.00000,0
275.000,79.000,0.00000,0
277.000,79.000,0.00000,0
279.000,79.000,0.00000,0
281.000,79.000,0.00000,0
283.000,79.000,0.00000,0
285.000,79.000,0.00000,0
287.000,79.000,0.00000,0
289.000,79.000,0.00000,0
291.000,79.000,0.00000,0
293.000,79.000,0.00000,0
295.000,79.000,0.00000,0
297.000,79.000,0.00000,0
299.000,79.000,0.00000,0
301.000,79.000,0.00000,0
303.000,79.000,0.00000,0
305.000,79.000,0.00000,0
307.000,79.000,0.00000,0
309.000,79.000,0.00000,0
311.000,79.000,0.00000,0
313.000,79.000,0.00000,0
315.000,79.000,0.00000,0
317.000,79.000,0.00000,0
319.000,79.000,0.00000,0
321.000,79.000,0.00000,0
323.000,79.000,0.00000,0
325.000,79.000,0.00000,0
327.000,79.000,0.00000,0
329.000,79.000,0.00000,0
331.000,79.000,0.00000,0
333.000,79.000,0.00000,0
335.000,79.000,0.00000,0
337.000,79.000,0.00000,0
339.000,79.000,0.00000,0
341.000,79.000,0.00000,0
343.000,79.000,0.00000,0
345.000,79.000,0.00000,0
347.000,79.000,0.00000,0
349.000,79.000,0.00000,0
351.000,79.000,0.00000,0
353.000,79.000,0.00000,0
355.000,79.000,0.00000,0
357.000,79.000,0.00000,0
359.000,79.000,0.00000,0
361.000,79.000,0.00000,0
363.000,79.000,0.00000,0
365.000,79.000,0.00000,0
367.000,79.000,0.00000,0
369.000,79.000,0.00000,0
371.000,79.000,0.00000,0
373.000,79.000,0.00000,0
375.000,79.000,0.00000,0
377.000,79.000,0.00000,0
379.000,79.000,0.00000,0
381.000,79.000,0.00000,0
383.000,79.000,0.00000,0
385.000,79.000,0.00000,0
387.000,79.000,0.00000,0
389.000,79.000,0.00000,0
391.000,79.000,0.00000,0
393.000,79.000,0.00000,0
395.000,79.000,0.00000,0
397.000,79.000,0.00000,0
399.000,79.000,0.00000,0
401.000,79.000,0.00000,0
403.000,79.000,0.00000,0
405.000,79.000,0.00000,0
407.000,79.000,0.00000,0
409.000,79.000,0.00000,0
411.000,79.000,0.00000,0
413.000,79.000,0.00000,0
415.000,79.000,0.00000,0
417.000,79.000,0.00000,0
419.000,79.000,0.00000,0
421.000,79.000,0.00000,0
423.000,79.000,0.00000,0
425.000,79.000,0.00000,0
427.000,79.000,0.00000,0
429.000,79.000,0.00000,0
431.000,79.000,0.00000,0
433.000,79.000,0.00000,0
435.000,79.000,0.00000,0
437.000,79.000,0.00000,0
439.000,79.000,0.00000,0
441.000,79.000,0.00000,0
443.000,79.000,0.00000,0
445.000,79.000,0.00000,0
447.000,79.000,0.00000,0
449.000,79.000,0.00000,0
451.000,79.000,0.00000,0
453.000,79.000,0.00000,0
455.000,79.000,0.00000,0
457.000,79.000,0.00000,0
459.000,79.000,0.00000,0
461.000,79.000,0.00000,0
463.000,79.000,0.00000,0
465.000,79.000,0.00000,0
467.000,79.000,0.00000,0
469.000,79.000,0.00000,0
471.000,79.000,0.00000,0
473.000,79.000,0.00000,0
475.000,79.000,0.00000,0
477.000,79.000,0.00000,0
479.000,79.000,0.00000,0
481.000,79.000,0.00000,0
483.000,79.000,0.00000,0
485.000,79.000,0.00000,0
487.000,79.000,0.00000,0
489.000,79.000,0.00000,0
491.000,79.000,0.00000,0
493.000,79.000,0.00000,0
495.000,79.000,0.00000,0
497.000,79.000,0.00000,0
499.000,79.000,0.00000,0
1.000,81.000,1.39831,0
3.000,81.000,1.39065,0
5.000,81.000,1.39068,0
7.000,81.000,1.39070,0
9.000,81.000,1.39067,0
11.000,81.000,1.39058,0
13.000,81.000,1.39039,0
15.000,81.000,1.39009,0
17.000,81.000,1.38964,0
19.000,81.000,1.38900,0
21.000,81.000,1.38811,0
23.000,81.000,1.38691,0
25.000,81.000,1.38530,0
27.000,81.000,1.38320,0
29.000,81.000,1.38050,0
31.000,81.000,1.37710,0
33.000,81.000,1.37292,0
35.000,81.000,1.36785,0
37.000,81.000,1.36184,0
39.000,81.000,1.35482,0
41.000,81.000,1.34678,0
43.000,81.000,1.33774,0
45.000,81.000,1.32777,0
47.000,81.000,1.31696,0
49.000,81.000,1.30546,0
51.000,81.000,1.29341,0
53.000,81.000,1.28094,0
55.000,81.000,1.26816,0
57.000,81.000,1.25525,0
59.000,81.000,1.24228,0
61.000,81.000,1.22933,0
63.000,81.000,1.21666,0
65.000,81.000,1.20413,0
67.000,81.000,1.19160,0
69.000,81.000,1.17925,0
71.000,81.000,1.16718,0
73.000,81.000,1.15518,0
75.000,81.000,1.14320,0
77.000,81.000,1.13143,0
79.000,81.000,1.11989,0
81.000,81.000,1.10839,0
83.000,81.000,1.09691,0
85.000,81.000,1.08571,0
87.000,81.000,1.07474,0
89.000,81.000,1.06376,0
91.000,81.000,1.05294,0
93.000,81.000,1.04252,0
95.000,81.000,1.03221,0
97.000,81.000,1.02193,0
99.000,81.000,1.01202,0
101.000,81.000,1.00248,0
103.000,81.000,0.99296,0
105.000,81.000,0.98354,0
107.000,81.000,0.97463,0
109.000,81.000,0.96604,0
111.000,81.000,0.95741,0
113.000,81.000,0.94904,0
115.000,81.000,0.94107,0
117.000,81.000,0.93318,0
119.000,81.000,0.92505,0
121.000,81.000,0.91727,0
123.000,81.000,0.91152,0
125.000,81.000,0.92935,0
127.000,81.000,1.05343,0
129.000,81.000,1.16112,0
131.000,81.000,1.19056,0
133.000,81.000,1.19745,0
135.000,81.000,1.19919,0
137.000,81.000,1.20207,0
139.000,81.000,1.20800,0
141.000,81.000,1.21304,0
143.000,81.000,1.21205,0
145.000,81.000,1.19758,0
147.000,81.000,1.14535,0
149.000,81.000,0.99630,0
151.000,81.000,0.50322,0
153.000,81.000,0.32285,0
155.000,81.000,0.30852,0
157.000,81.000,0.40288,0
159.000,81.000,0.51868,0
161.000,81.000,0.57429,0
163.000,81.000,0.62011,0
165.000,81.000,0.65160,0
167.000,81.000,0.66458,0
169.000,81.000,0.63950,0
171.000,81.000,0.47737,0
173.000,81.000,0.42883,0
175.000,81.000,0.40453,0
177.000,81.000,0.39306,0
179.000,81.000,0.38573,0
181.000,81.000,0.37842,0
183.000,81.000,0.37029,0
185.000,81.000,0.36016,0
187.000,81.000,0.34605,0
189.000,81.000,0.32626,0
191.000,81.000,0.29920,0
193.000,81.000,0.26293,0
195.000,81.000,0.21061,0
197.000,81.000,0.11956,0
199.000,81.000,0.02117,0
201.000,81.000,0.00074,0
203.000,81.000,0.00001,0
205.000,81.000,0.00000,0
207.000,81.000,0.00000,0
209.000,81.000,0.00000,0
211.000,81.000,0.00000,0
213.000,81.000,0.00000,0
215.000,81.000,0.00000,0
217.000,81.000,0.00000,0
219.000,81.000,0.00000,0
221.000,81.000,0.00000,0
223.000,81.000,0.00000,0
225.000,81.000,0.00000,0
227.000,81.000,0.00000,0
229.000,81.000,0.00000,0
231.000,81.000,0.00000,0
233.000,81.000,0.00000,0
235.000,81.000,0.00000,0
237.000,81.000,0.00000,0
239.000,81.000,0.00000,0
241.000,81.000,0.00000,0
243.000,81.000,0.00000,0
245.000,81.000,0.00000,0
247.000,81.000,0.00000,0
249.000,81.000,0.00000,0
251.000,81.000,0.00000,0
253.000,81.000,0.00000,0
255.000,81.000,0.00000,0
257.000,81.000,0.00000,0
259.000,81.000,0.00000,0
261.000,81.000,0.00000,0
263.000,81.000,0.00000,0
265.000,81.000,0.00000,0
267.000,81.000,0.00000,0
269.000,81.000,0.00000,0
271.000,81.000,0.00000,0
273.000,81.000,0.00000,0
275.000,81.000,0.00000,0
277.000,81.000,0.00000,0
279.000,81.000,0.00000,0
281.000,81.000,0.00000,0
283.000,81.000,0.00000,0
285.000,81.000,0.00000,0
287.000,81.000,0.00000,0
289.000,81.000,0.00000,0
291.000,81.000,0.00000,0
293.000,81.000,0.00000,0
295.000,81.000,0.00000,0
297.000,81.000,0.00000,0
299.000,81.000,0.00000,0
301.000,81.000,0.00000,0
303.000,81.000,0.00000,0
305.000,81.000,0.00000,0
307.000,81.000,0.00000,0
309.000,81.000,0.00000,0
311.000,81.000,0.00000,0
313.000,81.000,0.00000,0
315.000,81.000,0.00000,0
317.000,81.000,0.00000,0
319.000,81.000,0.00000,0
321.000,81.000,0.00000,0
323.000,81.000,0.00000,0
325.000,81.000,0.00000,0
327.000,81.000,0.00000,0
329.000,81.000,0.00000,0
331.000,81.000,0.00000,0
333.000,81.000,0.00000,0
335.000,81.000,0.00000,0
337.000,81.000,0.00000,0
339.000,81.000,0.00000,0
341.000,81.000,0.00000,0
343.000,81.000,0.00000,0
345.000,81.000,0.00000,0
347.000,81.000,0.00000,0
349.000,81.000,0.00000,0
351.000,81.000,0.00000,0
353.000,81.000,0.00000,0
355.000,81.000,0.00000,0
357.000,81.000,0.00000,0
359.000,81.000,0.00000,0
361.000,81.000,0.00000,0
363.000,81.000,0.00000,0
365.000,81.000,0.00000,0
367.000,81.000,0.00000,0
369.000,81.000,0.00000,0
371.000,81.000,0.00000,0
373.000,81.000,0.00000,0
375.000,81.000,0.00000,0
377.000,81.000,0.00000,0
379.000,81.000,0.00000,0
381.000,81.000,0.00000,0
383.000,81.000,0.00000,0
385.000,81.000,0.00000,0
387.000,81.000,0.00000,0
389.000,81.000,0.00000,0
391.000,81.000,0.00000,0
393.000,81.000,0.00000,0
395.000,81.000,0.00000,0
397.000,81.000,0.00000,0
399.000,81.000,0.00000,0
401.000,81.000,0.00000,0
403.000,81.000,0.00000,0
405.000,81.000,0.00000,0
407.000,81.000,0.00000,0
409.000,81.000,0.00000,0
411.000,81.000,0.00000,0
413.000,81.000,0.00000,0
415.000,81.000,0.00000,0
417.000,81.000,0.00000,0
419.000,81.000,0.00000,0
421.000,81.000,0.00000,0
423.000,81.000,0.00000,0
425.000,81.000,0.00000,0
427.000,81.000,0.00000,0
429.000,81.000,0.00000,0
431.000,81.000,0.00000,0
433.000,81.000,0.00000,0
435.000,81.000,0.00000,0
437.000,81.000,0.00000,0
439.000,81.000,0.00000,0
441.000,81.000,0.00000,0
443.000,81.000,0.00000,0
445.000,81.000,0.00000,0
447.000,81.000,0.00000,0
449.000,81.000,0.00000,0
451.000,81.000,0.00000,0
453.000,81.000,0.00000,0
455.000,81.000,0.00000,0
457.000,81.000,0.00000,0
459.000,81.000,0.00000,0
461.000,81.000,0.00000,0
463.000,81.000,0.00000,0
465.000,81.000,0.00000,0
467.000,81.000,0.00000,0
469.000,81.000,0.00000,0
471.000,81.000,0.00000,0
473.000,81.000,0.00000,0
475.000,81.000,0.00000,0
477.000,81.000,0.00000,0
479.000,81.000,0.00000,0
481.000,81.000,0.00000,0
483.000,81.000,0.00000,0
485.000,81.000,0.00000,0
487.000,81.000,0.00000,0
489.000,81.000,0.00000,0
491.000,81.000,0.00000,0
493.000,81.000,0.00000,0
495.000,81.000,0.00000,0
497.000,81.000,0.00000,0
499.000,81.000,0.00000,0
1.000,83.000,1.39831,0
3.000,83.000,1.39065,0
5.000,83.000,1.39068,0
7.000,83.000,1.39070,0
9.000,83.000,1.39067,0
11.000,83.000,1.39058,0
13.000,83.000,1.39039,0
15.000,83.000,1.39009,0
17.000,83.000,1.38964,0
19.000,83.000,1.38900,0
21.000,83.000,1.38811,0
23.000,83.000,1.38691,0
25.000,83.000,1.38530,0
27.000,83.000,1.38320,0
29.000,83.000,1.38050,0
31.000,83.000,1.37710,0
33.000,83.000,1.37292,0
35.000,83.000,1.36785,0
37.000,83.000,1.36184,0
39.000,83.000,1.35482,0
41.000,83.000,1.34678,0
43.000,83.000,1.33774,0
45.000,83.000,1.32777,0
47.000,83.000,1.31696,0
49.000,83.000,1.30546,0
51.000,83.000,1.29341,0
53.000,83.000,1.28094,0
55.000,83.000,1.26816,0
57.000,83.000,1.25525,0
59.000,83.000,1.24228,0
61.000,83.000,1.22933,0
63.000,83.000,1.21666,0
65.000,83.000,1.20413,0
67.000,83.000,1.19160,0
69.000,83.000,1.17925,0
71.000,83.000,1.16718,0
73.000,83.000,1.15518,0
75.000,83.000,1.14320,0
77.000,83.000,1.13143,0
79.000,83.000,1.11989,0
81.000,83.000,1.10839,0
83.000,83.000,1.09691,0
85.000,83.000,1.08571,0
87.000,83.000,1.07474,0
89.000,83.000,1.06376,0
91.000,83.000,1.05294,0
93.000,83.000,1.04252,0
95.000,83.000,1.03221,0
97.000,83.000,1.02193,0
99.000,83.000,1.01202,0
101.000,83.000,1.00248,0
103.000,83.000,0.99296,0
105.000,83.000,0.98354,0
107.000,83.000,0.97463,0
109.000,83.000,0.96604,0
111.000,83.000,0.95741,0
113.000,83.000,0.94903,0
115.000,83.000,0.94107,0
117.000,83.000,0.93321,0
119.000,83.000,0.92516,0
121.000,83.000,0.91738,0
123.000,83.000,0.90997,0
125.000,83.000,0.91806,0
127.000,83.000,1.01257,0
129.000,83.000,1.13889,0
131.000,83.000,1.18168,0
133.000,83.000,1.18963,0
135.000,83.000,1.18918,0
137.000,83.000,1.18818,0
139.000,83.000,1.18647,0
141.000,83.000,1.18264,0
143.000,83.000,1.17416,0
145.000,83.000,1.15212,0
147.000,83.000,1.10460,0
149.000,83.000,1.00696,0
151.000,83.000,0.71413,0
153.000,83.000,0.54458,0
155.000,83.000,0.48365,0
157.000,83.000,0.50567,0
159.000,83.000,0.56913,0
161.000,83.000,0.61960,0
163.000,83.000,0.64898,0
165.000,83.000,0.66668,0
167.000,83.000,0.67380,0
169.000,83.000,0.65882,0
171.000,83.000,0.60114,0
173.000,83.000,0.54400,0
175.000,83.000,0.50380,0
177.000,83.000,0.47259,0
179.000,83.000,0.45033,0
181.000,83.000,0.43330,0
183.000,83.000,0.41685,0
185.000,83.000,0.40078,0
187.000,83.000,0.38334,0
189.000,83.000,0.36269,0
191.000,83.000,0.33680,0
193.000,83.000,0.30314,0
195.000,83.000,0.25752,0
197.000,83.000,0.18561,0
199.000,83.000,0.06885,0
201.000,83.000,0.00591,0
203.000,83.000,0.00021,0
205.000,83.000,0.00000,0
207.000,83.000,0.00000,0
209.000,83.000,0.00000,0
211.000,83.000,0.00000,0
213.000,83.000,0.00000,0
215.000,83.000,0.00000,0
217.000,83.000,0.00000,0
219.000,83.000,0.00000,0
221.000,83.000,0.00000,0
223.000,83.000,0.00000,0
225.000,83.000,0.00000,0
227.000,83.000,0.00000,0
229.000,83.000,0.00000,0
231.000,83.000,0.00000,0
233.000,83.000,0.00000,0
235.000,83.000,0.00000,0
237.000,83.000,0.00000,0
239.000,83.000,0.00000,0
241.000,83.000,0.00000,0
243.000,83.000,0.00000,0
245.000,83.000,0.00000,0
247.000,83.000,0.00000,0
249.000,83.000,0.00000,0
251.000,83.000,0.00000,0
253.000,83.000,0.00000,0
255.000,83.000,0.00000,0
257.000,83.000,0.00000,0
259.000,83.000,0.00000,0
261.000,83.000,0.00000,0
263.000,83.000,0.00000,0
265.000,83.000,0.00000,0
267.000,83.000,0.00000,0
269.000,83.000,0.00000,0
271.000,83.000,0.00000,0
273.000,83.000,0.00000,0
275.000,83.000,0.00000,0
277.000,83.000,0.00000,0
279.000,83.000,0.00000,0
281.000,83.000,0.00000,0
283.000,83.000,0.00000,0
285.000,83.000,0.00000,0
287.000,83.000,0.00000,0
289.000,83.000,0.00000,0
291.000,83.000,0.00000,0
293.000,83.000,0.00000,0
295.000,83.000,0.00000,0
297.000,83.000,0.00000,0
299.000,83.000,0.00000,0
301.000,83.000,0.00000,0
303.000,83.000,0.00000,0
305.000,83.000,0.00000,0
307.000,83.000,0.00000,0
309.000,83.000,0.00000,0
311.000,83.000,0.00000,0
313.000,83.000,0.00000,0
315.000,83.000,0.00000,0
317.000,83.000,0.00000,0
319.000,83.000,0.00000,0
321.000,83.000,0.00000,0
323.000,83.000,0.00000,0
325.000,83.000,0.00000,0
327.000,83.000,0.00000,0
329.000,83.000,0.00000,0
331.000,83.000,0.00000,0
333.000,83.000,0.00000,0
335.000,83.000,0.00000,0
337.000,83.000,0.00000,0
339.000,83.000,0.00000,0
341.000,83.000,0.00000,0
343.000,83.000,0.00000,0
345.000,83.000,0.00000,0
347.000,83.000,0.00000,0
349.000,83.000,0.00000,0
351.000,83.000,0.00000,0
353.000,83.000,0.00000,0
355.000,83.000,0.00000,0
357.000,83.000,0.00000,0
359.000,83.000,0.00000,0
361.000,83.000,0.00000,0
363.000,83.000,0.00000,0
365.000,83.000,0.00000,0
367.000,83.000,0.00000,0
369.000,83.000,0.00000,0
371.000,83.000,0.00000,0
373.000,83.000,0.00000,0
375.000,83.000,0.00000,0
377.000,83.000,0.00000,0
379.000,83.000,0.00000,0
381.000,83.000,0.00000,0
383.000,83.000,0.00000,0
385.000,83.000,0.00000,0
387.000,83.000,0.00000,0
389.000,83.000,0.00000,0
391.000,83.000,0.00000,0
393.000,83.000,0.00000,0
395.000,83.000,0.00000,0
397.000,83.000,0.00000,0
399.000,83.000,0.00000,0
401.000,83.000,0.00000,0
403.000,83.000,0.00000,0
405.000,83.000,0.00000,0
407.000,83.000,0.00000,0
409.000,83.000,0.00000,0
411.000,83.000,0.00000,0
413.000,83.000,0.00000,0
415.000,83.000,0.00000,0
417.000,83.000,0.00000,0
419.000,83.000,0.00000,0
421.000,83.000,0.00000,0
423.000,83.000,0.00000,0
425.000,83.000,0.00000,0
427.000,83.000,0.00000,0
429.000,83.000,0.00000,0
431.000,83.000,0.00000,0
433.000,83.000,0.00000,0
435.000,83.000,0.00000,0
437.000,83.000,0.00000,0
439.000,83.000,0.00000,0
441.000,83.000,0.00000,0
443.000,83.000,0.00000,0
445.000,83.000,0.00000,0
447.000,83.000,0.00000,0
449.000,83.000,0.00000,0
451.000,83.000,0.00000,0
453.000,83.000,0.00000,0
455.000,83.000,0.00000,0
457.000,83.000,0.00000,0
459.000,83.000,0.00000,0
461.000,83.000,0.00000,0
463.000,83.000,0.00000,0
465.000,83.000,0.00000,0
467.000,83.000,0.00000,0
469.000,83.000,0.00000,0
471.000,83.000,0.00000,0
473.000,83.000,0.00000,0
475.000,83.000,0.00000,0
477.000,83.000,0.00000,0
479.000,83.000,0.00000,0
481.000,83.000,0.00000,0
483.000,83.000,0.00000,0
485.000,83.000,0.00000,0
487.000,83.000,0.00000,0
489.000,83.000,0.00000,0
491.000,83.000,0.00000,0
493.000,83.000,0.00000,0
495.000,83.000,0.00000,0
497.000,83.000,0.00000,0
499.000,83.000,0.00000,0
1.000,85.000,1.39831,0
3.000,85.000,1.39065,0
5.000,85.000,1.39068,0
7.000,85.000,1.39070,0
9.000,85.000,1.39067,0
11.000,85.000,1.39058,0
13.000,85.000,1.39039,0
15.000,85.000,1.39009,0
17.000,85.000,1.38964,0
19.000,85.000,1.38900,0
21.000,85.000,1.38811,0
23.000,85.000,1.38691,0
25.000,85.000,1.38530,0
27.000,85.000,1.38320,0
29.000,85.000,1.38050,0
31.000,85.000,1.37710,0
33.000,85.000,1.37292,0
35.000,85.000,1.36785,0
37.000,85.000,1.36184,0
39.000,85.000,1.35482,0
41.000,85.000,1.34678,0
43.000,85.000,1.33774,0
45.000,85.000,1.32777,0
47.000,85.000,1.31696,0
49.000,85.000,1.30546,0
51.000,85.000,1.29341,0
53.000,85.000,1.28094,0
55.000,85.000,1.26816,0
57.000,85.000,1.25525,0
59.000,85.000,1.24228,0
61.000,85.000,1.22933,0
63.000,85.000,1.21666,0
65.000,85.000,1.20413,0
67.000,85.000,1.19160,0
69.000,85.000,1.17925,0
71.000,85.000,1.16718,0
73.000,85.000,1.15518,0
75.000,85.000,1.14320,0
77.000,85.000,1.13143,0
79.000,85.000,1.11989,0
81.000,85.000,1.10839,0
83.000,85.000,1.09691,0
85.000,85.000,1.08571,0
87.000,85.000,1.07474,0
89.000,85.000,1.06376,0
91.000,85.000,1.05294,0
93.000,85.000,1.04252,0
95.000,85.000,1.03221,0
97.000,85.000,1.02193,0
99.000,85.000,1.01202,0
101.000,85.000,1.00248,0
103.000,85.000,0.99296,0
105.000,85.000,0.98355,0
107.000,85.000,0.97463,0
109.000,85.000,0.96604,0
111.000,85.000,0.95742,0
113.000,85.000,0.94902,0
115.000,85.000,0.94107,0
117.000,85.000,0.93323,0
119.000,85.000,0.92527,0
121.000,85.000,0.91738,0
123.000,85.000,0.90910,0
125.000,85.000,0.91046,0
127.000,85.000,0.96955,0
129.000,85.000,1.10565,0
131.000,85.000,1.16985,0
133.000,85.000,1.18124,0
135.000,85.000,1.17923,0
137.000,85.000,1.17466,0
139.000,85.000,1.16963,0
141.000,85.000,1.16092,0
143.000,85.000,1.15139,0
145.000,85.000,1.13226,0
147.000,85.000,1.09200,0
149.000,85.000,1.01918,0
151.000,85.000,0.82805,0
153.000,85.000,0.69964,0
155.000,85.000,0.64148,0
157.000,85.000,0.63626,0
159.000,85.000,0.66108,0
161.000,85.000,0.68852,0
163.000,85.000,0.70104,0
165.000,85.000,0.70415,0
167.000,85.000,0.70108,0
169.000,85.000,0.68822,0
171.000,85.000,0.65793,0
173.000,85.000,0.61583,0
175.000,85.000,0.57470,0
177.000,85.000,0.53769,0
179.000,85.000,0.50677,0
181.000,85.000,0.48277,0
183.000,85.000,0.46004,0
185.000,85.000,0.43826,0
187.000,85.000,0.41670,0
189.000,85.000,0.39373,0
191.000,85.000,0.36756,0
193.000,85.000,0.33569,0
195.000,85.000,0.29434,0
197.000,85.000,0.23464,0
199.000,85.000,0.13165,0
201.000,85.000,0.02411,0
203.000,85.000,0.00088,0
205.000,85.000,0.00001,0
207.000,85.000,0.00000,0
209.000,85.000,0.00000,0
211.000,85.000,0.00000,0
213.000,85.000,0.00000,0
215.000,85.000,0.00000,0
217.000,85.000,0.00000,0
219.000,85.000,0.00000,0
221.000,85.000,0.00000,0
223.000,85.000,0.00000,0
225.000,85.000,0.00000,0
227.000,85.000,0.00000,0
229.000,85.000,0.00000,0
231.000,85.000,0.00000,0
233.000,85.000,0.00000,0
235.000,85.000,0.00000,0
237.000,85.000,0.00000,0
239.000,85.000,0.00000,0
241.000,85.000,0.00000,0
243.000,85.000,0.00000,0
245.000,85.000,0.00000,0
247.000,85.000,0.00000,0
249.000,85.000,0.00000,0
251.000,85.000,0.00000,0
253.000,85.000,0.00000,0
255.000,85.000,0.00000,0
257.000,85.000,0.00000,0
259.000,85.000,0.00000,0
261.000,85.000,0.00000,0
263.000,85.000,0.00000,0
265.000,85.000,0.00000,0
267.000,85.000,0.00000,0
269.000,85.000,0.00000,0
271.000,85.000,0.00000,0
273.000,85.000,0.00000,0
275.000,85.000,0.00000,0
277.000,85.000,0.00000,0
279.000,85.000,0.00000,0
281.000,85.000,0.00000,0
283.000,85.000,0.00000,0
285.000,85.000,0.00000,0
287.000,85.000,0.00000,0
289.000,85.000,0.00000,0
291.000,85.000,0.00000,0
293.000,85.000,0.00000,0
295.000,85.000,0.00000,0
297.000,85.000,0.00000,0
299.000,85.000,0.00000,0
301.000,85.000,0.00000,0
303.000,85.000,0.00000,0
305.000,85.000,0.00000,0
307.000,85.000,0.00000,0
309.000,85.000,0.00000,0
311.000,85.000,0.00000,0
313.000,85.000,0.00000,0
315.000,85.000,0.00000,0
317.000,85.000,0.00000,0
319.000,85.000,0.00000,0
321.000,85.000,0.00000,0
323.000,85.000,0.00000,0
325.000,85.000,0.00000,0
327.000,85.000,0.00000,0
329.000,85.000,0.00000,0
331.000,85.000,0.00000,0
333.000,85.000,0.00000,0
335.000,85.000,0.00000,0
337.000,85.000,0.00000,0
339.000,85.000,0.00000,0
341.000,85.000,0.00000,0
343.000,85.000,0.00000,0
345.000,85.000,0.00000,0
347.000,85.000,0.00000,0
349.000,85.000,0.00000,0
351.000,85.000,0.00000,0
353.000,85.000,0.00000,0
355.000,85.000,0.00000,0
357.000,85.000,0.00000,0
359.000,85.000,0.00000,0
361.000,85.000,0.00000,0
363.000,85.000,0.00000,0
365.000,85.000,0.00000,0
367.000,85.000,0.00000,0
369.000,85.000,0.00000,0
371.000,85.000,0.00000,0
373.000,85.000,0.00000,0
375.000,85.000,0.00000,0
377.000,85.000,0.00000,0
379.000,85.000,0.00000,0
381.000,85.000,0.00000,0
383.000,85.000,0.00000,0
385.000,85.000,0.00000,0
387.000,85.000,0.00000,0
389.000,85.000,0.00000,0
391.000,85.000,0.00000,0
393.000,85.000,0.00000,0
395.000,85.000,0.00000,0
397.000,85.000,0.00000,0
399.000,85.000,0.00000,0
401.000,85.000,0.00000,0
403.000,85.000,0.00000,0
405.000,85.000,0.00000,0
407.000,85.000,0.00000,0
409.000,85.000,0.00000,0
411.000,85.000,0.00000,0
413.000,85.000,0.00000,0
415.000,85.000,0.00000,0
417.000,85.000,0.00000,0
419.000,85.000,0.00000,0
421.000,85.000,0.00000,0
423.000,85.000,0.00000,0
425.000,85.000,0.00000,0
427.000,85.000,0.00000,0
429.000,85.000,0.00000,0
431.000,85.000,0.00000,0
433.000,85.000,0.00000,0
435.000,85.000,0.00000,0
437.000,85.000,0.00000,0
439.000,85.000,0.00000,0
441.000,85.000,0.00000,0
443.000,85.000,0.00000,0
445.000,85.000,0.00000,0
447.000,85.000,0.00000,0
449.000,85.000,0.00000,0
451.000,85.000,0.00000,0
453.000,85.000,0.00000,0
455.000,85.000,0.00000,0
457.000,85.000,0.00000,0
459.000,85.000,0.00000,0
461.000,85.000,0.00000,0
463.000,85.000,0.00000,0
465.000,85.000,0.00000,0
467.000,85.000,0.00000,0
469.000,85.000,0.00000,0
471.000,85.000,0.00000,0
473.000,85.000,0.00000,0
475.000,85.000,0.00000,0
477.000,85.000,0.00000,0
479.000,85.000,0.00000,0
481.000,85.000,0.00000,0
483.000,85.000,0.00000,0
485.000,85.000,0.00000,0
487.000,85.000,0.00000,0
489.000,85.000,0.00000,0
491.000,85.000,0.00000,0
493.000,85.000,0.00000,0
495.000,85.000,0.00000,0
497.000,85.000,0.00000,0
499.000,85.000,0.00000,0
1.000,87.000,1.39831,0
3.000,87.000,1.39065,0
5.000,87.000,1.39068,0
7.000,87.000,1.39070,0
9.000,87.000,1.39067,0
11.000,87.000,1.39058,0
13.000,87.000,1.39039,0
15.000,87.000,1.39009,0
17.000,87.000,1.38964,0
19.000,87.000,1.38900,0
21.000,87.000,1.38811,0
23.000,87.000,1.38691,0
25.000,87.000,1.38530,0
27.000,87.000,1.38320,0
29.000,87.000,1.38050,0
31.000,87.000,1.37710,0
33.000,87.000,1.37292,0
35.000,87.000,1.36785,0
37.000,87.000,1.36184,0
39.000,87.000,1.35482,0
41.000,87.000,1.34678,0
43.000,87.000,1.33774,0
45.000,87.000,1.32777,0
47.000,87.000,1.31696,0
49.000,87.000,1.30546,0
51.000,87.000,1.29341,0
53.000,87.000,1.28094,0
55.000,87.000,1.26816,0
57.000,87.000,1.25525,0
59.000,87.000,1.24228,0
61.000,87.000,1.22933,0
63.000,87.000,1.21666,0
65.000,87.000,1.20413,0
67.000,87.000,1.19160,0
69.000,87.000,1.17925,0
71.000,87.000,1.16718,0
73.000,87.000,1.15518,0
75.000,87.000,1.14320,0
77.000,87.000,1.13143,0
79.000,87.000,1.11989,0
81.000,87.000,1.10839,0
83.000,87.000,1.09691,0
85.000,87.000,1.08571,0
87.000,87.000,1.07474,0
89.000,87.000,1.06376,0
91.000,87.000,1.05294,0
93.000,87.000,1.04252,0
95.000,87.000,1.03221,0
97.000,87.000,1.02193,0
99.000,87.000,1.01202,0
101.000,87.000,1.00248,0
103.000,87.000,0.99296,0
105.000,87.000,0.98354,0
107.000,87.000,0.97463,0
109.000,87.000,0.96604,0
111.000,87.000,0.95742,0
113.000,87.000,0.94901,0
115.000,87.000,0.94107,0
117.000,87.000,0.93323,0
119.000,87.000,0.92535,0
121.000,87.000,0.91731,0
123.000,87.000,0.90936,0
125.000,87.000,0.90529,0
127.000,87.000,0.93213,0
129.000,87.000,1.05974,0
131.000,87.000,1.15085,0
133.000,87.000,1.17091,0
135.000,87.000,1.16887,0
137.000,87.000,1.16422,0
139.000,87.000,1.15743,0
141.000,87.000,1.15170,0
143.000,87.000,1.14555,0
145.000,87.000,1.12980,0
147.000,87.000,1.10009,0
149.000,87.000,1.05156,0
151.000,87.000,0.93192,0
153.000,87.000,0.83890,0
155.000,87.000,0.79591,0
157.000,87.000,0.75863,0
159.000,87.000,0.74866,0
161.000,87.000,0.74569,0
163.000,87.000,0.73984,0
165.000,87.000,0.73041,0
167.000,87.000,0.71855,0
169.000,87.000,0.70273,0
171.000,87.000,0.67898,0
173.000,87.000,0.64895,0
175.000,87.000,0.61562,0
177.000,87.000,0.58169,0
179.000,87.000,0.54841,0
181.000,87.000,0.52062,0
183.000,87.000,0.49575,0
185.000,87.000,0.47090,0
187.000,87.000,0.44597,0
189.000,87.000,0.42051,0
191.000,87.000,0.39319,0
193.000,87.000,0.36191,0
195.000,87.000,0.32323,0
197.000,87.000,0.27079,0
199.000,87.000,0.18635,0
201.000,87.000,0.05979,0
203.000,87.000,0.00437,0
205.000,87.000,0.00013,0
207.000,87.000,0.00000,0
209.000,87.000,0.00000,0
211.000,87.000,0.00000,0
213.000,87.000,0.00000,0
215.000,87.000,0.00000,0
217.000,87.000,0.00000,0
219.000,87.000,0.00000,0
221.000,87.000,0.00000,0
223.000,87.000,0.00000,0
225.000,87.000,0.00000,0
227.000,87.000,0.00000,0
229.000,87.000,0.00000,0
231.000,87.000,0.00000,0
233.000,87.000,0.00000,0
235.000,87.000,0.00000,0
237.000,87.000,0.00000,0
239.000,87.000,0.00000,0
241.000,87.000,0.00000,0
243.000,87.000,0.00000,0
245.000,87.000,0.00000,0
247.000,87.000,0.00000,0
249.000,87.000,0.00000,0
251.000,87.000,0.00000,0
253.000,87.000,0.00000,0
255.000,87.000,0.00000,0
257.000,87.000,0.00000,0
259.000,87.000,0.00000,0
261.000,87.000,0.00000,0
263.000,87.000,0.00000,0
265.000,87.000,0.00000,0
267.000,87.000,0.00000,0
269.000,87.000,0.00000,0
271.000,87.000,0.00000,0
273.000,87.000,0.00000,0
275.000,87.000,0.00000,0
277.000,87.000,0.00000,0
279.000,87.000,0.00000,0
281.000,87.000,0.00000,0
283.000,87.000,0.00000,0
285.000,87.000,0.00000,0
287.000,87.000,0.00000,0
289.000,87.000,0.00000,0
291.000,87.000,0.00000,0
293.000,87.000,0.00000,0
295.000,87.000,0.00000,0
297.000,87.000,0.00000,0
299.000,87.000,0.00000,0
301.000,87.000,0.00000,0
303.000,87.000,0.00000,0
305.000,87.000,0.00000,0
307.000,87.000,0.00000,0
309.000,87.000,0.00000,0
311.000,87.000,0.00000,0
313.000,87.000,0.00000,0
315.000,87.000,0.00000,0
317.000,87.000,0.00000,0
319.000,87.000,0.00000,0
321.000,87.000,0.00000,0
323.000,87.000,0.00000,0
325.000,87.000,0.00000,0
327.000,87.000,0.00000,0
329.000,87.000,0.00000,0
331.000,87.000,0.00000,0
333.000,87.000,0.00000,0
335.000,87.000,0.00000,0
337.000,87.000,0.00000,0
339.000,87.000,0.00000,0
341.000,87.000,0.00000,0
343.000,87.000,0.00000,0
345.000,87.000,0.00000,0
347.000,87.000,0.00000,0
349.000,87.000,0.00000,0
351.000,87.000,0.00000,0
353.000,87.000,0.00000,0
355.000,87.000,0.00000,0
357.000,87.000,0.00000,0
359.000,87.000,0.00000,0
361.000,87.000,0.00000,0
363.000,87.000,0.00000,0
365.000,87.000,0.00000,0
367.000,87.000,0.00000,0
369.000,87.000,0.00000,0
371.000,87.000,0.00000,0
373.000,87.000,0.00000,0
375.000,87.000,0.00000,0
377.000,87.000,0.00000,0
379.000,87.000,0.00000,0
381.000,87.000,0.00000,0
383.000,87.000,0.00000,0
385.000,87.000,0.00000,0
387.000,87.000,0.00000,0
389.000,87.000,0.00000,0
391.000,87.000,0.00000,0
393.000,87.000,0.00000,0
395.000,87.000,0.00000,0
397.000,87.000,0.00000,0
399.000,87.000,0.00000,0
401.000,87.000,0.00000,0
403.000,87.000,0.00000,0
405.000,87.000,0.00000,0
407.000,87.000,0.00000,0
409.000,87.000,0.00000,0
411.000,87.000,0.00000,0
413.000,87.000,0.00000,0
415.000,87.000,0.00000,0
417.000,87.000,0.00000,0
419.000,87.000,0.00000,0
421.000,87.000,0.00000,0
423.000,87.000,0.00000,0
425.000,87.000,0.00000,0
427.000,87.000,0.00000,0
429.000,87.000,0.00000,0
431.000,87.000,0.00000,0
433.000,87.000,0.00000,0
435.000,87.000,0.00000,0
437.000,87.000,0.00000,0
439.000,87.000,0.00000,0
441.000,87.000,0.00000,0
443.000,87.000,0.00000,0
445.000,87.000,0.00000,0
447.000,87.000,0.00000,0
449.000,87.000,0.00000,0
451.000,87.000,0.00000,0
453.000,87.000,0.00000,0
455.000,87.000,0.00000,0
457.000,87.000,0.00000,0
459.000,87.000,0.00000,0
461.000,87.000,0.00000,0
463.000,87.000,0.00000,0
465.000,87.000,0.00000,0
467.000,87.000,0.00000,0
469.000,87.000,0.00000,0
471.000,87.000,0.00000,0
473.000,87.000,0.00000,0
475.000,87.000,0.00000,0
477.000,87.000,0.00000,0
479.000,87.000,0.00000,0
481.000,87.000,0.00000,0
483.000,87.000,0.00000,0
485.000,87.000,0.00000,0
487.000,87.000,0.00000,0
489.000,87.000,0.00000,0
491.000,87.000,0.00000,0
493.000,87.000,0.00000,0
495.000,87.000,0.00000,0
497.000,87.000,0.00000,0
499.000,87.000,0.00000,0
1.000,89.000,1.39831,0
3.000,89.000,1.39065,0
5.000,89.000,1.39068,0
7.000,89.000,1.39070,0
9.000,89.000,1.39067,0
11.000,89.000,1.39058,0
13.000,89.000,1.39039,0
15.000,89.000,1.39009,0
17.000,89.000,1.38964,0
19.000,89.000,1.38900,0
21.000,89.000,1.38811,0
23.000,89.000,1.38691,0
25.000,89.000,1.38530,0
27.000,89.000,1.38320,0
29.000,89.000,1.38050,0
31.000,89.000,1.37710,0
33.000,89.000,1.37292,0
35.000,89.000,1.36785,0
37.000,89.000,1.36184,0
39.000,89.000,1.35482,0
41.000,89.000,1.34678,0
43.000,89.000,1.33774,0
45.000,89.000,1.32777,0
47.000,89.000,1.31696,0
49.000,89.000,1.30546,0
51.000,89.000,1.29341,0
53.000,89.000,1.28094,0
55.000,89.000,1.26816,0
57.000,89.000,1.25525,0
59.000,89.000,1.24228,0
61.000,89.000,1.22933,0
63.000,89.000,1.21666,0
65.000,89.000,1.20413,0
67.000,89.000,1.19160,0
69.000,89.000,1.17925,0
71.000,89.000,1.16718,0
73.000,89.000,1.15518,0
75.000,89.000,1.14320,0
77.000,89.000,1.13143,0
79.000,89.000,1.11989,0
81.000,89.000,1.10839,0
83.000,89.000,1.09691,0
85.000,89.000,1.08571,0
87.000,89.000,1.07474,0
89.000,89.000,1.06376,0
91.000,89.000,1.05294,0
93.000,89.000,1.04252,0
95.000,89.000,1.03221,0
97.000,89.000,1.02193,0
99.000,89.000,1.01202,0
101.000,89.000,1.00248,0
103.000,89.000,0.99296,0
105.000,89.000,0.98354,0
107.000,89.000,0.97463,0
109.000,89.000,0.96604,0
111.000,89.000,0.95742,0
113.000,89.000,0.94901,0
115.000,89.000,0.94106,0
117.000,89.000,0.93323,0
119.000,89.000,0.92539,0
121.000,89.000,0.91743,0
123.000,89.000,0.90965,0
125.000,89.000,0.90243,0
127.000,89.000,0.91074,0
129.000,89.000,1.00152,0
131.000,89.000,1.11987,0
133.000,89.000,1.15736,0
135.000,89.000,1.15953,0
137.000,89.000,1.15784,0
139.000,89.000,1.15505,0
141.000,89.000,1.15581,0
143.000,89.000,1.15967,0
145.000,89.000,1.15955,0
147.000,89.000,1.14203,0
149.000,89.000,1.09742,0
151.000,89.000,1.02007,0
153.000,89.000,0.95460,0
155.000,89.000,0.90093,0
157.000,89.000,0.84749,0
159.000,89.000,0.81043,0
161.000,89.000,0.78533,0
163.000,89.000,0.76447,0
165.000,89.000,0.74442,0
167.000,89.000,0.72553,0
169.000,89.000,0.70730,0
171.000,89.000,0.68694,0
173.000,89.000,0.66337,0
175.000,89.000,0.63648,0
177.000,89.000,0.60728,0
179.000,89.000,0.57697,0
181.000,89.000,0.54798,0
183.000,89.000,0.52170,0
185.000,89.000,0.49588,0
187.000,89.000,0.46983,0
189.000,89.000,0.44306,0
191.000,89.000,0.41460,0
193.000,89.000,0.38302,0
195.000,89.000,0.34572,0
197.000,89.000,0.29790,0
199.000,89.000,0.22626,0
201.000,89.000,0.10499,0
203.000,89.000,0.01394,0
205.000,89.000,0.00052,0
207.000,89.000,0.00000,0
209.000,89.000,0.00000,0
211.000,89.000,0.00000,0
213.000,89.000,0.00000,0
215.000,89.000,0.00000,0
217.000,89.000,0.00000,0
219.000,89.000,0.00000,0
221.000,89.000,0.00000,0
223.000,89.000,0.00000,0
225.000,89.000,0.00000,0
227.000,89.000,0.00000,0
229.000,89.000,0.00000,0
231.000,89.000,0.00000,0
233.000,89.000,0.00000,0
235.000,89.000,0.00000,0
237.000,89.000,0.00000,0
239.000,89.000,0.00000,0
241.000,89.000,0.00000,0
243.000,89.000,0.00000,0
245.000,89.000,0.00000,0
247.000,89.000,0.00000,0
249.000,89.000,0.00000,0
251.000,89.000,0.00000,0
253.000,89.000,0.00000,0
255.000,89.000,0.00000,0
257.000,89.000,0.00000,0
259.000,89.000,0.00000,0
261.000,89.000,0.00000,0
263.000,89.000,0.00000,0
265.000,89.000,0.00000,0
267.000,89.000,0.00000,0
269.000,89.000,0.00000,0
271.000,89.000,0.00000,0
273.000,89.000,0.00000,0
275.000,89.000,0.00000,0
277.000,89.000,0.00000,0
279.000,89.000,0.00000,0
281.000,89.000,0.00000,0
283.000,89.000,0.00000,0
285.000,89.000,0.00000,0
287.000,89.000,0.00000,0
289.000,89.000,0.00000,0
291.000,89.000,0.00000,0
293.000,89.000,0.00000,0
295.000,89.000,0.00000,0
297.000,89.000,0.00000,0
299.000,89.000,0.00000,0
301.000,89.000,0.00000,0
303.000,89.000,0.00000,0
305.000,89.000,0.00000,0
307.000,89.000,0.00000,0
309.000,89.000,0.00000,0
311.000,89.000,0.00000,0
313.000,89.000,0.00000,0
315.000,89.000,0.00000,0
317.000,89.000,0.00000,0
319.000,89.000,0.00000,0
321.000,89.000,0.00000,0
323.000,89.000,0.00000,0
325.000,89.000,0.00000,0
327.000,89.000,0.00000,0
329.000,89.000,0.00000,0
331.000,89.000,0.00000,0
333.000,89.000,0.00000,0
335.000,89.000,0.00000,0
337.000,89.000,0.00000,0
339.000,89.000,0.00000,0
341.000,89.000,0.00000,0
343.000,89.000,0.00000,0
345.000,89.000,0.00000,0
347.000,89.000,0.00000,0
349.000,89.000,0.00000,0
351.000,89.000,0.00000,0
353.000,89.000,0.00000,0
355.000,89.000,0.00000,0
357.000,89.000,0.00000,0
359.000,89.000,0.00000,0
361.000,89.000,0.00000,0
363.000,89.000,0.00000,0
365.000,89.000,0.00000,0
367.000,89.000,0.00000,0
369.000,89.000,0.00000,0
371.000,89.000,0.00000,0
373.000,89.000,0.00000,0
375.000,89.000,0.00000,0
377.000,89.000,0.00000,0
379.000,89.000,0.00000,0
381.000,89.000,0.00000,0
383.000,89.000,0.00000,0
385.000,89.000,0.00000,0
387.000,89.000,0.00000,0
389.000,89.000,0.00000,0
391.000,89.000,0.00000,0
393.000,89.000,0.00000,0
395.000,89.000,0.00000,0
397.000,89.000,0.00000,0
399.000,89.000,0.00000,0
401.000,89.000,0.00000,0
403.000,89.000,0.00000,0
405.000,89.000,0.00000,0
407.000,89.000,0.00000,0
409.000,89.000,0.00000,0
411.000,89.000,0.00000,0
413.000,89.000,0.00000,0
415.000,89.000,0.00000,0
417.000,89.000,0.00000,0
419.000,89.000,0.00000,0
421.000,89.000,0.00000,0
423.000,89.000,0.00000,0
425.000,89.000,0.00000,0
427.000,89.000,0.00000,0
429.000,89.000,0.00000,0
431.000,89.000,0.00000,0
433.000,89.000,0.00000,0
435.000,89.000,0.00000,0
437.000,89.000,0.00000,0
439.000,89.000,0.00000,0
441.000,89.000,0.00000,0
443.000,89.000,0.00000,0
445.000,89.000,0.00000,0
447.000,89.000,0.00000,0
449.000,89.000,0.00000,0
451.000,89.000,0.00000,0
453.000,89.000,0.00000,0
455.000,89.000,0.00000,0
457.000,89.000,0.00000,0
459.000,89.000,0.00000,0
461.000,89.000,0.00000,0
463.000,89.000,0.00000,0
465.000,89.000,0.00000,0
467.000,89.000,0.00000,0
469.000,89.000,0.00000,0
471.000,89.000,0.00000,0
473.000,89.000,0.00000,0
475.000,89.000,0.00000,0
477.000,89.000,0.00000,0
479.000,89.000,0.00000,0
481.000,89.000,0.00000,0
483.000,89.000,0.00000,0
485.000,89.000,0.00000,0
487.000,89.000,0.00000,0
489.000,89.000,0.00000,0
491.000,89.000,0.00000,0
493.000,89.000,0.00000,0
495.000,89.000,0.00000,0
497.000,89.000,0.00000,0
499.000,89.000,0.00000,0
1.000,91.000,1.39831,0
3.000,91.000,1.39065,0
5.000,91.000,1.39068,0
7.000,91.000,1.39070,0
9.000,91.000,1.39067,0
11.000,91.000,1.39058,0
13.000,91.000,1.39039,0
15.000,91.000,1.39009,0
17.000,91.000,1.38964,0
19.000,91.000,1.38900,0
21.000,91.000,1.38811,0
23.000,91.000,1.38691,0
25.000,91.000,1.38530,0
27.000,91.000,1.38320,0
29.000,91.000,1.38050,0
31.000,91.000,1.37710,0
33.000,91.000,1.37292,0
35.000,91.000,1.36785,0
37.000,91.000,1.36184,0
39.000,91.000,1.35482,0
41.000,91.000,1.34678,0
43.000,91.000,1.33774,0
45.000,91.000,1.32777,0
47.000,91.000,1.31696,0
49.000,91.000,1.30546,0
51.000,91.000,1.29341,0
53.000,91.000,1.28094,0
55.000,91.000,1.26816,0
57.000,91.000,1.25525,0
59.000,91.000,1.24228,0
61.000,91.000,1.22933,0
63.000,91.000,1.21666,0
65.000,91.000,1.20413,0
67.000,91.000,1.19160,0
69.000,91.000,1.17925,0
71.000,91.000,1.16718,0
73.000,91.000,1.15518,0
75.000,91.000,1.14320,0
77.000,91.000,1.13143,0
79.000,91.000,1.11989,0
81.000,91.000,1.10839,0
83.000,91.000,1.09691,0
85.000,91.000,1.08571,0
87.000,91.000,1.07474,0
89.000,91.000,1.06376,0
91.000,91.000,1.05294,0
93.000,91.000,1.04252,0
95.000,91.000,1.03221,0
97.000,91.000,1.02193,0
99.000,91.000,1.01202,0
101.000,91.000,1.00248,0
103.000,91.000,0.99296,0
105.000,91.000,0.98354,0
107.000,91.000,0.97463,0
109.000,91.000,0.96604,0
111.000,91.000,0.95742,0
113.000,91.000,0.94901,0
115.000,91.000,0.94105,0
117.000,91.000,0.93323,0
119.000,91.000,0.92542,0
121.000,91.000,0.91757,0
123.000,91.000,0.90967,0
125.000,91.000,0.90154,0
127.000,91.000,0.90059,0
129.000,91.000,0.94344,0
131.000,91.000,1.06974,0
133.000,91.000,1.13671,0
135.000,91.000,1.15150,0
137.000,91.000,1.15873,0
139.000,91.000,1.16814,0
141.000,91.000,1.18749,0
143.000,91.000,1.20828,0
145.000,91.000,1.20229,0
147.000,91.000,1.17258,0
149.000,91.000,1.12502,0
151.000,91.000,1.06531,0
153.000,91.000,1.00857,0
155.000,91.000,0.95446,0
157.000,91.000,0.90240,0
159.000,91.000,0.85596,0
161.000,91.000,0.81832,0
163.000,91.000,0.78702,0
165.000,91.000,0.75943,0
167.000,91.000,0.73396,0
169.000,91.000,0.71192,0
171.000,91.000,0.69089,0
173.000,91.000,0.66913,0
175.000,91.000,0.64550,0
177.000,91.000,0.61994,0
179.000,91.000,0.59321,0
181.000,91.000,0.56592,0
183.000,91.000,0.53937,0
185.000,91.000,0.51334,0
187.000,91.000,0.48700,0
189.000,91.000,0.45991,0
191.000,91.000,0.43123,0
193.000,91.000,0.39973,0
195.000,91.000,0.36324,0
197.000,91.000,0.31822,0
199.000,91.000,0.25494,0
201.000,91.000,0.14836,0
203.000,91.000,0.03018,0
205.000,91.000,0.00134,0
207.000,91.000,0.00002,0
209.000,91.000,0.00000,0
211.000,91.000,0.00000,0
213.000,91.000,0.00000,0
215.000,91.000,0.00000,0
217.000,91.000,0.00000,0
219.000,91.000,0.00000,0
221.000,91.000,0.00000,0
223.000,91.000,0.00000,0
225.000,91.000,0.00000,0
227.000,91.000,0.00000,0
229.000,91.000,0.00000,0
231.000,91.000,0.00000,0
233.000,91.000,0.00000,0
235.000,91.000,0.00000,0
237.000,91.000,0.00000,0
239.000,91.000,0.00000,0
241.000,91.000,0.00000,0
243.000,91.000,0.00000,0
245.000,91.000,0.00000,0
247.000,91.000,0.00000,0
249.000,91.000,0.00000,0
251.000,91.000,0.00000,0
253.000,91.000,0.00000,0
255.000,91.000,0.00000,0
257.000,91.000,0.00000,0
259.000,91.000,0.00000,0
261.000,91.000,0.00000,0
263.000,91.000,0.00000,0
265.000,91.000,0.00000,0
267.000,91.000,0.00000,0
269.000,91.000,0.00000,0
271.000,91.000,0.00000,0
273.000,91.000,0.00000,0
275.000,91.000,0.00000,0
277.000,91.000,0.00000,0
279.000,91.000,0.00000,0
281.000,91.000,0.00000,0
283.000,91.000,0.00000,0
285.000,91.000,0.00000,0
287.000,91.000,0.00000,0
289.000,91.000,0.00000,0
291.000,91.000,0.00000,0
293.000,91.000,0.00000,0
295.000,91.000,0.00000,0
297.000,91.000,0.00000,0
299.000,91.000,0.00000,0
301.000,91.000,0.00000,0
303.000,91.000,0.00000,0
305.000,91.000,0.00000,0
307.000,91.000,0.00000,0
309.000,91.000,0.00000,0
311.000,91.000,0.00000,0
313.000,91.000,0.00000,0
315.000,91.000,0.00000,0
317.000,91.000,0.00000,0
319.000,91.000,0.00000,0
321.000,91.000,0.00000,0
323.000,91.000,0.00000,0
325.000,91.000,0.00000,0
327.000,91.000,0.00000,0
329.000,91.000,0.00000,0
331.000,91.000,0.00000,0
333.000,91.000,0.00000,0
335.000,91.000,0.00000,0
337.000,91.000,0.00000,0
339.000,91.000,0.00000,0
341.000,91.000,0.00000,0
343.000,91.000,0.00000,0
345.000,91.000,0.00000,0
347.000,91.000,0.00000,0
349.000,91.000,0.00000,0
351.000,91.000,0.00000,0
353.000,91.000,0.00000,0
355.000,91.000,0.00000,0
357.000,91.000,0.00000,0
359.000,91.000,0.00000,0
361.000,91.000,0.00000,0
363.000,91.000,0.00000,0
365.000,91.000,0.00000,0
367.000,91.000,0.00000,0
369.000,91.000,0.00000,0
371.000,91.000,0.00000,0
373.000,91.000,0.00000,0
375.000,91.000,0.00000,0
377.000,91.000,0.00000,0
379.000,91.000,0.00000,0
381.000,91.000,0.00000,0
383.000,91.000,0.00000,0
385.000,91.000,0.00000,0
387.000,91.000,0.00000,0
389.000,91.000,0.00000,0
391.000,91.000,0.00000,0
393.000,91.000,0.00000,0
395.000,91.000,0.00000,0
397.000,91.000,0.00000,0
399.000,91.000,0.00000,0
401.000,91.000,0.00000,0
403.000,91.000,0.00000,0
405.000,91.000,0.00000,0
407.000,91.000,0.00000,0
409.000,91.000,0.00000,0
411.000,91.000,0.00000,0
413.000,91.000,0.00000,0
415.000,91.000,0.00000,0
417.000,91.000,0.00000,0
419.000,91.000,0.00000,0
421.000,91.000,0.00000,0
423.000,91.000,0.00000,0
425.000,91.000,0.00000,0
427.000,91.000,0.00000,0
429.000,91.000,0.00000,0
431.000,91.000,0.00000,0
433.000,91.000,0.00000,0
435.000,91.000,0.00000,0
437.000,91.000,0.00000,0
439.000,91.000,0.00000,0
441.000,91.000,0.00000,0
443.000,91.000,0.00000,0
445.000,91.000,0.00000,0
447.000,91.000,0.00000,0
449.000,91.000,0.00000,0
451.000,91.000,0.00000,0
453.000,91.000,0.00000,0
455.000,91.000,0.00000,0
457.000,91.000,0.00000,0
459.000,91.000,0.00000,0
461.000,91.000,0.00000,0
463.000,91.000,0.00000,0
465.000,91.000,0.00000,0
467.000,91.000,0.00000,0
469.000,91.000,0.00000,0
471.000,91.000,0.00000,0
473.000,91.000,0.00000,0
475.000,91.000,0.00000,0
477.000,91.000,0.00000,0
479.000,91.000,0.00000,0
481.000,91.000,0.00000,0
483.000,91.000,0.00000,0
485.000,91.000,0.00000,0
487.000,91.000,0.00000,0
489.000,91.000,0.00000,0
491.000,91.000,0.00000,0
493.000,91.000,0.00000,0
495.000,91.000,0.00000,0
497.000,91.000,0.00000,0
499.000,91.000,0.00000,0
1.000,93.000,1.39831,0
3.000,93.000,1.39065,0
5.000,93.000,1.39068,0
7.000,93.000,1.39070,0
9.000,93.000,1.39067,0
11.000,93.000,1.39058,0
13.000,93.000,1.39039,0
15.000,93.000,1.39009,0
17.000,93.000,1.38964,0
19.000,93.000,1.38900,0
21.000,93.000,1.38811,0
23.000,93.000,1.38691,0
25.000,93.000,1.38530,0
27.000,93.000,1.38320,0
29.000,93.000,1.38050,0
31.000,93.000,1.37710,0
33.000,93.000,1.37292,0
35.000,93.000,1.36785,0
37.000,93.000,1.36184,0
39.000,93.000,1.35482,0
41.000,93.000,1.34678,0
43.000,93.000,1.33774,0
45.000,93.000,1.32777,0
47.000,93.000,1.31696,0
49.000,93.000,1.30546,0
51.000,93.000,1.29341,0
53.000,93.000,1.28094,0
55.000,93.000,1.26816,0
57.000,93.000,1.25525,0
59.000,93.000,1.24228,0
61.000,93.000,1.22933,0
63.000,93.000,1.21666,0
65.000,93.000,1.20413,0
67.000,93.000,1.19160,0
69.000,93.000,1.17925,0
71.000,93.000,1.16718,0
73.000,93.000,1.15518,0
75.000,93.000,1.14320,0
77.000,93.000,1.13143,0
79.000,93.000,1.11989,0
81.000,93.000,1.10839,0
83.000,93.000,1.09691,0
85.000,93.000,1.08571,0
87.000,93.000,1.07474,0
89.000,93.000,1.06376,0
91.000,93.000,1.05294,0
93.000,93.000,1.04252,0
95.000,93.000,1.03221,0
97.000,93.000,1.02193,0
99.000,93.000,1.01202,0
101.000,93.000,1.00248,0
103.000,93.000,0.99296,0
105.000,93.000,0.98354,0
107.000,93.000,0.97463,0
109.000,93.000,0.96604,0
111.000,93.000,0.95742,0
113.000,93.000,0.94901,0
115.000,93.000,0.94105,0
117.000,93.000,0.93324,0
119.000,93.000,0.92541,0
121.000,93.000,0.91763,0
123.000,93.000,0.90975,0
125.000,93.000,0.90187,0
127.000,93.000,0.89554,0
129.000,93.000,0.90737,0
131.000,93.000,1.00095,0
133.000,93.000,1.10643,0
135.000,93.000,1.14872,0
137.000,93.000,1.17762,0
139.000,93.000,1.20867,0
141.000,93.000,1.24119,0
143.000,93.000,1.24799,0
145.000,93.000,1.23201,0
147.000,93.000,1.19456,0
149.000,93.000,1.14686,0
151.000,93.000,1.09543,0
153.000,93.000,1.04283,0
155.000,93.000,0.98921,0
157.000,93.000,0.93614,0
159.000,93.000,0.88672,0
161.000,93.000,0.84362,0
163.000,93.000,0.80625,0
165.000,93.000,0.77334,0
167.000,93.000,0.74387,0
169.000,93.000,0.71705,0
171.000,93.000,0.69347,0
173.000,93.000,0.67103,0
175.000,93.000,0.64837,0
177.000,93.000,0.62522,0
179.000,93.000,0.60096,0
181.000,93.000,0.57586,0
183.000,93.000,0.55038,0
185.000,93.000,0.52464,0
187.000,93.000,0.49844,0
189.000,93.000,0.47130,0
191.000,93.000,0.44253,0
193.000,93.000,0.41126,0
195.000,93.000,0.37576,0
197.000,93.000,0.33296,0
199.000,93.000,0.27522,0
201.000,93.000,0.18147,0
203.000,93.000,0.05214,0
205.000,93.000,0.00335,0
207.000,93.000,0.00008,0
209.000,93.000,0.00000,0
211.000,93.000,0.00000,0
213.000,93.000,0.00000,0
215.000,93.000,0.00000,0
217.000,93.000,0.00000,0
219.000,93.000,0.00000,0
221.000,93.000,0.00000,0
223.000,93.000,0.00000,0
225.000,93.000,0.00000,0
227.000,93.000,0.00000,0
229.000,93.000,0.00000,0
231.000,93.000,0.00000,0
233.000,93.000,0.00000,0
235.000,93.000,0.00000,0
237.000,93.000,0.00000,0
239.000,93.000,0.00000,0
241.000,93.000,0.00000,0
243.000,93.000,0.00000,0
245.000,93.000,0.00000,0
247.000,93.000,0.00000,0
249.000,93.000,0.00000,0
251.000,93.000,0.00000,0
253.000,93.000,0.00000,0
255.000,93.000,0.00000,0
257.000,93.000,0.00000,0
259.000,93.000,0.00000,0
261.000,93.000,0.00000,0
263.000,93.000,0.00000,0
265.000,93.000,0.00000,0
267.000,93.000,0.00000,0
269.000,93.000,0.00000,0
271.000,93.000,0.00000,0
273.000,93.000,0.00000,0
275.000,93.000,0.00000,0
277.000,93.000,0.00000,0
279.000,93.000,0.00000,0
281.000,93.000,0.00000,0
283.000,93.000,0.00000,0
285.000,93.000,0.00000,0
287.000,93.000,0.00000,0
289.000,93.000,0.00000,0
291.000,93.000,0.00000,0
293.000,93.000,0.00000,0
295.000,93.000,0.00000,0
297.000,93.000,0.00000,0
299.000,93.000,0.00000,0
301.000,93.000,0.00000,0
303.000,93.000,0.00000,0
305.000,93.000,0.00000,0
307.000,93.000,0.00000,0
309.000,93.000,0.00000,0
311.000,93.000,0.00000,0
313.000,93.000,0.00000,0
315.000,93.000,0.00000,0
317.000,93.000,0.00000,0
319.000,93.000,0.00000,0
321.000,93.000,0.00000,0
323.000,93.000,0.00000,0
325.000,93.000,0.00000,0
327.000,93.000,0.00000,0
329.000,93.000,0.00000,0
331.000,93.000,0.00000,0
333.000,93.000,0.00000,0
335.000,93.000,0.00000,0
337.000,93.000,0.00000,0
339.000,93.000,0.00000,0
341.000,93.000,0.00000,0
343.000,93.000,0.00000,0
345.000,93.000,0.00000,0
347.000,93.000,0.00000,0
349.000,93.000,0.00000,0
351.000,93.000,0.00000,0
353.000,93.000,0.00000,0
355.000,93.000,0.00000,0
357.000,93.000,0.00000,0
359.000,93.000,0.00000,0
361.000,93.000,0.00000,0
363.000,93.000,0.00000,0
365.000,93.000,0.00000,0
367.000,93.000,0.00000,0
369.000,93.000,0.00000,0
371.000,93.000,0.00000,0
373.000,93.000,0.00000,0
375.000,93.000,0.00000,0
377.000,93.000,0.00000,0
379.000,93.000,0.00000,0
381.000,93.000,0.00000,0
383.000,93.000,0.00000,0
385.000,93.000,0.00000,0
387.000,93.000,0.00000,0
389.000,93.000,0.00000,0
391.000,93.000,0.00000,0
393.000,93.000,0.00000,0
395.000,93.000,0.00000,0
397.000,93.000,0.00000,0
399.000,93.000,0.00000,0
401.000,93.000,0.00000,0
403.000,93.000,0.00000,0
405.000,93.000,0.00000,0
407.000,93.000,0.00000,0
409.000,93.000,0.00000,0
411.000,93.000,0.00000,0
413.000,93.000,0.00000,0
415.000,93.000,0.00000,0
417.000,93.000,0.00000,0
419.000,93.000,0.00000,0
421.000,93.000,0.00000,0
423.000,93.000,0.00000,0
425.000,93.000,0.00000,0
427.000,93.000,0.00000,0
429.000,93.000,0.00000,0
431.000,93.000,0.00000,0
433.000,93.000,0.00000,0
435.000,93.000,0.00000,0
437.000,93.000,0.00000,0
439.000,93.000,0.00000,0
441.000,93.000,0.00000,0
443.000,93.000,0.00000,0
445.000,93.000,0.00000,0
447.000,93.000,0.00000,0
449.000,93.000,0.00000,0
451.000,93.000,0.00000,0
453.000,93.000,0.00000,0
455.000,93.000,0.00000,0
457.000,93.000,0.00000,0
459.000,93.000,0.00000,0
461.000,93.000,0.00000,0
463.000,93.000,0.00000,0
465.000,93.000,0.00000,0
467.000,93.000,0.00000,0
469.000,93.000,0.00000,0
471.000,93.000,0.00000,0
473.000,93.000,0.00000,0
475.000,93.000,0.00000,0
477.000,93.000,0.00000,0
479.000,93.000,0.00000,0
481.000,93.000,0.00000,0
483.000,93.000,0.00000,0
485.000,93.000,0.00000,0
487.000,93.000,0.00000,0
489.000,93.000,0.00000,0
491.000,93.000,0.00000,0
493.000,93.000,0.00000,0
495.000,93.000,0.00000,0
497.000,93.000,0.00000,0
499.000,93.000,0.00000,0
1.000,95.000,1.39831,0
3.000,95.000,1.39065,0
5.000,95.000,1.39068,0
7.000,95.000,1.39070,0
9.000,95.000,1.39067,0
11.000,95.000,1.39058,0
13.000,95.000,1.39039,0
15.000,95.000,1.39009,0
17.000,95.000,1.38964,0
19.000,95.000,1.38900,0
21.000,95.000,1.38811,0
23.000,95.000,1.38691,0
25.000,95.000,1.38530,0
27.000,95.000,1.38320,0
29.000,95.000,1.38050,0
31.000,95.000,1.37710,0
33.000,95.000,1.37292,0
35.000,95.000,1.36785,0
37.000,95.000,1.36184,0
39.000,95.000,1.35482,0
41.000,95.000,1.34678,0
43.000,95.000,1.33774,0
45.000,95.000,1.32777,0
47.000,95.000,1.31696,0
49.000,95.000,1.30546,0
51.000,95.000,1.29341,0
53.000,95.000,1.28094,0
55.000,95.000,1.26816,0
57.000,95.000,1.25525,0
59.000,95.000,1.24228,0
61.000,95.000,1.22933,0
63.000,95.000,1.21666,0
65.000,95.000,1.20413,0
67.000,95.000,1.19160,0
69.000,95.000,1.17925,0
71.000,95.000,1.16718,0
73.000,95.000,1.15518,0
75.000,95.000,1.14320,0
77.000,95.000,1.13143,0
79.000,95.000,1.11989,0
81.000,95.000,1.10839,0
83.000,95.000,1.09691,0
85.000,95.000,1.08571,0
87.000,95.000,1.07474,0
89.000,95.000,1.06376,0
91.000,95.000,1.05294,0
93.000,95.000,1.04252,0
95.000,95.000,1.03221,0
97.000,95.000,1.02193,0
99.000,95.000,1.01202,0
101.000,95.000,1.00248,0
103.000,95.000,0.99296,0
105.000,95.000,0.98354,0
107.000,95.000,0.97463,0
109.000,95.000,0.96604,0
111.000,95.000,0.95742,0
113.000,95.000,0.94902,0
115.000,95.000,0.94105,0
117.000,95.000,0.93324,0
119.000,95.000,0.92540,0
121.000,95.000,0.91766,0
123.000,95.000,0.90990,0
125.000,95.000,0.90203,0
127.000,95.000,0.89390,0
129.000,95.000,0.89322,0
131.000,95.000,0.93104,0
133.000,95.000,1.05546,0
135.000,95.000,1.15470,0
137.000,95.000,1.22193,0
139.000,95.000,1.26013,0
141.000,95.000,1.27268,0
143.000,95.000,1.26035,0
145.000,95.000,1.23189,0
147.000,95.000,1.19563,0
149.000,95.000,1.15279,0
151.000,95.000,1.10765,0
153.000,95.000,1.06045,0
155.000,95.000,1.01092,0
157.000,95.000,0.96057,0
159.000,95.000,0.91100,0
161.000,95.000,0.86497,0
163.000,95.000,0.82366,0
165.000,95.000,0.78640,0
167.000,95.000,0.75305,0
169.000,95.000,0.72277,0
171.000,95.000,0.69553,0
173.000,95.000,0.67139,0
175.000,95.000,0.64859,0
177.000,95.000,0.62627,0
179.000,95.000,0.60362,0
181.000,95.000,0.58038,0
183.000,95.000,0.55650,0
185.000,95.000,0.53189,0
187.000,95.000,0.50634,0
189.000,95.000,0.47947,0
191.000,95.000,0.45086,0
193.000,95.000,0.41987,0
195.000,95.000,0.38515,0
197.000,95.000,0.34373,0
199.000,95.000,0.28947,0
201.000,95.000,0.20451,0
203.000,95.000,0.07396,0
205.000,95.000,0.00667,0
207.000,95.000,0.00027,0
209.000,95.000,0.00000,0
211.000,95.000,0.00000,0
213.000,95.000,0.00000,0
215.000,95.000,0.00000,0
217.000,95.000,0.00000,0
219.000,95.000,0.00000,0
221.000,95.000,0.00000,0
223.000,95.000,0.00000,0
225.000,95.000,0.00000,0
227.000,95.000,0.00000,0
229.000,95.000,0.00000,0
231.000,95.000,0.00000,0
233.000,95.000,0.00000,0
235.000,95.000,0.00000,0
237.000,95.000,0.00000,0
239.000,95.000,0.00000,0
241.000,95.000,0.00000,0
243.000,95.000,0.00000,0
245.000,95.000,0.00000,0
247.000,95.000,0.00000,0
249.000,95.000,0.00000,0
251.000,95.000,0.00000,0
253.000,95.000,0.00000,0
255.000,95.000,0.00000,0
257.000,95.000,0.00000,0
259.000,95.000,0.00000,0
261.000,95.000,0.00000,0
263.000,95.000,0.00000,0
265.000,95.000,0.00000,0
267.000,95.000,0.00000,0
269.000,95.000,0.00000,0
271.000,95.000,0.00000,0
273.000,95.000,0.00000,0
275.000,95.000,0.00000,0
277.000,95.000,0.00000,0
279.000,95.000,0.00000,0
281.000,95.000,0.00000,0
283.000,95.000,0.00000,0
285.000,95.000,0.00000,0
287.000,95.000,0.00000,0
289.000,95.000,0.00000,0
291.000,95.000,0.00000,0
293.000,95.000,0.00000,0
295.000,95.000,0.00000,0
297.000,95.000,0.00000,0
299.000,95.000,0.00000,0
301.000,95.000,0.00000,0
303.000,95.000,0.00000,0
305.000,95.000,0.00000,0
307.000,95.000,0.00000,0
309.000,95.000,0.00000,0
311.000,95.000,0.00000,0
313.000,95.000,0.00000,0
315.000,95.000,0.00000,0
317.000,95.000,0.00000,0
319.000,95.000,0.00000,0
321.000,95.000,0.00000,0
323.000,95.000,0.00000,0
325.000,95.000,0.00000,0
327.000,95.000,0.00000,0
329.000,95.000,0.00000,0
331.000,95.000,0.00000,0
333.000,95.000,0.00000,0
335.000,95.000,0.00000,0
337.000,95.000,0.00000,0
339.000,95.000,0.00000,0
341.000,95.000,0.00000,0
343.000,95.000,0.00000,0
345.000,95.000,0.00000,0
347.000,95.000,0.00000,0
349.000,95.000,0.00000,0
351.000,95.000,0.00000,0
353.000,95.000,0.00000,0
355.000,95.000,0.00000,0
357.000,95.000,0.00000,0
359.000,95.000,0.00000,0
361.000,95.000,0.00000,0
363.000,95.000,0.00000,0
365.000,95.000,0.00000,0
367.000,95.000,0.00000,0
369.000,95.000,0.00000,0
371.000,95.000,0.00000,0
373.000,95.000,0.00000,0
375.000,95.000,0.00000,0
377.000,95.000,0.00000,0
379.000,95.000,0.00000,0
381.000,95.000,0.00000,0
383.000,95.000,0.00000,0
385.000,95.000,0.00000,0
387.000,95.000,0.00000,0
389.000,95.000,0.00000,0
391.000,95.000,0.00000,0
393.000,95.000,0.00000,0
395.000,95.000,0.00000,0
397.000,95.000,0.00000,0
399.000,95.000,0.00000,0
401.000,95.000,0.00000,0
403.000,95.000,0.00000,0
405.000,95.000,0.00000,0
407.000,95.000,0.00000,0
409.000,95.000,0.00000,0
411.000,95.000,0.00000,0
413.000,95.000,0.00000,0
415.000,95.000,0.00000,0
417.000,95.000,0.00000,0
419.000,95.000,0.00000,0
421.000,95.000,0.00000,0
423.000,95.000,0.00000,0
425.000,95.000,0.00000,0
427.000,95.000,0.00000,0
429.000,95.000,0.00000,0
431.000,95.000,0.00000,0
433.000,95.000,0.00000,0
435.000,95.000,0.00000,0
437.000,95.000,0.00000,0
439.000,95.000,0.00000,0
441.000,95.000,0.00000,0
443.000,95.000,0.00000,0
445.000,95.000,0.00000,0
447.000,95.000,0.00000,0
449.000,95.000,0.00000,0
451.000,95.000,0.00000,0
453.000,95.000,0.00000,0
455.000,95.000,0.00000,0
457.000,95.000,0.00000,0
459.000,95.000,0.00000,0
461.000,95.000,0.00000,0
463.000,95.000,0.00000,0
465.000,95.000,0.00000,0
467.000,95.000,0.00000,0
469.000,95.000,0.00000,0
471.000,95.000,0.00000,0
473.000,95.000,0.00000,0
475.000,95.000,0.00000,0
477.000,95.000,0.00000,0
479.000,95.000,0.00000,0
481.000,95.000,0.00000,0
483.000,95.000,0.00000,0
485.000,95.000,0.00000,0
487.000,95.000,0.00000,0
489.000,95.000,0.00000,0
491.000,95.000,0.00000,0
493.000,95.000,0.00000,0
495.000,95.000,0.00000,0
497.000,95.000,0.00000,0
499.000,95.000,0.00000,0
1.000,97.000,1.39831,0
3.000,97.000,1.39065,0
5.000,97.000,1.39068,0
7.000,97.000,1.39070,0
9.000,97.000,1.39067,0
11.000,97.000,1.39058,0
13.000,97.000,1.39039,0
15.000,97.000,1.39009,0
17.000,97.000,1.38964,0
19.000,97.000,1.38900,0
21.000,97.000,1.38811,0
23.000,97.000,1.38691,0
25.000,97.000,1.38530,0
27.000,97.000,1.38320,0
29.000,97.000,1.38050,0
31.000,97.000,1.37710,0
33.000,97.000,1.37292,0
35.000,97.000,1.36785,0
37.000,97.000,1.36184,0
39.000,97.000,1.35482,0
41.000,97.000,1.34678,0
43.000,97.000,1.33774,0
45.000,97.000,1.32777,0
47.000,97.000,1.31696,0
49.000,97.000,1.30546,0
51.000,97.000,1.29341,0
53.000,97.000,1.28094,0
55.000,97.000,1.26816,0
57.000,97.000,1.25525,0
59.000,97.000,1.24228,0
61.000,97.000,1.22933,0
63.000,97.000,1.21666,0
65.000,97.000,1.20413,0
67.000,97.000,1.19160,0
69.000,97.000,1.17925,0
71.000,97.000,1.16718,0
73.000,97.000,1.15518,0
75.000,97.000,1.14320,0
77.000,97.000,1.13143,0
79.000,97.000,1.11989,0
81.000,97.000,1.10839,0
83.000,97.000,1.09691,0
85.000,97.000,1.08571,0
87.000,97.000,1.07474,0
89.000,97.000,1.06376,0
91.000,97.000,1.05294,0
93.000,97.000,1.04252,0
95.000,97.000,1.03221,0
97.000,97.000,1.02193,0
99.000,97.000,1.01202,0
101.000,97.000,1.00248,0
103.000,97.000,0.99296,0
105.000,97.000,0.98354,0
107.000,97.000,0.97463,0
109.000,97.000,0.96604,0
111.000,97.000,0.95742,0
113.000,97.000,0.94902,0
115.000,97.000,0.94105,0
117.000,97.000,0.93324,0
119.000,97.000,0.92539,0
121.000,97.000,0.91766,0
123.000,97.000,0.90997,0
125.000,97.000,0.90215,0
127.000,97.000,0.89420,0
129.000,97.000,0.88745,0
131.000,97.000,0.89744,0
133.000,97.000,0.99009,0
135.000,97.000,1.16370,0
137.000,97.000,1.26835,0
139.000,97.000,1.30692,0
141.000,97.000,1.29911,0
143.000,97.000,1.26711,0
145.000,97.000,1.23143,0
147.000,97.000,1.19621,0
149.000,97.000,1.15629,0
151.000,97.000,1.11350,0
153.000,97.000,1.06874,0
155.000,97.000,1.02190,0
157.000,97.000,0.97351,0
159.000,97.000,0.92558,0
161.000,97.000,0.87761,0
163.000,97.000,0.83401,0
165.000,97.000,0.79395,0
167.000,97.000,0.75884,0
169.000,97.000,0.72674,0
171.000,97.000,0.69745,0
173.000,97.000,0.67153,0
175.000,97.000,0.64808,0
177.000,97.000,0.62589,0
179.000,97.000,0.60377,0
181.000,97.000,0.58136,0
183.000,97.000,0.55837,0
185.000,97.000,0.53453,0
187.000,97.000,0.50947,0
189.000,97.000,0.48291,0
191.000,97.000,0.45454,0
193.000,97.000,0.42385,0
195.000,97.000,0.38972,0
197.000,97.000,0.34947,0
199.000,97.000,0.29789,0
201.000,97.000,0.21944,0
203.000,97.000,0.09215,0
205.000,97.000,0.01059,0
207.000,97.000,0.00043,0
209.000,97.000,0.00000,0
211.000,97.000,0.00000,0
213.000,97.000,0.00000,0
215.000,97.000,0.00000,0
217.000,97.000,0.00000,0
219.000,97.000,0.00000,0
221.000,97.000,0.00000,0
223.000,97.000,0.00000,0
225.000,97.000,0.00000,0
227.000,97.000,0.00000,0
229.000,97.000,0.00000,0
231.000,97.000,0.00000,0
233.000,97.000,0.00000,0
235.000,97.000,0.00000,0
237.000,97.000,0.00000,0
239.000,97.000,0.00000,0
241.000,97.000,0.00000,0
243.000,97.000,0.00000,0
245.000,97.000,0.00000,0
247.000,97.000,0.00000,0
249.000,97.000,0.00000,0
251.000,97.000,0.00000,0
253.000,97.000,0.00000,0
255.000,97.000,0.00000,0
257.000,97.000,0.00000,0
259.000,97.000,0.00000,0
261.000,97.000,0.00000,0
263.000,97.000,0.00000,0
265.000,97.000,0.00000,0
267.000,97.000,0.00000,0
269.000,97.000,0.00000,0
271.000,97.000,0.00000,0
273.000,97.000,0.00000,0
275.000,97.000,0.00000,0
277.000,97.000,0.00000,0
279.000,97.000,0.00000,0
281.000,97.000,0.00000,0
283.000,97.000,0.00000,0
285.000,97.000,0.00000,0
287.000,97.000,0.00000,0
289.000,97.000,0.00000,0
291.000,97.000,0.00000,0
293.000,97.000,0.00000,0
295.000,97.000,0.00000,0
297.000,97.000,0.00000,0
299.000,97.000,0.00000,0
301.000,97.000,0.00000,0
303.000,97.000,0.00000,0
305.000,97.000,0.00000,0
307.000,97.000,0.00000,0
309.000,97.000,0.00000,0
311.000,97.000,0.00000,0
313.000,97.000,0.00000,0
315.000,97.000,0.00000,0
317.000,97.000,0.00000,0
319.000,97.000,0.00000,0
321.000,97.000,0.00000,0
323.000,97.000,0.00000,0
325.000,97.000,0.00000,0
327.000,97.000,0.00000,0
329.000,97.000,0.00000,0
331.000,97.000,0.00000,0
333.000,97.000,0.00000,0
335.000,97.000,0.00000,0
337.000,97.000,0.00000,0
339.000,97.000,0.00000,0
341.000,97.000,0.00000,0
343.000,97.000,0.00000,0
345.000,97.000,0.00000,0
347.000,97.000,0.00000,0
349.000,97.000,0.00000,0
351.000,97.000,0.00000,0
353.000,97.000,0.00000,0
355.000,97.000,0.00000,0
357.000,97.000,0.00000,0
359.000,97.000,0.00000,0
361.000,97.000,0.00000,0
363.000,97.000,0.00000,0
365.000,97.000,0.00000,0
367.000,97.000,0.00000,0
369.000,97.000,0.00000,0
371.000,97.000,0.00000,0
373.000,97.000,0.00000,0
375.000,97.000,0.00000,0
377.000,97.000,0.00000,0
379.000,97.000,0.00000,0
381.000,97.000,0.00000,0
383.000,97.000,0.00000,0
385.000,97.000,0.00000,0
387.000,97.000,0.00000,0
389.000,97.000,0.00000,0
391.000,97.000,0.00000,0
393.000,97.000,0.00000,0
395.000,97.000,0.00000,0
397.000,97.000,0.00000,0
399.000,97.000,0.00000,0
401.000,97.000,0.00000,0
403.000,97.000,0.00000,0
405.000,97.000,0.00000,0
407.000,97.000,0.00000,0
409.000,97.000,0.00000,0
411.000,97.000,0.00000,0
413.000,97.000,0.00000,0
415.000,97.000,0.00000,0
417.000,97.000,0.00000,0
419.000,97.000,0.00000,0
421.000,97.000,0.00000,0
423.000,97.000,0.00000,0
425.000,97.000,0.00000,0
427.000,97.000,0.00000,0
429.000,97.000,0.00000,0
431.000,97.000,0.00000,0
433.000,97.000,0.00000,0
435.000,97.000,0.00000,0
437.000,97.000,0.00000,0
439.000,97.000,0.00000,0
441.000,97.000,0.00000,0
443.000,97.000,0.00000,0
445.000,97.000,0.00000,0
447.000,97.000,0.00000,0
449.000,97.000,0.00000,0
451.000,97.000,0.00000,0
453.000,97.000,0.00000,0
455.000,97.000,0.00000,0
457.000,97.000,0.00000,0
459.000,97.000,0.00000,0
461.000,97.000,0.00000,0
463.000,97.000,0.00000,0
465.000,97.000,0.00000,0
467.000,97.000,0.00000,0
469.000,97.000,0.00000,0
471.000,97.000,0.00000,0
473.000,97.000,0.00000,0
475.000,97.000,0.00000,0
477.000,97.000,0.00000,0
479.000,97.000,0.00000,0
481.000,97.000,0.00000,0
483.000,97.000,0.00000,0
485.000,97.000,0.00000,0
487.000,97.000,0.00000,0
489.000,97.000,0.00000,0
491.000,97.000,0.00000,0
493.000,97.000,0.00000,0
495.000,97.000,0.00000,0
497.000,97.000,0.00000,0
499.000,97.000,0.00000,0
1.000,99.000,1.39831,0
3.000,99.000,1.39065,0
5.000,99.000,1.39068,0
7.000,99.000,1.39070,0
9.000,99.000,1.39067,0
11.000,99.000,1.39058,0
13.000,99.000,1.39039,0
15.000,99.000,1.39009,0
17.000,99.000,1.38964,0
19.000,99.000,1.38900,0
21.000,99.000,1.38811,0
23.000,99.000,1.38691,0
25.000,99.000,1.38530,0
27.000,99.000,1.38320,0
29.000,99.000,1.38050,0
31.000,99.000,1.37710,0
33.000,99.000,1.37292,0
35.000,99.000,1.36785,0
37.000,99.000,1.36184,0
39.000,99.000,1.35482,0
41.000,99.000,1.34678,0
43.000,99.000,1.33774,0
45.000,99.000,1.32777,0
47.000,99.000,1.31696,0
49.000,99.000,1.30546,0
51.000,99.000,1.29341,0
53.000,99.000,1.28094,0
55.000,99.000,1.26816,0
57.000,99.000,1.25525,0
59.000,99.000,1.24228,0
61.000,99.000,1.22933,0
63.000,99.000,1.21666,0
65.000,99.000,1.20413,0
67.000,99.000,1.19160,0
69.000,99.000,1.17925,0
71.000,99.000,1.16718,0
73.000,99.000,1.15518,0
75.000,99.000,1.14320,0
77.000,99.000,1.13143,0
79.000,99.000,1.11989,0
81.000,99.000,1.10839,0
83.000,99.000,1.09691,0
85.000,99.000,1.08571,0
87.000,99.000,1.07474,0
89.000,99.000,1.06376,0
91.000,99.000,1.05294,0
93.000,99.000,1.04252,0
95.000,99.000,1.03221,0
97.000,99.000,1.02193,0
99.000,99.000,1.01202,0
101.000,99.000,1.00248,0
103.000,99.000,0.99296,0
105.000,99.000,0.98354,0
107.000,99.000,0.97463,0
109.000,99.000,0.96604,0
111.000,99.000,0.95742,0
113.000,99.000,0.94902,0
115.000,99.000,0.94105,0
117.000,99.000,0.93324,0
119.000,99.000,0.92539,0
121.000,99.000,0.91765,0
123.000,99.000,0.91001,0
125.000,99.000,0.90229,0
127.000,99.000,0.89428,0
129.000,99.000,0.88598,0
131.000,99.000,0.88467,0
133.000,99.000,0.93623,0
135.000,99.000,1.15834,0
137.000,99.000,1.29835,0
139.000,99.000,1.32972,0
141.000,99.000,1.30356,0
143.000,99.000,1.26074,0
145.000,99.000,1.22577,0
147.000,99.000,1.19059,0
149.000,99.000,1.15266,0
151.000,99.000,1.11217,0
153.000,99.000,1.06971,0
155.000,99.000,1.02556,0
157.000,99.000,0.97962,0
159.000,99.000,0.93284,0
161.000,99.000,0.88787,0
163.000,99.000,0.84371,0
165.000,99.000,0.80273,0
167.000,99.000,0.76679,0
169.000,99.000,0.73463,0
171.000,99.000,0.70469,0
173.000,99.000,0.67743,0
175.000,99.000,0.65334,0
177.000,99.000,0.63100,0
179.000,99.000,0.60929,0
181.000,99.000,0.58751,0
183.000,99.000,0.56515,0
185.000,99.000,0.54177,0
187.000,99.000,0.51693,0
189.000,99.000,0.49039,0
191.000,99.000,0.46187,0
193.000,99.000,0.43092,0
195.000,99.000,0.39645,0
197.000,99.000,0.35629,0
199.000,99.000,0.30576,0
201.000,99.000,0.23116,0
203.000,99.000,0.10753,0
205.000,99.000,0.01487,0
207.000,99.000,0.00051,0
209.000,99.000,0.00000,0
211.000,99.000,0.00000,0
213.000,99.000,0.00000,0
215.000,99.000,0.00000,0
217.000,99.000,0.00000,0
219.000,99.000,0.00000,0
221.000,99.000,0.00000,0
223.000,99.000,0.00000,0
225.000,99.000,0.00000,0
227.000,99.000,0.00000,0
229.000,99.000,0.00000,0
231.000,99.000,0.00000,0
233.000,99.000,0.00000,0
235.000,99.000,0.00000,0
237.000,99.000,0.00000,0
239.000,99.000,0.00000,0
241.000,99.000,0.00000,0
243.000,99.000,0.00000,0
245.000,99.000,0.00000,0
247.000,99.000,0.00000,0
249.000,99.000,0.00000,0
251.000,99.000,0.00000,0
253.000,99.000,0.00000,0
255.000,99.000,0.00000,0
257.000,99.000,0.00000,0
259.000,99.000,0.00000,0
261.000,99.000,0.00000,0
263.000,99.000,0.00000,0
265.000,99.000,0.00000,0
267.000,99.000,0.00000,0
269.000,99.000,0.00000,0
271.000,99.000,0.00000,0
273.000,99.000,0.00000,0
275.000,99.000,0.00000,0
277.000,99.000,0.00000,0
279.000,99.000,0.00000,0
281.000,99.000,0.00000,0
283.000,99.000,0.00000,0
285.000,99.000,0.00000,0
287.000,99.000,0.00000,0
289.000,99.000,0.00000,0
291.000,99.000,0.00000,0
293.000,99.000,0.00000,0
295.000,99.000,0.00000,0
297.000,99.000,0.00000,0
299.000,99.000,0.00000,0
301.000,99.000,0.00000,0
303.000,99.000,0.00000,0
305.000,99.000,0.00000,0
307.000,99.000,0.00000,0
309.000,99.000,0.00000,0
311.000,99.000,0.00000,0
313.000,99.000,0.00000,0
315.000,99.000,0.00000,0
317.000,99.000,0.00000,0
319.000,99.000,0.00000,0
321.000,99.000,0.00000,0
323.000,99.000,0.00000,0
325.000,99.000,0.00000,0
327.000,99.000,0.00000,0
329.000,99.000,0.00000,0
331.000,99.000,0.00000,0
333.000,99.000,0.00000,0
335.000,99.000,0.00000,0
337.000,99.000,0.00000,0
339.000,99.000,0.00000,0
341.000,99.000,0.00000,0
343.000,99.000,0.00000,0
345.000,99.000,0.00000,0
347.000,99.000,0.00000,0
349.000,99.000,0.00000,0
351.000,99.000,0.00000,0
353.000,99.000,0.00000,0
355.000,99.000,0.00000,0
357.000,99.000,0.00000,0
359.000,99.000,0.00000,0
361.000,99.000,0.00000,0
363.000,99.000,0.00000,0
365.000,99.000,0.00000,0
367.000,99.000,0.00000,0
369.000,99.000,0.00000,0
371.000,99.000,0.00000,0
373.000,99.000,0.00000,0
375.000,99.000,0.00000,0
377.000,99.000,0.00000,0
379.000,99.000,0.00000,0
381.000,99.000,0.00000,0
383.000,99.000,0.00000,0
385.000,99.000,0.00000,0
387.000,99.000,0.00000,0
389.000,99.000,0.00000,0
391.000,99.000,0.00000,0
393.000,99.000,0.00000,0
395.000,99.000,0.00000,0
397.000,99.000,0.00000,0
399.000,99.000,0.00000,0
401.000,99.000,0.00000,0
403.000,99.000,0.00000,0
405.000,99.000,0.00000,0
407.000,99.000,0.00000,0
409.000,99.000,0.00000,0
411.000,99.000,0.00000,0
413.000,99.000,0.00000,0
415.000,99.000,0.00000,0
417.000,99.000,0.00000,0
419.000,99.000,0.00000,0
421.000,99.000,0.00000,0
423.000,99.000,0.00000,0
425.000,99.000,0.00000,0
427.000,99.000,0.00000,0
429.000,99.000,0.00000,0
431.000,99.000,0.00000,0
433.000,99.000,0.00000,0
435.000,99.000,0.00000,0
437.000,99.000,0.00000,0
439.000,99.000,0.00000,0
441.000,99.000,0.00000,0
443.000,99.000,0.00000,0
445.000,99.000,0.00000,0
447.000,99.000,0.00000,0
449.000,99.000,0.00000,0
451.000,99.000,0.00000,0
453.000,99.000,0.00000,0
455.000,99.000,0.00000,0
457.000,99.000,0.00000,0
459.000,99.000,0.00000,0
461.000,99.000,0.00000,0
463.000,99.000,0.00000,0
465.000,99.000,0.00000,0
467.000,99.000,0.00000,0
469.000,99.000,0.00000,0
471.000,99.000,0.00000,0
473.000,99.000,0.00000,0
475.000,99.000,0.00000,0
477.000,99.000,0.00000,0
479.000,99.000,0.00000,0
481.000,99.000,0.00000,0
483.000,99.000,0.00000,0
485.000,99.000,0.00000,0
487.000,99.000,0.00000,0
489.000,99.000,0.00000,0
491.000,99.000,0.00000,0
493.000,99.000,0.00000,0
495.000,99.000,0.00000,0
497.000,99.000,0.00000,0
499.000,99.000,0.00000,0
